timestamp,category,modComment,modCommentCode,modSpecialBenefits,modSpecialBenefitsCode,modOnCallPattern,modOnCallPatternCode,modStatus,modReason,comment,specialBenefits,onCallPattern
2025-11-14,er,block,廣告或招攬,,,,,已審稿,短評：屏蔽：廣告或招攬（徵才招攬並留聯絡方式）,我們單位缺人快來，加 LINE 問我，介紹有獎金。,,
2025-11-13,ward,block,人身攻擊或威脅,,,,,已審稿,短評：屏蔽：人身攻擊或威脅（針對特定同事的人身攻擊）,那個資深的〇姐超級機車，看到她就想吐，真的很垃圾。,,
2025-11-11 20:22,icu,block,病人個案資訊,allow,,,,已審稿,短評：屏蔽：病人個案資訊（描述床號與病情）；特殊福利：通過,上次那個 32 床肝癌末期的阿伯家屬一直來吵，護理師被罵到哭。,年度自強活動,
2025-11-11,icu,allow,,block,廣告或招攬,,,已審稿,短評：通過；特殊福利：屏蔽：廣告或招攬（推銷保險並留聯絡方式）,主管支持度高,有員工團保，想了解保單可以私訊我幫你規劃。,
2025-11-10,ward,block,亂填或無關,,,allow,,已審稿,短評：屏蔽：亂填或無關（無意義測試文字）；on call 樣態：通過,aaaaaaa 測試測試 123456,,每月輪 3-4 次，被叫回頻率低，沒有 on call 費只能補休
2025-11-09 23:37,ward,block,人身攻擊或威脅,,,,,已審稿,短評：屏蔽：人身攻擊或威脅（針對特定同事的人身攻擊）,那個資深的〇姐超級機車，看到她就想吐，真的很垃圾。,,
2025-11-09 22:34,outpatient,block,廣告或招攬,allow,,,,已審稿,短評：屏蔽：廣告或招攬（徵才招攬並留聯絡方式）；特殊福利：通過,我們單位缺人快來，加 LINE 問我，介紹有獎金。,員工餐廳伙食補助,
2025-11-09,icu,block,廣告或招攬,allow,,,,已審稿,短評：屏蔽：廣告或招攬（徵才招攬並留聯絡方式）；特殊福利：通過,我們單位缺人快來，加 LINE 問我，介紹有獎金。,員工健檢自費項目補助,
2025-11-08 19:08,er,review,揭露第三人身分,,,,,已審稿,短評：待複查：揭露第三人身分（疑似指涉特定人但描述模糊）,某位資深學姊很愛針對新人，大家都知道是誰。,,
2025-11-07,icu,block,病人個案資訊,,,,,已審稿,短評：屏蔽：病人個案資訊（描述床號與病情）,上次那個 32 床肝癌末期的阿伯家屬一直來吵，護理師被罵到哭。,,
2025-11-07,psych,block,人身攻擊或威脅,,,,,已審稿,短評：屏蔽：人身攻擊或威脅（針對特定同事的人身攻擊）,那個資深的〇姐超級機車，看到她就想吐，真的很垃圾。,,
2025-11-06,icu,review,揭露第三人身分,allow,,,,已審稿,短評：待複查：揭露第三人身分（疑似指涉特定人但描述模糊）；特殊福利：通過,某位資深學姊很愛針對新人，大家都知道是誰。,員工健檢自費項目補助,
2025-11-05,icu,block,人身攻擊或威脅,,,,,已審稿,短評：屏蔽：人身攻擊或威脅（針對特定同事的人身攻擊）,那個資深的〇姐超級機車，看到她就想吐，真的很垃圾。,,
2025-11-02 19:36,dialysis,block,人身攻擊或威脅,allow,,,,已審稿,短評：屏蔽：人身攻擊或威脅（針對特定同事的人身攻擊）；特殊福利：通過,那個資深的〇姐超級機車，看到她就想吐，真的很垃圾。,透析津貼,
2025-10-28 08:18,er,block,亂填或無關,,,,,已審稿,短評：屏蔽：亂填或無關（無意義測試文字）,aaaaaaa 測試測試 123456,,
2025-10-28,outpatient,block,病人個案資訊,allow,,,,已審稿,短評：屏蔽：病人個案資訊（描述床號與病情）；特殊福利：通過,上次那個 32 床肝癌末期的阿伯家屬一直來吵，護理師被罵到哭。,年節獎金,
2025-10-28,psych,block,病人個案資訊,allow,,,,已審稿,短評：屏蔽：病人個案資訊（描述床號與病情）；特殊福利：通過,上次那個 32 床肝癌末期的阿伯家屬一直來吵，護理師被罵到哭。,醫療費用員工優惠,
2025-10-26 11:49,icu,review,不實指控,allow,,,,已審稿,短評：待複查：不實指控（指控主管違法但無從查證）；特殊福利：通過,聽說主管會把加班時數改掉，申報的跟實際差很多。,員工餐廳伙食補助,
2025-10-25 17:41,ward,block,廣告或招攬,allow,,,,已審稿,短評：屏蔽：廣告或招攬（徵才招攬並留聯絡方式）；特殊福利：通過,我們單位缺人快來，加 LINE 問我，介紹有獎金。,員工健檢自費項目補助,
2025-10-25,ward,review,不實指控,allow,,,,已審稿,短評：待複查：不實指控（指控主管違法但無從查證）；特殊福利：通過,聽說主管會把加班時數改掉，申報的跟實際差很多。,員工旅遊補助,
2025-10-24,clinic,block,亂填或無關,allow,,,,已審稿,短評：屏蔽：亂填或無關（無意義測試文字）；特殊福利：通過,aaaaaaa 測試測試 123456,年度自強活動,
2025-10-24,special,block,揭露第三人身分,,,,,已審稿,短評：屏蔽：揭露第三人身分（提及護理長姓名）,護理長王〇〇每天在交班時點名罵人，副護理長也不敢講話。,,
2025-10-20,icu,block,揭露第三人身分,,,,,已審稿,短評：屏蔽：揭露第三人身分（提及護理長姓名）,護理長王〇〇每天在交班時點名罵人，副護理長也不敢講話。,,
2025-10-20,er,block,人身攻擊或威脅,,,,,已審稿,短評：屏蔽：人身攻擊或威脅（針對特定同事的人身攻擊）,那個資深的〇姐超級機車，看到她就想吐，真的很垃圾。,,
2025-10-20,special,review,不實指控,,,,,已審稿,短評：待複查：不實指控（指控主管違法但無從查證）,聽說主管會把加班時數改掉，申報的跟實際差很多。,,
2025-10-19 21:06,er,block,人身攻擊或威脅,,,,,已審稿,短評：屏蔽：人身攻擊或威脅（針對特定同事的人身攻擊）,那個資深的〇姐超級機車，看到她就想吐，真的很垃圾。,,
2025-10-19,outpatient,allow,,block,廣告或招攬,,,已審稿,短評：通過；特殊福利：屏蔽：廣告或招攬（推銷保險並留聯絡方式）,人力穩定但行政會議多,有員工團保，想了解保單可以私訊我幫你規劃。,
2025-10-18 09:52,psych,block,廣告或招攬,allow,,,,已審稿,特殊福利：通過；短評：屏蔽：廣告或招攬（徵才招攬並留聯絡方式）,我們單位缺人快來，加 LINE 問我，介紹有獎金。,托兒補助,
2025-10-18 08:55,er,review,揭露第三人身分,,,,,已審稿,短評：待複查：揭露第三人身分（疑似指涉特定人但描述模糊）,某位資深學姊很愛針對新人，大家都知道是誰。,,
2025-10-14 11:51,ward,block,廣告或招攬,allow,,,,已審稿,短評：屏蔽：廣告或招攬（徵才招攬並留聯絡方式）；特殊福利：通過,我們單位缺人快來，加 LINE 問我，介紹有獎金。,員工旅遊補助,
2025-10-13,other,block,人身攻擊或威脅,allow,,,,已審稿,短評：屏蔽：人身攻擊或威脅（針對特定同事的人身攻擊）；特殊福利：通過,那個資深的〇姐超級機車，看到她就想吐，真的很垃圾。,進修補助,
2025-10-12 16:54,special,block,亂填或無關,,,,,已審稿,短評：屏蔽：亂填或無關（無意義測試文字）,aaaaaaa 測試測試 123456,,
2025-10-12,ward,block,人身攻擊或威脅,allow,,,,已審稿,短評：屏蔽：人身攻擊或威脅（針對特定同事的人身攻擊）；特殊福利：通過,那個資深的〇姐超級機車，看到她就想吐，真的很垃圾。,年度自強活動,
2025-10-12,clinic,block,人身攻擊或威脅,allow,,,,已審稿,短評：屏蔽：人身攻擊或威脅（針對特定同事的人身攻擊）；特殊福利：通過,那個資深的〇姐超級機車，看到她就想吐，真的很垃圾。,三節禮金,
2025-10-10 10:42,other,block,亂填或無關,,,,,已審稿,短評：屏蔽：亂填或無關（無意義測試文字）,aaaaaaa 測試測試 123456,,
2025-10-10,dialysis,block,病人個案資訊,allow,,,,已審稿,特殊福利：通過；短評：屏蔽：病人個案資訊（描述床號與病情）,上次那個 32 床肝癌末期的阿伯家屬一直來吵，護理師被罵到哭。,年節獎金,
2025-10-09,or,review,不實指控,,,,,已審稿,短評：待複查：不實指控（指控主管違法但無從查證）,聽說主管會把加班時數改掉，申報的跟實際差很多。,,
2025-10-08 10:39,icu,review,不實指控,allow,,,,已審稿,短評：待複查：不實指控（指控主管違法但無從查證）；特殊福利：通過,聽說主管會把加班時數改掉，申報的跟實際差很多。,年度自強活動,
2025-10-06,other,block,病人個案資訊,allow,,,,已審稿,特殊福利：通過；短評：屏蔽：病人個案資訊（描述床號與病情）,上次那個 32 床肝癌末期的阿伯家屬一直來吵，護理師被罵到哭。,員工旅遊補助,
2025-10-04 14:47,er,review,不實指控,,,,,已審稿,短評：待複查：不實指控（指控主管違法但無從查證）,聽說主管會把加班時數改掉，申報的跟實際差很多。,,
2025-10-04 10:06,icu,review,揭露第三人身分,allow,,,,已審稿,短評：待複查：揭露第三人身分（疑似指涉特定人但描述模糊）；特殊福利：通過,某位資深學姊很愛針對新人，大家都知道是誰。,員工健檢自費項目補助,
2025-10-03,special,block,廣告或招攬,,,,,已審稿,短評：屏蔽：廣告或招攬（徵才招攬並留聯絡方式）,我們單位缺人快來，加 LINE 問我，介紹有獎金。,,
2025-09-27 07:21,icu,block,人身攻擊或威脅,allow,,,,已審稿,短評：屏蔽：人身攻擊或威脅（針對特定同事的人身攻擊）；特殊福利：通過,那個資深的〇姐超級機車，看到她就想吐，真的很垃圾。,員工餐廳伙食補助,
2025-09-26,ward,allow,,block,廣告或招攬,,,已審稿,短評：通過；特殊福利：屏蔽：廣告或招攬（推銷保險並留聯絡方式）,新人訓練紮實,有員工團保，想了解保單可以私訊我幫你規劃。,
2025-09-24 09:53,er,block,亂填或無關,,,,,已審稿,短評：屏蔽：亂填或無關（無意義測試文字）,aaaaaaa 測試測試 123456,,
2025-09-24 08:07,ward,block,人身攻擊或威脅,,,,,已審稿,短評：屏蔽：人身攻擊或威脅（針對特定同事的人身攻擊）,那個資深的〇姐超級機車，看到她就想吐，真的很垃圾。,,
2025-09-23 12:18,clinic,review,揭露第三人身分,allow,,,,已審稿,短評：待複查：揭露第三人身分（疑似指涉特定人但描述模糊）；特殊福利：通過,某位資深學姊很愛針對新人，大家都知道是誰。,年節獎金,
2025-09-22,special,block,廣告或招攬,,,,,已審稿,短評：屏蔽：廣告或招攬（徵才招攬並留聯絡方式）,我們單位缺人快來，加 LINE 問我，介紹有獎金。,,
2025-09-17,dialysis,block,人身攻擊或威脅,allow,,,,已審稿,短評：屏蔽：人身攻擊或威脅（針對特定同事的人身攻擊）；特殊福利：通過,那個資深的〇姐超級機車，看到她就想吐，真的很垃圾。,透析津貼,
