timestamp,location,institutionType,institutionName,unitName,jobTitle,clinicSpecialty,clinicPayerType,clinicScale,clinicDuties,clinicShift,dailyPatients,lunchBreak,weeklyHours,overtimePolicy,laborInsurance,holidayCompliance,annualLeave,patientComplaints,violenceRisk,yearsCurrent,yearsTotal,annualSalary,monthlyBase,annualBonus,specialBenefits,salaryStructure,workAtmosphere,promotion,recommendIndex,comment,modComment,modCommentCode,modSpecialBenefits,modSpecialBenefitsCode,modOnCallPattern,modOnCallPatternCode
2025-11-15 17:09,新北市,診所,光華皮膚科診所,皮膚科,櫃檯護理師,皮膚科,兩者皆有,4 人以上,批價／掛號／櫃檯、注射／抽血、進貨／庫存／藥械管理,含夜診,60–100,無,40-45,合理範圍給,無,部分,依法給足,經常,低,4,10,65,30,10,三節禮金,固定月薪,3,普通,3,訓練體系完整,allow,,allow,,,
2025-11-14 08:55,新竹市,診所,光華耳鼻喉科診所,耳鼻喉科,跟診護理師,耳鼻喉科,兩者皆有,4 人以上,跟診協助、傷口換藥／小手術協助、疫苗接種,含夜診,30 以下,無,40-45,一律給,無,依法給,依法給足,偶爾,低,5,10,66,30,10,員工旅遊補助,時薪,4,普通,3,案件多但學得快,allow,,allow,,,
2025-11-14,屏東縣,診所,立安健檢中心,健檢,診所護理師,健檢,兩者皆有,只有我一人,跟診協助、傷口換藥／小手術協助、疫苗接種,早＋午診,30 以下,無,40-45,合理範圍給,有，但以多報少,無／不清楚,依法給足,幾乎沒有,低,1,1,66,30,10,員工旅遊補助,固定月薪,4,機會多,4,資深領班受重視,allow,,allow,,,
2025-11-14,雲林縣,診所,家和骨科復健診所,骨科／復健,診所護理師,骨科／復健,兩者皆有,4 人以上,跟診協助、傷口換藥／小手術協助、疫苗接種,週末門診輪值,60–100,有，完整 1 小時,40-45,一律給,無,依法給,打折,罕見,低,6,8,68,30,10,宿舍（單人房）,月薪＋看診量／獎金,3,機會多,3,可學到很多技術,allow,,allow,,,
2025-11-14,屏東縣,診所,康仁洗腎診所,洗腎診所,護理師,洗腎診所,健保特約為主,2–3 人,跟診協助、批價／掛號／櫃檯,早＋午診,150 以上,有，完整 1 小時,35-40,一律給,有，但以多報少,依法給,依法給足,幾乎沒有,低,1,5,73,31,11,三節禮金,固定月薪,3,難以升遷,2,新人訓練紮實,allow,,allow,,,
2025-11-13 13:50,基隆市,診所,明德診所,其他,跟診護理師,其他,兩者皆有,只有我一人,跟診協助、注射／抽血、衛教,早＋午＋晚診,30–60,有，但常被中斷／縮短,40-45,合理範圍給,有，但以多報少,依法給,依法給足,經常,無,3,8,62,30,9,彈性工時,固定月薪,3,普通,2,被當打雜,allow,,allow,,,
2025-11-13,彰化縣,診所,德安骨科復健診所,骨科／復健,護理長,骨科／復健,兩者皆有,2–3 人,批價／掛號／櫃檯、注射／抽血、進貨／庫存／藥械管理,早＋午診,30–60,有，完整 1 小時,40-45,合理範圍給,有，足額投保,部分,打折,罕見,無,2,4,99,42,15,醫療費用員工優惠,固定月薪,4,機會多,3,薪資與制度都優,allow,,allow,,,
2025-11-13,嘉義市,診所,立安診所,泌尿／腸胃,櫃檯護理師,泌尿／腸胃,健保特約為主,2–3 人,跟診協助、批價／掛號／櫃檯,純早診,30–60,無,45-50,一律給,有，足額投保,依法給,依法給足,經常,中,4,7,66,30,10,員工旅遊補助,固定月薪,2,普通,1,人力嚴重不足,allow,,allow,,,
2025-11-12,宜蘭縣,診所,杏一內科診所,家醫／一般內科,櫃檯護理師,家醫／一般內科,健保特約為主,2–3 人,跟診協助、批價／掛號／櫃檯,早＋午＋晚診,60–100,有，但常被中斷／縮短,35-40,主管判斷,有，足額投保,部分,幾乎無,罕見,無,2,6,72,30,11,年節獎金,固定月薪,3,普通,3,主管管太細,allow,,allow,,,
2025-11-12,台東縣,診所,惠民皮膚科診所,皮膚科,護理長,皮膚科,健保特約為主,只有我一人,批價／掛號／櫃檯、注射／抽血、進貨／庫存／藥械管理,早＋午＋晚診,100–150,有，完整 1 小時,35-40,主管判斷,有，但以多報少,部分,打折,偶爾,低,7,7,106,45,16,三節禮金,月薪＋看診量／獎金,4,普通,4,團隊互助強,allow,,allow,,,
2025-11-11 09:05,高雄市,診所,立安皮膚科診所,皮膚科,診所護理師,皮膚科,健保特約為主,只有我一人,跟診協助、批價／掛號／櫃檯,早＋午診,60–100,無,35-40,一律給,有，但以多報少,依法給,幾乎無,罕見,無,4,7,65,30,10,員工旅遊補助,固定月薪,4,普通,3,專科很強值得待,allow,,allow,,,
2025-11-11,屏東縣,診所,仁愛牙醫診所,牙科,櫃檯護理師,牙科,兩者皆有,只有我一人,批價／掛號／櫃檯、注射／抽血、進貨／庫存／藥械管理,早＋午＋晚診,30–60,有，完整 1 小時,40-45,合理範圍給,有，足額投保,部分,打折,經常,中,1,6,57,30,9,員工旅遊補助,時薪,4,普通,4,訓練體系完整,allow,,allow,,,
2025-11-10 22:50,嘉義縣,診所,康聯骨科復健診所,骨科／復健,跟診護理師,骨科／復健,健保特約為主,4 人以上,跟診協助、注射／抽血、衛教,純早診,60–100,有，完整 1 小時,45-50,合理範圍給,有，足額投保,依法給,依法給足,幾乎沒有,低,2,6,73,31,11,年節獎金,固定月薪,3,機會多,3,同事關係好,allow,,allow,,,
2025-11-10,雲林縣,診所,立安診所,其他,診所護理師,其他,健保特約為主,只有我一人,跟診協助、批價／掛號／櫃檯,早＋午＋晚診,100–150,有，但常被中斷／縮短,40-45,合理範圍給,無,依法給,依法給足,罕見,無,6,8,63,30,9,員工旅遊補助,固定月薪,3,普通,2,,,,allow,,,
2025-11-09,南投縣,診所,明德骨科復健診所,骨科／復健,櫃檯護理師,骨科／復健,健保特約為主,4 人以上,批價／掛號／櫃檯、注射／抽血、進貨／庫存／藥械管理,早＋午＋晚診,60–100,無,45-50,合理範圍給,無,無／不清楚,依法給足,經常,低,6,7,58,30,9,年節獎金,固定月薪,4,普通,4,案件多但學得快,allow,,allow,,,
2025-11-08,新竹縣,診所,康聯婦產科診所,婦產科,護理師,婦產科,健保特約為主,2–3 人,跟診協助、批價／掛號／櫃檯,純早診,100–150,有，完整 1 小時,35-40,合理範圍給,有，但以多報少,依法給,依法給足,經常,無,3,4,59,30,9,員工旅遊補助,時薪,4,機會多,4,案件多但學得快,allow,,allow,,,
2025-11-08,花蓮縣,診所,宏恩皮膚科診所,皮膚科,診所護理師,皮膚科,兩者皆有,2–3 人,批價／掛號／櫃檯、給藥／藥品調劑協助,純早診,60–100,有，完整 1 小時,40-45,合理範圍給,無,無／不清楚,依法給足,偶爾,中,4,4,58,30,9,,固定月薪,4,普通,3,兒科氣氛溫暖,allow,,,,,
2025-11-08,高雄市,診所,明德洗腎診所,洗腎診所,跟診護理師,洗腎診所,健保特約為主,2–3 人,跟診協助、批價／掛號／櫃檯,週末門診輪值,150 以上,有，但常被中斷／縮短,40-45,合理範圍給,有，足額投保,無／不清楚,幾乎無,經常,無,2,2,67,30,10,員工旅遊補助,固定月薪,4,機會多,3,夜班輪轉公平,allow,,allow,,,
2025-11-08,雲林縣,診所,惠民診所,其他,護理長,其他,健保特約為主,4 人以上,批價／掛號／櫃檯、給藥／藥品調劑協助,早＋午＋晚診,150 以上,有，完整 1 小時,40-45,主管判斷,有，足額投保,依法給,幾乎無,幾乎沒有,中,3,4,99,42,15,員工旅遊補助,固定月薪,4,機會多,3,,,,allow,,,
2025-11-07 11:43,花蓮縣,診所,杏一耳鼻喉科診所,耳鼻喉科,護理師,耳鼻喉科,健保特約為主,2–3 人,跟診協助、批價／掛號／櫃檯,含夜診,60–100,有，完整 1 小時,40-45,合理範圍給,有，但以多報少,依法給,打折,偶爾,無,2,8,65,30,10,三節禮金,固定月薪,3,普通,3,夜班輪轉公平,allow,,allow,,,
2025-11-07,新竹縣,診所,康聯診所,泌尿／腸胃,護理師,泌尿／腸胃,健保特約為主,2–3 人,跟診協助、傷口換藥／小手術協助、疫苗接種,早＋午診,60–100,無,45-50,合理範圍給,無,部分,打折,偶爾,低,1,2,57,30,9,,固定月薪,4,機會多,4,,,,,,,
2025-11-07,桃園市,診所,仁愛小兒科診所,小兒科,護理長,小兒科,健保特約為主,2–3 人,批價／掛號／櫃檯、給藥／藥品調劑協助,早＋午＋晚診,30 以下,有，但常被中斷／縮短,40-45,合理範圍給,有，足額投保,部分,打折,經常,低,5,9,107,45,16,三節禮金,固定月薪,4,機會多,4,氣氛輕鬆,allow,,allow,,,
2025-11-07,苗栗縣,診所,杏一眼科診所,眼科,診所護理師,眼科,健保特約為主,只有我一人,批價／掛號／櫃檯、給藥／藥品調劑協助,早＋午診,30–60,有，完整 1 小時,45-50,合理範圍給,有，足額投保,依法給,打折,幾乎沒有,低,1,2,65,30,10,員工旅遊補助,月薪＋看診量／獎金,3,普通,3,氣氛輕鬆,allow,,allow,,,
2025-11-07,台北市,診所,明德內科診所,家醫／一般內科,護理長,家醫／一般內科,健保特約為主,只有我一人,跟診協助、注射／抽血、衛教,早＋午診,30–60,有，完整 1 小時,40-45,一律給,有，足額投保,無／不清楚,依法給足,罕見,中,3,8,93,39,14,員工旅遊補助,固定月薪,3,普通,2,人力穩定但行政會議多,allow,,allow,,,
2025-11-07,嘉義市,診所,家和中醫診所,中醫,護理師,中醫,健保特約為主,只有我一人,跟診協助、注射／抽血、衛教,含夜診,30 以下,有，但常被中斷／縮短,40-45,合理範圍給,有，但以多報少,依法給,依法給足,經常,無,1,3,61,30,9,員工旅遊補助,時薪,5,普通,4,兒科氣氛溫暖,allow,,allow,,,
2025-11-06 19:01,嘉義市,診所,惠民小兒科診所,小兒科,護理師,小兒科,兩者皆有,2–3 人,跟診協助、注射／抽血、衛教,週末門診輪值,100–150,有，完整 1 小時,35-40,合理範圍給,有，足額投保,依法給,打折,偶爾,中,2,7,63,30,9,彈性工時,時薪,4,機會多,3,主管管太細,allow,,allow,,,
2025-11-06 13:44,台中市,診所,康聯醫美診所,醫美,護理師,醫美,自費為主（如醫美）,2–3 人,醫美療程協助、注射／抽血、衛教,早＋午＋晚診,30 以下,無,45-50,一律給,有，足額投保,無／不清楚,打折,經常,中,4,4,63,30,9,年節獎金,月薪＋看診量／獎金,3,難以升遷,2,可學到很多技術,allow,,allow,,,
2025-11-06 11:58,新北市,診所,杏一診所,泌尿／腸胃,護理師,泌尿／腸胃,兩者皆有,4 人以上,跟診協助、批價／掛號／櫃檯,早＋午＋晚診,60–100,無,40-45,一律給,有，足額投保,依法給,幾乎無,偶爾,低,6,7,70,30,11,彈性工時,固定月薪,5,機會多,5,兒科氣氛溫暖,allow,,allow,,,
2025-11-06,新竹市,診所,大同耳鼻喉科診所,耳鼻喉科,櫃檯護理師,耳鼻喉科,兩者皆有,4 人以上,批價／掛號／櫃檯、給藥／藥品調劑協助,早＋午＋晚診,60–100,無,35-40,合理範圍給,有，足額投保,部分,依法給足,偶爾,中,6,7,57,30,9,三節禮金,固定月薪,4,普通,4,兒科氣氛溫暖,allow,,allow,,,
2025-11-06,嘉義縣,診所,安欣眼科診所,眼科,護理師,眼科,兩者皆有,只有我一人,批價／掛號／櫃檯、給藥／藥品調劑協助,含夜診,60–100,有，但常被中斷／縮短,40-45,主管判斷,有，但以多報少,無／不清楚,打折,幾乎沒有,中,7,11,70,30,11,員工旅遊補助,固定月薪,3,難以升遷,2,,,,allow,,,
2025-11-06,台東縣,診所,光華皮膚科診所,皮膚科,護理長,皮膚科,健保特約為主,4 人以上,批價／掛號／櫃檯、給藥／藥品調劑協助,純早診,30 以下,無,45-50,合理範圍給,有，足額投保,依法給,打折,經常,中,8,13,103,43,15,年節獎金,月薪＋看診量／獎金,3,機會多,3,可學到很多技術,allow,,allow,,,
2025-11-06,雲林縣,診所,大同醫美診所,醫美,跟診護理師,醫美,自費為主（如醫美）,2–3 人,進貨／庫存／藥械管理、健保申報／行政,含夜診,150 以上,無,45-50,一律給,無,依法給,打折,罕見,無,3,6,72,30,11,,月薪＋看診量／獎金,4,機會多,4,,,,,,,
2025-11-05 16:25,宜蘭縣,診所,康聯診所,泌尿／腸胃,護理長,泌尿／腸胃,健保特約為主,2–3 人,跟診協助、注射／抽血、衛教,早＋午診,60–100,有，完整 1 小時,40-45,合理範圍給,無,依法給,幾乎無,偶爾,中,5,10,106,45,16,員工旅遊補助,月薪＋看診量／獎金,3,普通,3,案件量大但有規矩,allow,,allow,,,
2025-11-05 10:50,台南市,診所,杏一身心診所,身心科,護理師,身心科,健保特約為主,2–3 人,跟診協助、注射／抽血、衛教,純早診,30 以下,有，完整 1 小時,45-50,合理範圍給,有，足額投保,無／不清楚,依法給足,偶爾,無,8,9,64,30,10,員工旅遊補助,固定月薪,4,普通,4,排班相對人性化,allow,,allow,,,
2025-11-05,台北市,診所,康聯婦產科診所,婦產科,護理師,婦產科,健保特約為主,2–3 人,跟診協助、健保申報／行政、環境清潔／消毒,早＋午＋晚診,150 以上,無,40-45,合理範圍給,有，但以多報少,依法給,幾乎無,幾乎沒有,低,6,8,73,31,11,彈性工時,時薪,4,普通,3,中部醫院 case 量適中,allow,,allow,,,
2025-11-04,彰化縣,診所,康聯醫美診所,醫美,櫃檯護理師,醫美,自費為主（如醫美）,2–3 人,醫美療程協助、衛教、進貨／庫存／藥械管理,早＋午診,60–100,無,45-50,合理範圍給,有，但以多報少,依法給,依法給足,罕見,低,5,11,67,30,10,,固定月薪,4,普通,4,,,,,,,
2025-11-04,新竹縣,診所,明德內科診所,家醫／一般內科,跟診護理師,家醫／一般內科,健保特約為主,4 人以上,跟診協助、批價／掛號／櫃檯,早＋午＋晚診,30–60,有，但常被中斷／縮短,35-40,合理範圍給,無,部分,依法給足,幾乎沒有,低,2,2,70,30,11,宿舍（單人房）,固定月薪,4,機會多,4,排班相對人性化,allow,,allow,,,
2025-11-04,台南市,診所,安欣眼科診所,眼科,櫃檯護理師,眼科,健保特約為主,2–3 人,跟診協助、傷口換藥／小手術協助、疫苗接種,純早診,60–100,無,45-50,合理範圍給,有，足額投保,依法給,依法給足,幾乎沒有,無,4,8,61,30,9,,月薪＋看診量／獎金,5,普通,5,兒科氣氛溫暖,allow,,,,,
2025-11-04,台南市,診所,欣民中醫診所,中醫,跟診護理師,中醫,健保特約為主,只有我一人,跟診協助、批價／掛號／櫃檯,純早診,60–100,無,40-45,合理範圍給,有，足額投保,無／不清楚,依法給足,經常,中,5,9,72,30,11,生日禮金、三節禮券,固定月薪,4,機會多,3,專科氣氛 OK,allow,,allow,,,
2025-11-04,新竹市,診所,光華醫美診所,醫美,櫃檯護理師,醫美,自費為主（如醫美）,4 人以上,跟診協助、衛教,早＋午診,60–100,有，完整 1 小時,45-50,一律給,有，足額投保,無／不清楚,依法給足,幾乎沒有,低,8,8,62,30,9,彈性工時,固定月薪,3,機會多,3,新人訓練紮實,allow,,allow,,,
2025-11-03 21:30,嘉義市,診所,大同皮膚科診所,皮膚科,跟診護理師,皮膚科,健保特約為主,4 人以上,批價／掛號／櫃檯、給藥／藥品調劑協助,早＋午診,30 以下,無,40-45,主管判斷,有，足額投保,部分,依法給足,幾乎沒有,中,6,12,57,30,9,,固定月薪,4,機會多,4,同事關係好,allow,,,,,
2025-11-03 08:26,新竹市,診所,惠民中醫診所,中醫,診所護理師,中醫,兩者皆有,4 人以上,批價／掛號／櫃檯、注射／抽血、進貨／庫存／藥械管理,週末門診輪值,30 以下,有，但常被中斷／縮短,45-50,合理範圍給,有，足額投保,無／不清楚,依法給足,偶爾,中,3,3,63,30,9,員工旅遊補助,月薪＋看診量／獎金,4,機會多,3,,,,allow,,,
2025-11-03 08:25,新竹縣,診所,德安眼科診所,眼科,護理長,眼科,健保特約為主,2–3 人,跟診協助、注射／抽血、衛教,週末門診輪值,150 以上,有，完整 1 小時,35-40,一律給,有，但以多報少,部分,打折,幾乎沒有,無,7,9,92,39,14,年節獎金,時薪,5,機會多,4,訓練體系完整,allow,,allow,,,
2025-11-03,新北市,診所,德安健檢中心,健檢,護理長,健檢,自費為主（如醫美）,2–3 人,跟診協助、傷口換藥／小手術協助、疫苗接種,含夜診,150 以上,有，但常被中斷／縮短,40-45,一律給,有，足額投保,依法給,打折,經常,低,6,12,106,45,16,彈性工時,固定月薪,4,機會多,3,薪資與制度都優,allow,,allow,,,
2025-11-03,台南市,診所,惠民小兒科診所,小兒科,跟診護理師,小兒科,健保特約為主,只有我一人,批價／掛號／櫃檯、給藥／藥品調劑協助,早＋午＋晚診,60–100,無,40-45,合理範圍給,有，足額投保,依法給,幾乎無,幾乎沒有,中,3,4,58,30,9,員工旅遊補助,月薪＋看診量／獎金,4,普通,3,案件多但學得快,allow,,allow,,,
2025-11-03,桃園市,診所,大同中醫診所,中醫,護理長,中醫,健保特約為主,2–3 人,批價／掛號／櫃檯、注射／抽血、進貨／庫存／藥械管理,含夜診,100–150,有，但常被中斷／縮短,40-45,合理範圍給,有，足額投保,依法給,依法給足,罕見,低,1,1,92,39,14,,固定月薪,4,普通,3,中部醫院 case 量適中,allow,,,,,
2025-11-03,嘉義市,診所,惠民洗腎診所,洗腎診所,護理長,洗腎診所,兩者皆有,只有我一人,批價／掛號／櫃檯、給藥／藥品調劑協助,純早診,100–150,有，完整 1 小時,35-40,主管判斷,有，足額投保,部分,幾乎無,經常,無,1,6,98,41,15,彈性工時,時薪,4,機會多,4,兒科氣氛溫暖,allow,,allow,,,
2025-11-02 18:58,彰化縣,診所,明德牙醫診所,牙科,跟診護理師,牙科,健保特約為主,2–3 人,跟診協助、注射／抽血、衛教,早＋午診,150 以上,無,45-50,主管判斷,有，足額投保,部分,幾乎無,經常,低,7,12,68,30,10,彈性工時,月薪＋看診量／獎金,3,難以升遷,2,主管常 stand-by 不夠,allow,,allow,,,
2025-11-02 18:42,台南市,診所,仁愛醫美診所,醫美,跟診護理師,醫美,自費為主（如醫美）,只有我一人,醫美療程協助、注射／抽血、衛教,週末門診輪值,30–60,有，完整 1 小時,35-40,合理範圍給,有，足額投保,無／不清楚,打折,罕見,低,7,11,64,30,10,三節禮金,固定月薪,3,機會多,3,案件量大但有規矩,allow,,allow,,,
2025-11-02,苗栗縣,診所,仁愛婦產科診所,婦產科,護理師,婦產科,健保特約為主,4 人以上,批價／掛號／櫃檯、注射／抽血、進貨／庫存／藥械管理,含夜診,60–100,有，但常被中斷／縮短,40-45,主管判斷,有，但以多報少,無／不清楚,依法給足,幾乎沒有,低,3,8,66,30,10,員工旅遊補助,時薪,4,機會多,4,,,,allow,,,
2025-11-02,基隆市,診所,欣民醫美診所,醫美,診所護理師,醫美,自費為主（如醫美）,4 人以上,醫美療程協助、衛教、進貨／庫存／藥械管理,純早診,150 以上,有，完整 1 小時,40-45,合理範圍給,有，但以多報少,無／不清楚,依法給足,罕見,中,7,13,57,30,9,,月薪＋看診量／獎金,4,機會多,4,氣氛輕鬆,allow,,,,,
2025-11-02,花蓮縣,診所,光華內科診所,家醫／一般內科,診所護理師,家醫／一般內科,兩者皆有,2–3 人,批價／掛號／櫃檯、給藥／藥品調劑協助,早＋午＋晚診,100–150,無,35-40,合理範圍給,有，但以多報少,依法給,幾乎無,偶爾,無,5,5,60,30,9,年節獎金,固定月薪,2,難以升遷,1,新人零保護,allow,,allow,,,
2025-11-01 15:31,基隆市,診所,立安醫美診所,醫美,護理師,醫美,自費為主（如醫美）,只有我一人,醫美療程協助、衛教、進貨／庫存／藥械管理,早＋午診,60–100,有，完整 1 小時,45-50,一律給,有，足額投保,部分,幾乎無,罕見,低,8,14,68,30,10,員工旅遊補助,固定月薪,4,機會多,5,同事關係好,allow,,allow,,,
2025-11-01 08:33,高雄市,診所,立安牙醫診所,牙科,護理師,牙科,健保特約為主,2–3 人,跟診協助、健保申報／行政、環境清潔／消毒,週末門診輪值,60–100,無,40-45,主管判斷,有，但以多報少,依法給,幾乎無,經常,中,7,8,68,30,10,三節禮金,月薪＋看診量／獎金,3,難以升遷,2,人力穩定但行政會議多,allow,,allow,,,
2025-11-01,屏東縣,診所,仁愛婦產科診所,婦產科,櫃檯護理師,婦產科,健保特約為主,只有我一人,跟診協助、健保申報／行政、環境清潔／消毒,含夜診,30 以下,有，完整 1 小時,45-50,合理範圍給,有，足額投保,依法給,幾乎無,偶爾,低,2,7,67,30,10,員工旅遊補助,固定月薪,5,機會多,4,可學到很多技術,allow,,allow,,,
2025-10-31 07:49,台北市,診所,杏一眼科診所,眼科,診所護理師,眼科,健保特約為主,4 人以上,批價／掛號／櫃檯、注射／抽血、進貨／庫存／藥械管理,週末門診輪值,60–100,無,40-45,一律給,有，但以多報少,部分,依法給足,經常,無,4,9,64,30,10,年節獎金,固定月薪,2,難以升遷,1,沒人沒錢沒尊重,allow,,allow,,,
2025-10-31,新北市,診所,康仁洗腎診所,洗腎診所,跟診護理師,洗腎診所,健保特約為主,2–3 人,批價／掛號／櫃檯、給藥／藥品調劑協助,含夜診,30 以下,無,35-40,合理範圍給,有，但以多報少,部分,打折,偶爾,中,5,9,58,30,9,,固定月薪,4,機會多,4,兒科氣氛溫暖,allow,,,,,
2025-10-31,台北市,診所,光華診所,其他,跟診護理師,其他,健保特約為主,4 人以上,跟診協助、傷口換藥／小手術協助、疫苗接種,早＋午診,30–60,有，但常被中斷／縮短,40-45,合理範圍給,無,無／不清楚,幾乎無,經常,無,2,7,62,30,9,彈性工時,月薪＋看診量／獎金,3,機會多,3,可學到很多技術,allow,,allow,,,
2025-10-31,苗栗縣,診所,康仁診所,其他,櫃檯護理師,其他,兩者皆有,2–3 人,跟診協助、傷口換藥／小手術協助、疫苗接種,純早診,30 以下,有，完整 1 小時,35-40,一律給,無,部分,依法給足,罕見,低,6,7,61,30,9,員工旅遊補助,固定月薪,4,機會多,3,,,,allow,,,
2025-10-31,嘉義縣,診所,宏恩小兒科診所,小兒科,櫃檯護理師,小兒科,兩者皆有,只有我一人,跟診協助、傷口換藥／小手術協助、疫苗接種,早＋午診,150 以上,有，完整 1 小時,40-45,合理範圍給,有，足額投保,依法給,打折,經常,低,8,9,69,30,10,彈性工時,時薪,4,普通,4,訓練體系完整,allow,,allow,,,
2025-10-31,新竹市,診所,康仁內科診所,家醫／一般內科,跟診護理師,家醫／一般內科,健保特約為主,2–3 人,跟診協助、注射／抽血、衛教,早＋午診,60–100,無,40-45,主管判斷,有，足額投保,依法給,依法給足,幾乎沒有,低,7,10,62,30,9,生日禮金、三節禮券,時薪,4,機會多,3,專科氣氛 OK,allow,,allow,,,
2025-10-30 22:08,高雄市,診所,仁愛洗腎診所,洗腎診所,護理師,洗腎診所,兩者皆有,只有我一人,批價／掛號／櫃檯、注射／抽血、進貨／庫存／藥械管理,純早診,150 以上,無,35-40,合理範圍給,有，足額投保,依法給,打折,罕見,低,6,6,73,31,11,,月薪＋看診量／獎金,4,機會多,4,訓練體系完整,allow,,,,,
2025-10-30 16:34,嘉義市,診所,宏恩牙醫診所,牙科,診所護理師,牙科,健保特約為主,2–3 人,跟診協助、批價／掛號／櫃檯,早＋午診,100–150,無,40-45,合理範圍給,有，足額投保,依法給,依法給足,罕見,無,3,7,70,30,11,彈性工時,月薪＋看診量／獎金,3,機會多,3,中部醫院 case 量適中,allow,,allow,,,
2025-10-30,屏東縣,診所,安欣婦產科診所,婦產科,櫃檯護理師,婦產科,健保特約為主,4 人以上,批價／掛號／櫃檯、給藥／藥品調劑協助,早＋午＋晚診,30–60,有，完整 1 小時,45-50,一律給,無,部分,幾乎無,經常,低,5,8,58,30,9,托兒補助,月薪＋看診量／獎金,3,機會多,3,安寧團隊互相 support,allow,,allow,,,
2025-10-29 19:34,高雄市,診所,立安牙醫診所,牙科,護理長,牙科,健保特約為主,只有我一人,跟診協助、批價／掛號／櫃檯,純早診,60–100,有，但常被中斷／縮短,45-50,主管判斷,有，足額投保,部分,幾乎無,罕見,低,3,4,108,45,16,彈性工時,月薪＋看診量／獎金,4,普通,4,案件多但學得快,allow,,allow,,,
2025-10-29 11:26,南投縣,診所,安欣洗腎診所,洗腎診所,護理長,洗腎診所,健保特約為主,4 人以上,批價／掛號／櫃檯、給藥／藥品調劑協助,週末門診輪值,60–100,有，完整 1 小時,35-40,合理範圍給,有，足額投保,依法給,打折,幾乎沒有,中,8,11,96,40,14,年節獎金,時薪,4,機會多,3,,,,allow,,,
2025-10-29 08:42,花蓮縣,診所,欣民皮膚科診所,皮膚科,櫃檯護理師,皮膚科,健保特約為主,只有我一人,跟診協助、注射／抽血、衛教,純早診,30 以下,有，但常被中斷／縮短,35-40,一律給,無,無／不清楚,幾乎無,偶爾,無,1,3,57,30,9,彈性工時,固定月薪,4,機會多,4,安寧團隊互相 support,allow,,allow,,,
2025-10-29 08:27,新竹市,診所,杏一診所,其他,診所護理師,其他,健保特約為主,2–3 人,跟診協助、健保申報／行政、環境清潔／消毒,早＋午＋晚診,30–60,有，完整 1 小時,40-45,主管判斷,有，足額投保,無／不清楚,依法給足,經常,低,1,7,73,31,11,彈性工時,固定月薪,4,普通,3,可學到很多技術,allow,,allow,,,
2025-10-29,屏東縣,診所,明德內科診所,家醫／一般內科,護理師,家醫／一般內科,兩者皆有,2–3 人,跟診協助、注射／抽血、衛教,純早診,30 以下,有，但常被中斷／縮短,40-45,一律給,有，足額投保,依法給,打折,經常,中,4,8,71,30,11,員工旅遊補助,月薪＋看診量／獎金,3,機會多,3,案件多但學得快,allow,,allow,,,
2025-10-29,台北市,診所,明德診所,其他,櫃檯護理師,其他,兩者皆有,只有我一人,跟診協助、批價／掛號／櫃檯,週末門診輪值,100–150,無,40-45,合理範圍給,無,依法給,幾乎無,經常,無,3,4,65,30,10,年節獎金,固定月薪,3,機會多,3,新人訓練紮實,allow,,allow,,,
2025-10-29,新竹縣,診所,宏恩骨科復健診所,骨科／復健,診所護理師,骨科／復健,兩者皆有,4 人以上,跟診協助、傷口換藥／小手術協助、疫苗接種,純早診,100–150,有，但常被中斷／縮短,45-50,一律給,有，足額投保,依法給,依法給足,偶爾,低,5,8,67,30,10,三節禮金,固定月薪,3,普通,1,主管偏心嚴重,allow,,allow,,,
2025-10-28,屏東縣,診所,康仁內科診所,家醫／一般內科,護理師,家醫／一般內科,兩者皆有,只有我一人,批價／掛號／櫃檯、給藥／藥品調劑協助,早＋午＋晚診,30 以下,有，但常被中斷／縮短,35-40,一律給,有，但以多報少,無／不清楚,幾乎無,偶爾,中,1,1,65,30,10,醫療費用員工優惠,固定月薪,4,機會多,4,,,,allow,,,
2025-10-28,屏東縣,診所,安欣醫美診所,醫美,護理長,醫美,自費為主（如醫美）,只有我一人,醫美療程協助、注射／抽血、衛教,早＋午＋晚診,100–150,無,45-50,一律給,無,無／不清楚,依法給足,幾乎沒有,中,6,8,107,45,16,員工旅遊補助,固定月薪,3,機會多,3,,,,allow,,,
2025-10-28,花蓮縣,診所,德安中醫診所,中醫,診所護理師,中醫,健保特約為主,4 人以上,跟診協助、注射／抽血、衛教,週末門診輪值,60–100,無,40-45,合理範圍給,無,無／不清楚,打折,罕見,中,3,5,66,30,10,員工健檢自費項目補助,時薪,3,機會多,3,兒科氣氛溫暖,allow,,allow,,,
2025-10-27 10:29,嘉義縣,診所,大同牙醫診所,牙科,診所護理師,牙科,兩者皆有,2–3 人,跟診協助、傷口換藥／小手術協助、疫苗接種,純早診,60–100,無,40-45,一律給,有，足額投保,無／不清楚,打折,偶爾,無,8,12,73,31,11,,固定月薪,3,機會多,3,夜班輪轉公平,allow,,,,,
2025-10-27,苗栗縣,診所,欣民小兒科診所,小兒科,護理長,小兒科,健保特約為主,2–3 人,跟診協助、健保申報／行政、環境清潔／消毒,早＋午＋晚診,150 以上,有，完整 1 小時,40-45,合理範圍給,有，足額投保,依法給,幾乎無,幾乎沒有,無,2,5,97,41,15,,月薪＋看診量／獎金,3,普通,2,中部醫院 case 量適中,allow,,,,,
2025-10-27,新竹市,診所,宏恩中醫診所,中醫,護理師,中醫,健保特約為主,只有我一人,跟診協助、健保申報／行政、環境清潔／消毒,純早診,60–100,有，完整 1 小時,35-40,合理範圍給,有，足額投保,部分,依法給足,經常,低,6,8,60,30,9,年節獎金,固定月薪,4,普通,3,工時長但待遇可,allow,,allow,,,
2025-10-27,宜蘭縣,診所,康聯皮膚科診所,皮膚科,診所護理師,皮膚科,健保特約為主,2–3 人,批價／掛號／櫃檯、注射／抽血、進貨／庫存／藥械管理,早＋午＋晚診,60–100,有，完整 1 小時,35-40,主管判斷,無,部分,幾乎無,罕見,無,5,7,62,30,9,三節禮金,時薪,4,普通,3,薪資與制度都優,allow,,allow,,,
2025-10-27,新竹市,診所,立安牙醫診所,牙科,櫃檯護理師,牙科,健保特約為主,2–3 人,批價／掛號／櫃檯、給藥／藥品調劑協助,早＋午診,60–100,有，完整 1 小時,40-45,主管判斷,有，足額投保,部分,依法給足,罕見,低,3,4,66,30,10,彈性工時,時薪,4,機會多,3,門診作息穩定,allow,,allow,,,
2025-10-26 18:52,台東縣,診所,大同洗腎診所,洗腎診所,護理長,洗腎診所,健保特約為主,2–3 人,批價／掛號／櫃檯、給藥／藥品調劑協助,純早診,100–150,無,45-50,合理範圍給,有，但以多報少,依法給,幾乎無,幾乎沒有,中,8,11,104,44,16,年節獎金,固定月薪,5,普通,4,同事關係好,allow,,allow,,,
2025-10-26 09:30,新竹市,診所,德安皮膚科診所,皮膚科,櫃檯護理師,皮膚科,健保特約為主,2–3 人,批價／掛號／櫃檯、給藥／藥品調劑協助,純早診,60–100,有，但常被中斷／縮短,35-40,主管判斷,無,依法給,幾乎無,幾乎沒有,無,4,10,59,30,9,托兒補助,時薪,4,普通,3,排班相對人性化,allow,,allow,,,
2025-10-26,嘉義市,診所,明德皮膚科診所,皮膚科,護理師,皮膚科,健保特約為主,2–3 人,跟診協助、健保申報／行政、環境清潔／消毒,早＋午＋晚診,30–60,有，但常被中斷／縮短,40-45,合理範圍給,有，足額投保,依法給,打折,經常,低,1,4,64,30,10,員工旅遊補助,固定月薪,3,難以升遷,2,,,,allow,,,
2025-10-25,新竹縣,診所,大同皮膚科診所,皮膚科,護理長,皮膚科,健保特約為主,2–3 人,批價／掛號／櫃檯、給藥／藥品調劑協助,含夜診,60–100,有，但常被中斷／縮短,40-45,主管判斷,有，但以多報少,部分,依法給足,經常,低,8,9,97,41,15,員工旅遊補助,固定月薪,4,機會多,3,氣氛輕鬆,allow,,allow,,,
2025-10-24 22:04,台北市,診所,立安小兒科診所,小兒科,跟診護理師,小兒科,健保特約為主,只有我一人,跟診協助、批價／掛號／櫃檯,早＋午＋晚診,30 以下,無,40-45,主管判斷,有，但以多報少,部分,打折,偶爾,低,4,8,59,30,9,年度自強活動,固定月薪,3,難以升遷,2,我們單位缺人快來，加 LINE 問我，介紹有獎金。,block,廣告或招攬,allow,,,
2025-10-24 17:08,台北市,診所,德安耳鼻喉科診所,耳鼻喉科,櫃檯護理師,耳鼻喉科,健保特約為主,4 人以上,批價／掛號／櫃檯、給藥／藥品調劑協助,純早診,30 以下,無,45-50,一律給,有，但以多報少,無／不清楚,打折,經常,無,5,8,60,30,9,員工旅遊補助,月薪＋看診量／獎金,5,機會多,4,團隊互助強,allow,,allow,,,
2025-10-24 09:48,基隆市,診所,立安眼科診所,眼科,護理師,眼科,兩者皆有,只有我一人,跟診協助、傷口換藥／小手術協助、疫苗接種,早＋午診,30 以下,有，但常被中斷／縮短,45-50,主管判斷,有，足額投保,部分,依法給足,幾乎沒有,無,3,3,67,30,10,彈性工時,固定月薪,4,普通,3,夜班輪轉公平,allow,,allow,,,
2025-10-24,新北市,診所,明德診所,泌尿／腸胃,診所護理師,泌尿／腸胃,健保特約為主,只有我一人,批價／掛號／櫃檯、給藥／藥品調劑協助,早＋午＋晚診,100–150,無,35-40,主管判斷,有，足額投保,部分,依法給足,偶爾,低,2,6,60,30,9,,固定月薪,3,難以升遷,2,加班頻率可接受,allow,,,,,
2025-10-24,台東縣,診所,大同眼科診所,眼科,診所護理師,眼科,健保特約為主,2–3 人,批價／掛號／櫃檯、給藥／藥品調劑協助,含夜診,100–150,有，但常被中斷／縮短,35-40,合理範圍給,有，足額投保,依法給,幾乎無,罕見,低,7,12,67,30,10,三節禮金,時薪,5,機會多,4,可學到很多技術,allow,,allow,,,
2025-10-24,嘉義縣,診所,杏一內科診所,家醫／一般內科,跟診護理師,家醫／一般內科,兩者皆有,4 人以上,跟診協助、傷口換藥／小手術協助、疫苗接種,週末門診輪值,150 以上,無,35-40,主管判斷,無,部分,幾乎無,罕見,中,7,10,61,30,9,三節禮金,固定月薪,4,普通,3,同事關係好,allow,,allow,,,
2025-10-24,花蓮縣,診所,大同健檢中心,健檢,櫃檯護理師,健檢,兩者皆有,2–3 人,跟診協助、健保申報／行政、環境清潔／消毒,早＋午＋晚診,100–150,有，完整 1 小時,40-45,一律給,無,無／不清楚,依法給足,罕見,無,2,7,68,30,10,宿舍（單人房）,月薪＋看診量／獎金,3,難以升遷,2,可學到很多技術,allow,,allow,,,
2025-10-23 16:17,台北市,診所,明德身心診所,身心科,櫃檯護理師,身心科,兩者皆有,4 人以上,跟診協助、傷口換藥／小手術協助、疫苗接種,早＋午診,60–100,有，完整 1 小時,40-45,主管判斷,無,無／不清楚,依法給足,偶爾,低,6,12,70,30,11,年度自強活動,月薪＋看診量／獎金,3,普通,3,訓練體系完整,allow,,allow,,,
2025-10-23 09:19,桃園市,診所,杏一中醫診所,中醫,跟診護理師,中醫,兩者皆有,只有我一人,跟診協助、批價／掛號／櫃檯,週末門診輪值,60–100,有，完整 1 小時,35-40,一律給,有，但以多報少,無／不清楚,依法給足,經常,無,5,9,57,30,9,三節禮金,月薪＋看診量／獎金,4,普通,4,薪資與制度都優,allow,,allow,,,
2025-10-23,新北市,診所,家和健檢中心,健檢,診所護理師,健檢,兩者皆有,只有我一人,跟診協助、健保申報／行政、環境清潔／消毒,早＋午＋晚診,100–150,有，但常被中斷／縮短,45-50,主管判斷,無,依法給,幾乎無,經常,中,3,5,59,30,9,,時薪,3,機會多,3,夜班輪轉公平,allow,,,,,
2025-10-23,新竹縣,診所,德安身心診所,身心科,診所護理師,身心科,健保特約為主,只有我一人,跟診協助、健保申報／行政、環境清潔／消毒,早＋午＋晚診,30 以下,有，完整 1 小時,40-45,合理範圍給,有，但以多報少,依法給,依法給足,經常,無,7,7,61,30,9,,固定月薪,5,機會多,4,案件多但學得快,allow,,,,,
2025-10-22 11:12,桃園市,診所,安欣健檢中心,健檢,診所護理師,健檢,兩者皆有,4 人以上,批價／掛號／櫃檯、給藥／藥品調劑協助,含夜診,60–100,有，完整 1 小時,35-40,主管判斷,有，足額投保,依法給,依法給足,偶爾,低,2,4,58,30,9,員工旅遊補助,固定月薪,5,機會多,4,,,,allow,,,
2025-10-22,雲林縣,診所,欣民診所,其他,櫃檯護理師,其他,健保特約為主,只有我一人,批價／掛號／櫃檯、給藥／藥品調劑協助,純早診,30 以下,有，完整 1 小時,35-40,一律給,有，足額投保,無／不清楚,打折,偶爾,低,7,9,73,31,11,三節禮金,月薪＋看診量／獎金,4,機會多,4,可學到很多技術,allow,,allow,,,
2025-10-22,台北市,診所,杏一醫美診所,醫美,護理師,醫美,自費為主（如醫美）,4 人以上,醫美療程協助、衛教、進貨／庫存／藥械管理,含夜診,60–100,有，完整 1 小時,40-45,一律給,有，足額投保,依法給,幾乎無,偶爾,中,8,10,63,30,9,,固定月薪,4,機會多,4,同事關係好,allow,,,,,
2025-10-22,雲林縣,診所,康聯醫美診所,醫美,護理長,醫美,自費為主（如醫美）,2–3 人,醫美療程協助、注射／抽血、衛教,含夜診,60–100,有，完整 1 小時,40-45,合理範圍給,有，但以多報少,依法給,依法給足,罕見,低,6,11,102,43,15,三節禮金,固定月薪,3,機會多,3,,,,allow,,,
2025-10-22,屏東縣,診所,宏恩診所,其他,護理長,其他,健保特約為主,只有我一人,批價／掛號／櫃檯、給藥／藥品調劑協助,早＋午診,30–60,無,35-40,合理範圍給,有，足額投保,依法給,幾乎無,罕見,低,3,6,93,39,14,彈性工時,時薪,4,機會多,4,團隊互助強,allow,,allow,,,
2025-10-21 17:39,台北市,診所,欣民婦產科診所,婦產科,櫃檯護理師,婦產科,健保特約為主,只有我一人,跟診協助、批價／掛號／櫃檯,純早診,60–100,無,40-45,合理範圍給,有，但以多報少,依法給,打折,偶爾,中,3,8,57,30,9,年節獎金,時薪,4,普通,4,資深領班受重視,allow,,allow,,,
2025-10-21,屏東縣,診所,安欣骨科復健診所,骨科／復健,櫃檯護理師,骨科／復健,健保特約為主,2–3 人,跟診協助、傷口換藥／小手術協助、疫苗接種,含夜診,100–150,有，但常被中斷／縮短,35-40,一律給,有，足額投保,無／不清楚,依法給足,經常,中,3,5,58,30,9,員工餐廳伙食補助,固定月薪,3,機會多,3,同事關係好,allow,,allow,,,
2025-10-21,高雄市,診所,惠民身心診所,身心科,診所護理師,身心科,兩者皆有,2–3 人,批價／掛號／櫃檯、注射／抽血、進貨／庫存／藥械管理,含夜診,30 以下,無,40-45,主管判斷,有，足額投保,依法給,幾乎無,偶爾,無,7,7,64,30,10,三節禮金,時薪,4,普通,3,,,,allow,,,
2025-10-21,新北市,診所,家和醫美診所,醫美,護理長,醫美,自費為主（如醫美）,只有我一人,跟診協助、給藥／藥品調劑協助、衛教,早＋午診,30 以下,有，完整 1 小時,40-45,主管判斷,有，足額投保,依法給,依法給足,罕見,中,3,3,94,39,14,,固定月薪,3,難以升遷,2,訓練體系完整,allow,,,,,
2025-10-20 12:48,桃園市,診所,光華診所,泌尿／腸胃,診所護理師,泌尿／腸胃,健保特約為主,只有我一人,跟診協助、傷口換藥／小手術協助、疫苗接種,純早診,60–100,無,40-45,一律給,有，足額投保,依法給,依法給足,偶爾,無,6,6,65,30,10,年節獎金,固定月薪,4,普通,3,,,,allow,,,
2025-10-20 08:31,新北市,診所,康聯小兒科診所,小兒科,診所護理師,小兒科,健保特約為主,只有我一人,跟診協助、傷口換藥／小手術協助、疫苗接種,含夜診,100–150,有，完整 1 小時,40-45,合理範圍給,有，足額投保,依法給,打折,罕見,中,3,3,57,30,9,三節禮金,固定月薪,4,機會多,3,工時長但待遇可,allow,,allow,,,
2025-10-20,新北市,診所,宏恩診所,其他,櫃檯護理師,其他,健保特約為主,2–3 人,跟診協助、批價／掛號／櫃檯,週末門診輪值,100–150,無,40-45,主管判斷,有，足額投保,依法給,打折,經常,低,6,6,72,30,11,,固定月薪,3,難以升遷,2,,,,,,,
2025-10-20,高雄市,診所,宏恩診所,其他,跟診護理師,其他,兩者皆有,只有我一人,跟診協助、注射／抽血、衛教,週末門診輪值,60–100,有，完整 1 小時,45-50,合理範圍給,有，足額投保,依法給,幾乎無,經常,低,5,9,65,30,10,彈性工時,固定月薪,4,機會多,4,同事關係好,allow,,allow,,,
2025-10-19,花蓮縣,診所,大同身心診所,身心科,櫃檯護理師,身心科,健保特約為主,2–3 人,跟診協助、健保申報／行政、環境清潔／消毒,早＋午＋晚診,30 以下,有，完整 1 小時,35-40,合理範圍給,有，足額投保,依法給,依法給足,經常,中,4,6,61,30,9,三節禮金,固定月薪,4,機會多,4,專科很強值得待,allow,,allow,,,
2025-10-19,桃園市,診所,德安耳鼻喉科診所,耳鼻喉科,櫃檯護理師,耳鼻喉科,健保特約為主,4 人以上,跟診協助、傷口換藥／小手術協助、疫苗接種,純早診,100–150,無,35-40,主管判斷,有，足額投保,部分,打折,罕見,無,5,11,71,30,11,三節禮金,固定月薪,3,難以升遷,2,,,,allow,,,
2025-10-18,嘉義市,診所,立安健檢中心,健檢,診所護理師,健檢,兩者皆有,4 人以上,跟診協助、注射／抽血、衛教,純早診,150 以上,有，完整 1 小時,45-50,一律給,無,部分,依法給足,經常,中,2,8,66,30,10,進修學分補助、國外研討會補助,固定月薪,3,難以升遷,2,人力嚴重不足,allow,,allow,,,
2025-10-18,嘉義市,診所,欣民診所,泌尿／腸胃,護理師,泌尿／腸胃,健保特約為主,只有我一人,批價／掛號／櫃檯、注射／抽血、進貨／庫存／藥械管理,週末門診輪值,100–150,有，但常被中斷／縮短,45-50,一律給,有，足額投保,依法給,依法給足,偶爾,中,2,7,62,30,9,彈性工時,固定月薪,3,難以升遷,2,工時長但待遇可,allow,,allow,,,
2025-10-17 23:22,基隆市,診所,立安內科診所,家醫／一般內科,護理長,家醫／一般內科,兩者皆有,2–3 人,批價／掛號／櫃檯、給藥／藥品調劑協助,早＋午診,60–100,有，但常被中斷／縮短,35-40,合理範圍給,有，足額投保,依法給,依法給足,偶爾,低,6,7,95,40,14,,固定月薪,5,機會多,5,主管支持度高,allow,,,,,
2025-10-17 17:53,宜蘭縣,診所,明德小兒科診所,小兒科,跟診護理師,小兒科,健保特約為主,2–3 人,跟診協助、批價／掛號／櫃檯,早＋午診,60–100,無,40-45,合理範圍給,有，足額投保,依法給,依法給足,偶爾,中,6,8,62,30,9,年節獎金,固定月薪,4,普通,3,人力穩定但行政會議多,allow,,allow,,,
2025-10-17 15:36,苗栗縣,診所,宏恩骨科復健診所,骨科／復健,櫃檯護理師,骨科／復健,兩者皆有,4 人以上,跟診協助、注射／抽血、衛教,早＋午＋晚診,100–150,有，但常被中斷／縮短,35-40,合理範圍給,有，足額投保,部分,依法給足,經常,低,8,11,63,30,9,三節禮金,時薪,4,機會多,3,團隊互助強,allow,,allow,,,
2025-10-17 12:02,新竹市,診所,德安中醫診所,中醫,診所護理師,中醫,健保特約為主,4 人以上,批價／掛號／櫃檯、注射／抽血、進貨／庫存／藥械管理,早＋午＋晚診,30 以下,有，但常被中斷／縮短,35-40,合理範圍給,無,無／不清楚,幾乎無,偶爾,低,2,4,57,30,9,彈性工時,固定月薪,5,機會多,4,,,,allow,,,
2025-10-17 07:34,新竹市,診所,立安健檢中心,健檢,跟診護理師,健檢,自費為主（如醫美）,只有我一人,跟診協助、健保申報／行政、環境清潔／消毒,純早診,100–150,無,40-45,主管判斷,有，足額投保,無／不清楚,幾乎無,罕見,無,5,10,73,31,11,年節獎金,月薪＋看診量／獎金,4,機會多,3,案件多但學得快,allow,,allow,,,
2025-10-17,南投縣,診所,宏恩婦產科診所,婦產科,護理長,婦產科,健保特約為主,4 人以上,批價／掛號／櫃檯、給藥／藥品調劑協助,週末門診輪值,60–100,無,45-50,合理範圍給,有，但以多報少,依法給,打折,幾乎沒有,無,3,8,105,44,16,進修學分補助、國外研討會補助,固定月薪,4,普通,4,專科很強值得待,allow,,allow,,,
2025-10-17,苗栗縣,診所,安欣健檢中心,健檢,護理師,健檢,自費為主（如醫美）,2–3 人,跟診協助、健保申報／行政、環境清潔／消毒,早＋午＋晚診,60–100,無,45-50,一律給,無,部分,打折,偶爾,中,3,7,68,30,10,年節獎金,月薪＋看診量／獎金,4,機會多,3,訓練體系完整,allow,,allow,,,
2025-10-16,雲林縣,診所,康仁醫美診所,醫美,診所護理師,醫美,自費為主（如醫美）,2–3 人,醫美療程協助、衛教、進貨／庫存／藥械管理,早＋午診,30 以下,無,40-45,一律給,無,依法給,依法給足,經常,低,8,8,57,30,9,,固定月薪,4,機會多,3,夜班輪轉公平,allow,,,,,
2025-10-16,屏東縣,診所,仁愛診所,其他,跟診護理師,其他,健保特約為主,2–3 人,跟診協助、健保申報／行政、環境清潔／消毒,純早診,150 以上,有，完整 1 小時,40-45,主管判斷,有，足額投保,無／不清楚,依法給足,經常,無,4,6,61,30,9,三節禮金,固定月薪,5,機會多,5,兒科氣氛溫暖,allow,,allow,,,
2025-10-16,台中市,診所,光華皮膚科診所,皮膚科,跟診護理師,皮膚科,兩者皆有,只有我一人,批價／掛號／櫃檯、給藥／藥品調劑協助,含夜診,30–60,有，但常被中斷／縮短,40-45,合理範圍給,無,部分,依法給足,偶爾,低,5,9,72,30,11,年節獎金,固定月薪,5,機會多,4,訓練體系完整,allow,,allow,,,
2025-10-15 22:19,嘉義縣,診所,家和眼科診所,眼科,護理長,眼科,健保特約為主,4 人以上,跟診協助、批價／掛號／櫃檯,含夜診,60–100,有，但常被中斷／縮短,35-40,合理範圍給,有，足額投保,依法給,依法給足,幾乎沒有,低,6,8,105,44,16,進修學分補助、國外研討會補助,固定月薪,4,機會多,3,可學到很多技術,allow,,allow,,,
2025-10-15 18:18,新竹市,診所,康聯身心診所,身心科,護理長,身心科,兩者皆有,2–3 人,跟診協助、批價／掛號／櫃檯,純早診,100–150,無,40-45,一律給,有，足額投保,部分,幾乎無,罕見,低,7,8,102,43,15,三節禮金,月薪＋看診量／獎金,4,普通,4,氣氛輕鬆,allow,,allow,,,
2025-10-15,基隆市,診所,康聯醫美診所,醫美,護理師,醫美,自費為主（如醫美）,2–3 人,醫美療程協助、衛教、進貨／庫存／藥械管理,週末門診輪值,30–60,有，但常被中斷／縮短,40-45,主管判斷,有，足額投保,依法給,依法給足,幾乎沒有,中,6,9,67,30,10,托兒補助,固定月薪,3,普通,2,工時長但待遇可,allow,,allow,,,
2025-10-15,高雄市,診所,宏恩牙醫診所,牙科,護理長,牙科,健保特約為主,2–3 人,跟診協助、批價／掛號／櫃檯,含夜診,60–100,有，完整 1 小時,40-45,主管判斷,有，足額投保,依法給,依法給足,罕見,低,4,6,97,41,15,年度自強活動,月薪＋看診量／獎金,4,普通,3,門診作息穩定,allow,,allow,,,
2025-10-14 15:33,南投縣,診所,惠民內科診所,家醫／一般內科,診所護理師,家醫／一般內科,健保特約為主,2–3 人,跟診協助、注射／抽血、衛教,含夜診,100–150,無,40-45,合理範圍給,有，足額投保,依法給,幾乎無,罕見,低,4,5,60,30,9,年節獎金,固定月薪,4,機會多,4,主管支持度高,allow,,allow,,,
2025-10-14,嘉義市,診所,家和洗腎診所,洗腎診所,櫃檯護理師,洗腎診所,健保特約為主,只有我一人,批價／掛號／櫃檯、給藥／藥品調劑協助,早＋午＋晚診,60–100,有，但常被中斷／縮短,40-45,合理範圍給,有，但以多報少,依法給,依法給足,罕見,低,1,6,70,30,11,,月薪＋看診量／獎金,4,機會多,3,,,,,,,
2025-10-14,嘉義市,診所,大同中醫診所,中醫,護理師,中醫,兩者皆有,只有我一人,跟診協助、注射／抽血、衛教,週末門診輪值,60–100,無,40-45,合理範圍給,有，足額投保,部分,依法給足,幾乎沒有,中,4,7,70,30,11,年度自強活動,固定月薪,3,普通,2,人力極端不足,allow,,allow,,,
2025-10-13 14:54,宜蘭縣,診所,惠民小兒科診所,小兒科,櫃檯護理師,小兒科,健保特約為主,4 人以上,跟診協助、批價／掛號／櫃檯,週末門診輪值,60–100,無,40-45,合理範圍給,有，但以多報少,依法給,幾乎無,幾乎沒有,低,3,8,62,30,9,員工旅遊補助,月薪＋看診量／獎金,3,難以升遷,2,,,,allow,,,
2025-10-13 08:10,新竹市,診所,欣民身心診所,身心科,護理長,身心科,健保特約為主,只有我一人,跟診協助、健保申報／行政、環境清潔／消毒,早＋午＋晚診,30 以下,無,40-45,主管判斷,有，足額投保,依法給,打折,幾乎沒有,低,1,2,101,42,15,三節禮金,固定月薪,3,普通,2,主管常 stand-by 不夠,allow,,allow,,,
2025-10-13 07:01,苗栗縣,診所,仁愛骨科復健診所,骨科／復健,護理長,骨科／復健,健保特約為主,只有我一人,批價／掛號／櫃檯、注射／抽血、進貨／庫存／藥械管理,含夜診,30 以下,有，但常被中斷／縮短,40-45,一律給,有，足額投保,部分,依法給足,幾乎沒有,低,5,8,104,44,16,員工旅遊補助,時薪,3,普通,2,,,,allow,,,
2025-10-12 14:41,苗栗縣,診所,家和中醫診所,中醫,櫃檯護理師,中醫,兩者皆有,2–3 人,跟診協助、健保申報／行政、環境清潔／消毒,早＋午診,60–100,有，完整 1 小時,45-50,一律給,無,依法給,依法給足,罕見,低,6,7,58,30,9,員工旅遊補助,固定月薪,4,機會多,3,訓練體系完整,allow,,allow,,,
2025-10-12,基隆市,診所,宏恩身心診所,身心科,跟診護理師,身心科,健保特約為主,只有我一人,跟診協助、傷口換藥／小手術協助、疫苗接種,早＋午＋晚診,150 以上,無,45-50,合理範圍給,有，足額投保,依法給,打折,罕見,低,5,10,69,30,10,彈性工時,月薪＋看診量／獎金,3,機會多,3,案件多但學得快,allow,,allow,,,
2025-10-12,南投縣,診所,惠民小兒科診所,小兒科,護理長,小兒科,健保特約為主,2–3 人,跟診協助、批價／掛號／櫃檯,含夜診,30–60,無,45-50,合理範圍給,無,部分,依法給足,幾乎沒有,低,8,8,95,40,14,年節獎金,月薪＋看診量／獎金,3,普通,3,兒科氣氛溫暖,allow,,allow,,,
2025-10-11 18:56,桃園市,診所,明德醫美診所,醫美,護理長,醫美,自費為主（如醫美）,只有我一人,醫美療程協助、注射／抽血、衛教,純早診,150 以上,有，完整 1 小時,45-50,一律給,有，足額投保,依法給,打折,幾乎沒有,低,6,8,108,45,16,員工旅遊補助,月薪＋看診量／獎金,3,難以升遷,2,案件量大但有規矩,allow,,allow,,,
2025-10-11 10:40,桃園市,診所,立安健檢中心,健檢,診所護理師,健檢,自費為主（如醫美）,只有我一人,跟診協助、健保申報／行政、環境清潔／消毒,含夜診,100–150,無,45-50,一律給,有，足額投保,部分,依法給足,經常,中,6,12,65,30,10,三節禮金,月薪＋看診量／獎金,4,普通,3,工時長但待遇可,allow,,allow,,,
2025-10-11 09:09,台東縣,診所,惠民健檢中心,健檢,跟診護理師,健檢,兩者皆有,只有我一人,跟診協助、批價／掛號／櫃檯,早＋午＋晚診,60–100,有，但常被中斷／縮短,45-50,主管判斷,有，足額投保,依法給,打折,罕見,低,6,6,69,30,10,員工旅遊補助,月薪＋看診量／獎金,3,普通,3,兒科氣氛溫暖,allow,,allow,,,
2025-10-11,桃園市,診所,康聯骨科復健診所,骨科／復健,跟診護理師,骨科／復健,兩者皆有,只有我一人,批價／掛號／櫃檯、給藥／藥品調劑協助,週末門診輪值,150 以上,有，完整 1 小時,35-40,合理範圍給,有，足額投保,依法給,打折,罕見,低,8,11,66,30,10,,固定月薪,3,普通,3,,,,,,,
2025-10-11,新竹市,診所,安欣皮膚科診所,皮膚科,診所護理師,皮膚科,健保特約為主,2–3 人,跟診協助、批價／掛號／櫃檯,早＋午＋晚診,60–100,有，但常被中斷／縮短,35-40,一律給,有，但以多報少,無／不清楚,打折,罕見,中,4,10,57,30,9,,時薪,3,機會多,3,可學到很多技術,allow,,,,,
2025-10-11,基隆市,診所,康仁皮膚科診所,皮膚科,護理長,皮膚科,健保特約為主,2–3 人,跟診協助、傷口換藥／小手術協助、疫苗接種,含夜診,60–100,有，完整 1 小時,40-45,合理範圍給,有，足額投保,依法給,依法給足,經常,低,1,6,98,41,15,員工旅遊補助,固定月薪,3,普通,2,主管常 stand-by 不夠,allow,,allow,,,
2025-10-11,南投縣,診所,家和牙醫診所,牙科,櫃檯護理師,牙科,健保特約為主,只有我一人,跟診協助、注射／抽血、衛教,週末門診輪值,30 以下,有，完整 1 小時,35-40,合理範圍給,有，但以多報少,依法給,依法給足,幾乎沒有,中,5,9,61,30,9,員工旅遊補助,月薪＋看診量／獎金,3,普通,3,案件多但學得快,allow,,allow,,,
2025-10-11,嘉義縣,診所,康仁診所,其他,護理師,其他,健保特約為主,只有我一人,批價／掛號／櫃檯、注射／抽血、進貨／庫存／藥械管理,週末門診輪值,60–100,有，但常被中斷／縮短,35-40,主管判斷,無,依法給,幾乎無,罕見,低,6,8,69,30,10,員工旅遊補助,月薪＋看診量／獎金,4,機會多,4,團隊互助強,allow,,allow,,,
2025-10-09 10:46,苗栗縣,診所,德安健檢中心,健檢,跟診護理師,健檢,兩者皆有,2–3 人,跟診協助、注射／抽血、衛教,週末門診輪值,30–60,有，完整 1 小時,40-45,一律給,有，足額投保,依法給,依法給足,幾乎沒有,低,3,9,58,30,9,年節獎金,固定月薪,5,普通,5,同事關係好,allow,,allow,,,
2025-10-09,嘉義市,診所,光華診所,泌尿／腸胃,診所護理師,泌尿／腸胃,健保特約為主,只有我一人,跟診協助、傷口換藥／小手術協助、疫苗接種,早＋午診,60–100,有，但常被中斷／縮短,40-45,一律給,有，足額投保,依法給,幾乎無,經常,無,3,8,73,31,11,員工健檢自費項目補助,固定月薪,4,機會多,3,,,,allow,,,
2025-10-09,彰化縣,診所,明德婦產科診所,婦產科,診所護理師,婦產科,健保特約為主,4 人以上,跟診協助、傷口換藥／小手術協助、疫苗接種,純早診,60–100,無,45-50,合理範圍給,有，足額投保,依法給,幾乎無,經常,低,2,3,59,30,9,三節禮金,固定月薪,4,普通,3,加班頻率可接受,allow,,allow,,,
2025-10-09,基隆市,診所,家和健檢中心,健檢,跟診護理師,健檢,自費為主（如醫美）,只有我一人,跟診協助、批價／掛號／櫃檯,純早診,30–60,有，但常被中斷／縮短,40-45,合理範圍給,有，但以多報少,部分,幾乎無,幾乎沒有,低,7,8,59,30,9,年節獎金,月薪＋看診量／獎金,3,普通,2,工時長但待遇可,allow,,allow,,,
2025-10-09,苗栗縣,診所,德安小兒科診所,小兒科,跟診護理師,小兒科,兩者皆有,4 人以上,跟診協助、批價／掛號／櫃檯,早＋午＋晚診,60–100,無,45-50,合理範圍給,有，但以多報少,依法給,依法給足,罕見,中,1,5,67,30,10,年節獎金,固定月薪,4,機會多,3,工時長但待遇可,allow,,allow,,,
2025-10-09,台中市,診所,康仁中醫診所,中醫,跟診護理師,中醫,健保特約為主,4 人以上,跟診協助、批價／掛號／櫃檯,早＋午診,30 以下,無,40-45,主管判斷,有，足額投保,部分,幾乎無,經常,低,8,11,70,30,11,三節禮金,固定月薪,3,機會多,3,,,,allow,,,
2025-10-08 19:05,新北市,診所,仁愛醫美診所,醫美,護理師,醫美,自費為主（如醫美）,2–3 人,疫苗接種,純早診,30 以下,有，完整 1 小時,35-40,一律給,有，但以多報少,部分,依法給足,罕見,低,2,2,63,30,9,員工旅遊補助,固定月薪,4,機會多,4,同事關係好,allow,,allow,,,
2025-10-08,桃園市,診所,安欣中醫診所,中醫,護理師,中醫,健保特約為主,只有我一人,跟診協助、批價／掛號／櫃檯,早＋午診,30–60,有，但常被中斷／縮短,40-45,合理範圍給,有，但以多報少,無／不清楚,依法給足,罕見,中,3,8,71,30,11,員工旅遊補助,時薪,4,機會多,3,排班相對人性化,allow,,allow,,,
2025-10-08,雲林縣,診所,大同健檢中心,健檢,診所護理師,健檢,兩者皆有,只有我一人,跟診協助、健保申報／行政、環境清潔／消毒,週末門診輪值,60–100,有，完整 1 小時,45-50,一律給,有，足額投保,無／不清楚,幾乎無,幾乎沒有,低,8,13,64,30,10,員工旅遊補助,時薪,5,普通,5,案件多但學得快,allow,,allow,,,
2025-10-07 20:00,基隆市,診所,立安皮膚科診所,皮膚科,診所護理師,皮膚科,健保特約為主,2–3 人,跟診協助、注射／抽血、衛教,早＋午＋晚診,30–60,有，完整 1 小時,40-45,一律給,無,無／不清楚,依法給足,幾乎沒有,無,3,7,59,30,9,,固定月薪,4,機會多,4,主管支持度高,allow,,,,,
2025-10-07 17:56,台南市,診所,仁愛骨科復健診所,骨科／復健,櫃檯護理師,骨科／復健,健保特約為主,只有我一人,跟診協助、傷口換藥／小手術協助、疫苗接種,早＋午＋晚診,30 以下,有，但常被中斷／縮短,45-50,合理範圍給,有，足額投保,依法給,打折,經常,低,6,12,61,30,9,年度自強活動,月薪＋看診量／獎金,4,普通,4,主管支持度高,allow,,allow,,,
2025-10-07 15:49,新北市,診所,立安診所,其他,護理長,其他,兩者皆有,只有我一人,跟診協助、傷口換藥／小手術協助、疫苗接種,純早診,100–150,有，完整 1 小時,40-45,一律給,有，足額投保,依法給,打折,罕見,低,6,11,108,45,16,員工旅遊補助,時薪,4,機會多,3,,,,allow,,,
2025-10-07 14:15,宜蘭縣,診所,德安健檢中心,健檢,護理長,健檢,自費為主（如醫美）,只有我一人,跟診協助、健保申報／行政、環境清潔／消毒,週末門診輪值,100–150,有，但常被中斷／縮短,35-40,主管判斷,有，但以多報少,依法給,幾乎無,罕見,無,8,13,105,44,16,年節獎金,固定月薪,3,難以升遷,2,沒人沒錢沒尊重,allow,,allow,,,
2025-10-07,基隆市,診所,明德骨科復健診所,骨科／復健,護理長,骨科／復健,兩者皆有,2–3 人,跟診協助、批價／掛號／櫃檯,純早診,150 以上,有，完整 1 小時,40-45,一律給,無,無／不清楚,打折,經常,中,8,12,101,42,15,年節獎金,固定月薪,3,普通,2,新人零保護,allow,,allow,,,
2025-10-07,高雄市,診所,大同中醫診所,中醫,跟診護理師,中醫,健保特約為主,2–3 人,批價／掛號／櫃檯、給藥／藥品調劑協助,純早診,150 以上,無,40-45,主管判斷,無,依法給,打折,偶爾,中,7,11,71,30,11,年節獎金,時薪,3,普通,3,團隊互助強,allow,,allow,,,
2025-10-06 14:01,台東縣,診所,家和洗腎診所,洗腎診所,櫃檯護理師,洗腎診所,兩者皆有,只有我一人,跟診協助、批價／掛號／櫃檯,含夜診,150 以上,有，但常被中斷／縮短,45-50,一律給,有，足額投保,依法給,依法給足,經常,中,6,8,72,30,11,彈性工時,時薪,5,普通,4,資深領班受重視,allow,,allow,,,
2025-10-06,南投縣,診所,明德健檢中心,健檢,跟診護理師,健檢,兩者皆有,只有我一人,跟診協助、注射／抽血、衛教,純早診,60–100,無,40-45,主管判斷,有，但以多報少,依法給,幾乎無,偶爾,無,5,10,70,30,11,年節獎金,時薪,4,機會多,4,排班相對人性化,allow,,allow,,,
2025-10-06,基隆市,診所,立安小兒科診所,小兒科,護理師,小兒科,健保特約為主,只有我一人,批價／掛號／櫃檯、注射／抽血、進貨／庫存／藥械管理,純早診,30–60,無,40-45,主管判斷,無,依法給,依法給足,經常,低,8,8,66,30,10,彈性工時,固定月薪,4,機會多,3,可學到很多技術,allow,,allow,,,
2025-10-05 23:04,苗栗縣,診所,康仁骨科復健診所,骨科／復健,護理長,骨科／復健,兩者皆有,2–3 人,跟診協助、健保申報／行政、環境清潔／消毒,純早診,100–150,無,45-50,合理範圍給,無,部分,依法給足,經常,低,6,10,93,39,14,年節獎金,固定月薪,4,機會多,3,新人訓練紮實,allow,,allow,,,
2025-10-05,宜蘭縣,診所,杏一洗腎診所,洗腎診所,診所護理師,洗腎診所,健保特約為主,只有我一人,跟診協助、批價／掛號／櫃檯,早＋午診,100–150,有，但常被中斷／縮短,40-45,合理範圍給,有，足額投保,無／不清楚,打折,罕見,中,1,3,61,30,9,彈性工時,時薪,4,機會多,4,兒科氣氛溫暖,allow,,allow,,,
2025-10-05,高雄市,診所,惠民健檢中心,健檢,跟診護理師,健檢,自費為主（如醫美）,4 人以上,跟診協助、健保申報／行政、環境清潔／消毒,純早診,60–100,有，但常被中斷／縮短,40-45,主管判斷,有，足額投保,依法給,打折,經常,無,6,7,69,30,10,員工旅遊補助,時薪,3,難以升遷,2,主管常 stand-by 不夠,allow,,allow,,,
2025-10-04,基隆市,診所,康聯眼科診所,眼科,護理師,眼科,健保特約為主,2–3 人,跟診協助、傷口換藥／小手術協助、疫苗接種,含夜診,30 以下,有，完整 1 小時,40-45,主管判斷,無,無／不清楚,依法給足,經常,低,8,8,72,30,11,年節獎金,固定月薪,4,機會多,4,安寧團隊互相 support,allow,,allow,,,
2025-10-04,嘉義縣,診所,惠民皮膚科診所,皮膚科,跟診護理師,皮膚科,健保特約為主,2–3 人,跟診協助、注射／抽血、衛教,早＋午＋晚診,30–60,有，但常被中斷／縮短,40-45,合理範圍給,有，足額投保,依法給,依法給足,罕見,無,7,7,68,30,10,員工旅遊補助,月薪＋看診量／獎金,4,機會多,5,,,,allow,,,
2025-10-04,台北市,診所,康仁診所,其他,護理長,其他,兩者皆有,只有我一人,批價／掛號／櫃檯、注射／抽血、進貨／庫存／藥械管理,早＋午診,60–100,有，完整 1 小時,35-40,合理範圍給,有，足額投保,部分,依法給足,經常,低,1,1,103,43,15,員工旅遊補助,固定月薪,4,普通,4,主管支持度高,allow,,allow,,,
2025-10-03 22:29,宜蘭縣,診所,安欣骨科復健診所,骨科／復健,櫃檯護理師,骨科／復健,兩者皆有,2–3 人,跟診協助、健保申報／行政、環境清潔／消毒,純早診,100–150,有，完整 1 小時,45-50,主管判斷,有，足額投保,無／不清楚,依法給足,經常,低,8,8,71,30,11,員工餐廳伙食補助,固定月薪,5,機會多,4,,,,allow,,,
2025-10-03,屏東縣,診所,仁愛小兒科診所,小兒科,護理師,小兒科,健保特約為主,4 人以上,跟診協助、傷口換藥／小手術協助、疫苗接種,早＋午診,150 以上,有，但常被中斷／縮短,40-45,主管判斷,有，足額投保,依法給,依法給足,經常,無,7,11,64,30,10,三節禮金,固定月薪,4,機會多,3,氣氛輕鬆,allow,,allow,,,
2025-10-03,屏東縣,診所,惠民診所,泌尿／腸胃,護理師,泌尿／腸胃,健保特約為主,只有我一人,跟診協助、批價／掛號／櫃檯,含夜診,60–100,有，但常被中斷／縮短,40-45,合理範圍給,無,無／不清楚,依法給足,幾乎沒有,中,3,7,66,30,10,年節獎金,時薪,3,普通,2,leader 形同虛設,allow,,allow,,,
2025-10-02 10:39,台南市,診所,宏恩婦產科診所,婦產科,櫃檯護理師,婦產科,兩者皆有,只有我一人,批價／掛號／櫃檯、注射／抽血、進貨／庫存／藥械管理,早＋午診,30–60,有，但常被中斷／縮短,35-40,一律給,有，足額投保,無／不清楚,幾乎無,幾乎沒有,中,7,7,67,30,10,年節獎金,固定月薪,4,機會多,4,,,,allow,,,
2025-10-01 08:29,新北市,診所,杏一健檢中心,健檢,診所護理師,健檢,兩者皆有,2–3 人,批價／掛號／櫃檯、給藥／藥品調劑協助,早＋午＋晚診,100–150,無,40-45,合理範圍給,有，但以多報少,無／不清楚,幾乎無,罕見,低,1,3,69,30,10,員工旅遊補助,時薪,4,普通,3,門診作息穩定,allow,,allow,,,
2025-10-01,台中市,診所,仁愛健檢中心,健檢,護理師,健檢,自費為主（如醫美）,2–3 人,跟診協助、傷口換藥／小手術協助、疫苗接種,純早診,100–150,有，完整 1 小時,40-45,一律給,有，但以多報少,依法給,幾乎無,幾乎沒有,無,8,13,71,30,11,三節禮金,月薪＋看診量／獎金,4,機會多,3,夜班輪轉公平,allow,,allow,,,
2025-09-30 15:12,苗栗縣,診所,安欣婦產科診所,婦產科,櫃檯護理師,婦產科,健保特約為主,4 人以上,跟診協助、注射／抽血、衛教,含夜診,60–100,無,45-50,一律給,有，足額投保,依法給,打折,幾乎沒有,低,7,8,61,30,9,三節禮金,固定月薪,4,機會多,4,同事關係好,allow,,allow,,,
2025-09-30,花蓮縣,診所,仁愛洗腎診所,洗腎診所,診所護理師,洗腎診所,健保特約為主,只有我一人,跟診協助、批價／掛號／櫃檯,週末門診輪值,30–60,有，完整 1 小時,40-45,一律給,有，足額投保,依法給,幾乎無,幾乎沒有,無,3,5,65,30,10,員工旅遊補助,固定月薪,5,普通,4,,,,allow,,,
2025-09-30,苗栗縣,診所,康仁診所,其他,診所護理師,其他,兩者皆有,2–3 人,跟診協助、注射／抽血、衛教,早＋午診,30–60,有，但常被中斷／縮短,40-45,主管判斷,有，足額投保,依法給,依法給足,經常,低,4,9,57,30,9,員工旅遊補助,月薪＋看診量／獎金,4,機會多,4,,,,allow,,,
2025-09-30,屏東縣,診所,欣民診所,泌尿／腸胃,診所護理師,泌尿／腸胃,健保特約為主,只有我一人,批價／掛號／櫃檯、注射／抽血、進貨／庫存／藥械管理,含夜診,60–100,有，完整 1 小時,35-40,合理範圍給,有，但以多報少,依法給,打折,幾乎沒有,低,8,13,59,30,9,員工旅遊補助,月薪＋看診量／獎金,4,機會多,3,主管支持度高,allow,,allow,,,
2025-09-29 15:24,雲林縣,診所,杏一牙醫診所,牙科,護理師,牙科,健保特約為主,2–3 人,跟診協助、注射／抽血、衛教,純早診,30 以下,無,35-40,合理範圍給,有，但以多報少,依法給,依法給足,罕見,低,8,9,66,30,10,,固定月薪,3,難以升遷,2,,,,,,,
2025-09-29,台北市,診所,仁愛身心診所,身心科,櫃檯護理師,身心科,健保特約為主,2–3 人,批價／掛號／櫃檯、給藥／藥品調劑協助,純早診,30–60,有，完整 1 小時,40-45,合理範圍給,有，足額投保,依法給,依法給足,經常,低,8,11,63,30,9,員工餐廳伙食補助,月薪＋看診量／獎金,3,普通,2,案件量大但有規矩,allow,,allow,,,
2025-09-28 16:03,雲林縣,診所,欣民皮膚科診所,皮膚科,護理師,皮膚科,健保特約為主,只有我一人,跟診協助、傷口換藥／小手術協助、疫苗接種,早＋午診,150 以上,無,40-45,合理範圍給,有，但以多報少,無／不清楚,依法給足,偶爾,低,1,5,57,30,9,年節獎金,時薪,3,難以升遷,2,專科氣氛 OK,allow,,allow,,,
2025-09-28,屏東縣,診所,康聯醫美診所,醫美,跟診護理師,醫美,自費為主（如醫美）,2–3 人,醫美療程協助、注射／抽血、衛教,含夜診,60–100,有，完整 1 小時,40-45,一律給,無,無／不清楚,打折,幾乎沒有,低,1,5,73,31,11,員工旅遊補助,固定月薪,4,機會多,4,氣氛輕鬆,allow,,allow,,,
2025-09-28,苗栗縣,診所,杏一婦產科診所,婦產科,護理長,婦產科,健保特約為主,2–3 人,跟診協助、注射／抽血、衛教,週末門診輪值,30 以下,有，完整 1 小時,40-45,主管判斷,無,依法給,打折,幾乎沒有,低,8,11,93,39,14,生日禮金、三節禮券,固定月薪,3,機會多,3,薪資與制度都優,allow,,allow,,,
2025-09-28,台東縣,診所,大同健檢中心,健檢,護理師,健檢,兩者皆有,4 人以上,批價／掛號／櫃檯、注射／抽血、進貨／庫存／藥械管理,早＋午診,60–100,有，但常被中斷／縮短,35-40,主管判斷,有，足額投保,依法給,依法給足,罕見,無,8,14,63,30,9,員工餐廳伙食補助,月薪＋看診量／獎金,4,普通,3,主管支持度高,allow,,allow,,,
2025-09-27,嘉義縣,診所,欣民診所,其他,跟診護理師,其他,健保特約為主,2–3 人,批價／掛號／櫃檯、給藥／藥品調劑協助,早＋午診,150 以上,無,40-45,合理範圍給,有，足額投保,部分,依法給足,經常,中,5,6,73,31,11,彈性工時,固定月薪,3,普通,3,同事關係好,allow,,allow,,,
2025-09-27,新竹縣,診所,德安眼科診所,眼科,跟診護理師,眼科,健保特約為主,只有我一人,跟診協助、健保申報／行政、環境清潔／消毒,含夜診,60–100,有，完整 1 小時,45-50,一律給,有，足額投保,依法給,依法給足,罕見,低,5,11,71,30,11,員工旅遊補助,固定月薪,4,普通,3,主管管太細,allow,,allow,,,
2025-09-27,台北市,診所,仁愛健檢中心,健檢,護理師,健檢,自費為主（如醫美）,只有我一人,批價／掛號／櫃檯、注射／抽血、進貨／庫存／藥械管理,早＋午診,60–100,有，但常被中斷／縮短,40-45,主管判斷,有，但以多報少,無／不清楚,幾乎無,偶爾,中,6,8,60,30,9,進修學分補助、國外研討會補助,月薪＋看診量／獎金,4,普通,4,薪資與制度都優,allow,,allow,,,
2025-09-27,桃園市,診所,安欣骨科復健診所,骨科／復健,護理長,骨科／復健,健保特約為主,只有我一人,跟診協助、傷口換藥／小手術協助、疫苗接種,早＋午＋晚診,60–100,有，但常被中斷／縮短,40-45,合理範圍給,無,無／不清楚,依法給足,幾乎沒有,低,3,9,105,44,16,員工旅遊補助,月薪＋看診量／獎金,4,機會多,3,,,,allow,,,
2025-09-27,高雄市,診所,德安洗腎診所,洗腎診所,護理長,洗腎診所,健保特約為主,只有我一人,跟診協助、健保申報／行政、環境清潔／消毒,早＋午診,100–150,無,45-50,合理範圍給,有，足額投保,部分,依法給足,罕見,低,7,8,107,45,16,年節獎金,時薪,3,普通,3,兒科氣氛溫暖,allow,,allow,,,
2025-09-26 21:47,台北市,診所,惠民醫美診所,醫美,跟診護理師,醫美,自費為主（如醫美）,只有我一人,醫美療程協助、衛教、進貨／庫存／藥械管理,週末門診輪值,60–100,無,45-50,合理範圍給,有，足額投保,部分,幾乎無,幾乎沒有,低,5,10,67,30,10,三節禮金,月薪＋看診量／獎金,4,普通,4,主管支持度高,allow,,allow,,,
2025-09-26,基隆市,診所,惠民婦產科診所,婦產科,跟診護理師,婦產科,健保特約為主,只有我一人,跟診協助、批價／掛號／櫃檯,含夜診,100–150,有，但常被中斷／縮短,40-45,合理範圍給,有，足額投保,無／不清楚,打折,偶爾,無,2,8,59,30,9,三節禮金,月薪＋看診量／獎金,3,普通,2,新人訓練紮實,allow,,allow,,,
2025-09-26,嘉義縣,診所,安欣診所,其他,護理師,其他,健保特約為主,2–3 人,跟診協助、傷口換藥／小手術協助、疫苗接種,早＋午診,150 以上,無,45-50,主管判斷,有，足額投保,依法給,幾乎無,經常,無,1,6,66,30,10,三節禮金,固定月薪,3,普通,3,案件多但學得快,allow,,allow,,,
2025-09-26,基隆市,診所,明德中醫診所,中醫,護理長,中醫,健保特約為主,4 人以上,跟診協助、傷口換藥／小手術協助、疫苗接種,早＋午＋晚診,60–100,有，但常被中斷／縮短,35-40,主管判斷,無,部分,幾乎無,經常,低,3,8,107,45,16,年度自強活動,時薪,5,機會多,5,排班相對人性化,allow,,allow,,,
2025-09-25 19:12,嘉義縣,診所,杏一診所,其他,櫃檯護理師,其他,健保特約為主,只有我一人,批價／掛號／櫃檯、注射／抽血、進貨／庫存／藥械管理,早＋午＋晚診,150 以上,無,40-45,合理範圍給,無,部分,幾乎無,幾乎沒有,無,8,9,69,30,10,彈性工時,固定月薪,3,普通,2,工時超長,allow,,allow,,,
2025-09-25 09:41,新北市,診所,仁愛中醫診所,中醫,護理長,中醫,兩者皆有,只有我一人,批價／掛號／櫃檯、注射／抽血、進貨／庫存／藥械管理,早＋午＋晚診,60–100,有，但常被中斷／縮短,45-50,主管判斷,有，足額投保,部分,幾乎無,偶爾,中,3,8,107,45,16,,固定月薪,4,機會多,3,訓練體系完整,allow,,,,,
2025-09-25,雲林縣,診所,惠民診所,其他,診所護理師,其他,兩者皆有,2–3 人,跟診協助、健保申報／行政、環境清潔／消毒,早＋午＋晚診,150 以上,有，但常被中斷／縮短,40-45,合理範圍給,有，足額投保,依法給,依法給足,偶爾,低,1,1,73,31,11,進修學分補助、國外研討會補助,固定月薪,3,普通,3,排班相對人性化,allow,,allow,,,
2025-09-25,嘉義市,診所,立安骨科復健診所,骨科／復健,護理長,骨科／復健,兩者皆有,只有我一人,跟診協助、批價／掛號／櫃檯,含夜診,60–100,無,45-50,合理範圍給,有，但以多報少,依法給,打折,經常,低,4,5,106,45,16,進修學分補助、國外研討會補助,固定月薪,3,機會多,3,可學到很多技術,allow,,allow,,,
2025-09-25,雲林縣,診所,宏恩健檢中心,健檢,跟診護理師,健檢,兩者皆有,2–3 人,跟診協助、健保申報／行政、環境清潔／消毒,早＋午診,30–60,有，但常被中斷／縮短,45-50,一律給,有，足額投保,依法給,依法給足,幾乎沒有,中,3,8,70,30,11,員工旅遊補助,月薪＋看診量／獎金,4,機會多,4,排班相對人性化,allow,,allow,,,
2025-09-24 22:20,基隆市,診所,惠民診所,其他,護理師,其他,兩者皆有,2–3 人,跟診協助、健保申報／行政、環境清潔／消毒,含夜診,100–150,有，但常被中斷／縮短,45-50,合理範圍給,有，足額投保,無／不清楚,幾乎無,偶爾,無,3,5,63,30,9,年節獎金,固定月薪,4,普通,4,團隊互助強,allow,,allow,,,
2025-09-24,宜蘭縣,診所,立安醫美診所,醫美,診所護理師,醫美,自費為主（如醫美）,只有我一人,衛教,早＋午＋晚診,60–100,有，完整 1 小時,45-50,合理範圍給,有，足額投保,依法給,幾乎無,罕見,低,6,12,64,30,10,三節禮金,固定月薪,5,普通,5,兒科氣氛溫暖,allow,,allow,,,
2025-09-24,花蓮縣,診所,杏一診所,其他,護理長,其他,健保特約為主,只有我一人,跟診協助、注射／抽血、衛教,週末門診輪值,100–150,無,40-45,合理範圍給,無,無／不清楚,依法給足,偶爾,低,4,10,97,41,15,員工旅遊補助,固定月薪,4,機會多,3,主管支持度高,allow,,allow,,,
2025-09-24,台北市,診所,明德診所,其他,櫃檯護理師,其他,健保特約為主,4 人以上,批價／掛號／櫃檯、注射／抽血、進貨／庫存／藥械管理,週末門診輪值,150 以上,有，但常被中斷／縮短,35-40,合理範圍給,有，但以多報少,無／不清楚,依法給足,經常,無,4,4,57,30,9,員工旅遊補助,固定月薪,4,普通,4,,,,allow,,,
2025-09-24,台北市,診所,光華小兒科診所,小兒科,護理長,小兒科,健保特約為主,2–3 人,跟診協助、注射／抽血、衛教,週末門診輪值,150 以上,有，完整 1 小時,45-50,一律給,無,依法給,依法給足,罕見,低,1,3,103,43,15,員工旅遊補助,固定月薪,4,機會多,4,團隊互助強,allow,,allow,,,
2025-09-23 23:08,嘉義市,診所,立安醫美診所,醫美,櫃檯護理師,醫美,自費為主（如醫美）,只有我一人,醫美療程協助、衛教、進貨／庫存／藥械管理,早＋午＋晚診,30–60,有，但常被中斷／縮短,35-40,合理範圍給,有，足額投保,無／不清楚,幾乎無,幾乎沒有,無,5,8,71,30,11,宿舍（單人房）,固定月薪,3,普通,3,可學到很多技術,allow,,allow,,,
2025-09-23 16:29,花蓮縣,診所,家和醫美診所,醫美,診所護理師,醫美,自費為主（如醫美）,4 人以上,醫美療程協助、衛教、進貨／庫存／藥械管理,純早診,30–60,有，完整 1 小時,35-40,合理範圍給,有，足額投保,部分,打折,偶爾,低,6,10,69,30,10,年節獎金,月薪＋看診量／獎金,3,機會多,3,,,,allow,,,
2025-09-23 13:06,台北市,診所,明德小兒科診所,小兒科,護理師,小兒科,健保特約為主,只有我一人,跟診協助、健保申報／行政、環境清潔／消毒,含夜診,100–150,有，但常被中斷／縮短,45-50,一律給,有，足額投保,無／不清楚,打折,罕見,低,6,9,67,30,10,員工健檢自費項目補助,固定月薪,4,普通,3,門診作息穩定,allow,,allow,,,
2025-09-23,苗栗縣,診所,安欣耳鼻喉科診所,耳鼻喉科,診所護理師,耳鼻喉科,健保特約為主,只有我一人,跟診協助、傷口換藥／小手術協助、疫苗接種,含夜診,60–100,有，但常被中斷／縮短,40-45,合理範圍給,無,依法給,幾乎無,經常,低,7,7,70,30,11,醫療費用員工優惠,固定月薪,3,機會多,3,新人訓練紮實,allow,,allow,,,
2025-09-22 11:03,新竹市,診所,家和小兒科診所,小兒科,診所護理師,小兒科,健保特約為主,只有我一人,跟診協助、傷口換藥／小手術協助、疫苗接種,早＋午診,60–100,無,35-40,合理範圍給,無,部分,依法給足,罕見,低,1,7,61,30,9,彈性工時,固定月薪,3,機會多,3,可學到很多技術,allow,,allow,,,
2025-09-22 07:02,台中市,診所,光華身心診所,身心科,跟診護理師,身心科,兩者皆有,4 人以上,跟診協助、健保申報／行政、環境清潔／消毒,早＋午診,30 以下,有，但常被中斷／縮短,40-45,一律給,有，足額投保,部分,依法給足,罕見,低,8,14,57,30,9,員工旅遊補助,固定月薪,4,普通,3,案件量大但有規矩,allow,,allow,,,
2025-09-22,南投縣,診所,安欣身心診所,身心科,櫃檯護理師,身心科,健保特約為主,只有我一人,跟診協助、傷口換藥／小手術協助、疫苗接種,早＋午＋晚診,60–100,無,40-45,合理範圍給,有，足額投保,依法給,依法給足,幾乎沒有,低,5,11,60,30,9,年節獎金,月薪＋看診量／獎金,4,機會多,3,我們單位缺人快來，加 LINE 問我，介紹有獎金。,block,廣告或招攬,allow,,,
2025-09-22,新北市,診所,安欣洗腎診所,洗腎診所,護理師,洗腎診所,健保特約為主,只有我一人,跟診協助、批價／掛號／櫃檯,早＋午診,60–100,無,45-50,合理範圍給,有，足額投保,無／不清楚,打折,罕見,無,2,3,67,30,10,,固定月薪,4,機會多,4,聽說主管會把加班時數改掉，申報的跟實際差很多。,review,不實指控,,,,
2025-09-22,雲林縣,診所,安欣內科診所,家醫／一般內科,診所護理師,家醫／一般內科,兩者皆有,只有我一人,跟診協助、注射／抽血、衛教,早＋午診,30–60,無,45-50,主管判斷,無,部分,依法給足,經常,低,5,6,69,30,10,三節禮金,固定月薪,4,機會多,3,加班頻率可接受,allow,,allow,,,
2025-09-21 09:11,新竹縣,診所,明德健檢中心,健檢,櫃檯護理師,健檢,兩者皆有,只有我一人,跟診協助、健保申報／行政、環境清潔／消毒,純早診,60–100,有，但常被中斷／縮短,40-45,合理範圍給,有，足額投保,依法給,打折,經常,無,7,8,59,30,9,宿舍（單人房）,固定月薪,4,機會多,4,可學到很多技術,allow,,allow,,,
2025-09-21 09:02,嘉義縣,診所,康聯洗腎診所,洗腎診所,櫃檯護理師,洗腎診所,兩者皆有,只有我一人,跟診協助、傷口換藥／小手術協助、疫苗接種,含夜診,60–100,有，但常被中斷／縮短,40-45,主管判斷,有，但以多報少,依法給,依法給足,罕見,中,5,11,67,30,10,員工旅遊補助,時薪,4,普通,4,可學到很多技術,allow,,allow,,,
2025-09-21 08:35,宜蘭縣,診所,康聯眼科診所,眼科,護理長,眼科,兩者皆有,2–3 人,跟診協助、健保申報／行政、環境清潔／消毒,早＋午＋晚診,100–150,無,35-40,一律給,有，但以多報少,無／不清楚,依法給足,偶爾,低,8,9,97,41,15,員工旅遊補助,固定月薪,2,難以升遷,1,夜班暴力事件多,allow,,allow,,,
2025-09-21,新竹縣,診所,大同診所,泌尿／腸胃,護理長,泌尿／腸胃,健保特約為主,2–3 人,跟診協助、健保申報／行政、環境清潔／消毒,純早診,150 以上,無,45-50,合理範圍給,無,無／不清楚,依法給足,幾乎沒有,低,2,4,98,41,15,三節禮金,固定月薪,3,普通,2,夜班輪轉公平,allow,,allow,,,
2025-09-21,嘉義縣,診所,欣民診所,泌尿／腸胃,櫃檯護理師,泌尿／腸胃,健保特約為主,2–3 人,跟診協助、健保申報／行政、環境清潔／消毒,含夜診,100–150,有，但常被中斷／縮短,40-45,主管判斷,有，足額投保,依法給,打折,幾乎沒有,無,7,11,68,30,10,三節禮金,月薪＋看診量／獎金,3,難以升遷,1,,,,allow,,,
2025-09-21,苗栗縣,診所,立安骨科復健診所,骨科／復健,診所護理師,骨科／復健,健保特約為主,只有我一人,批價／掛號／櫃檯、注射／抽血、進貨／庫存／藥械管理,週末門診輪值,60–100,有，完整 1 小時,40-45,主管判斷,有，足額投保,無／不清楚,打折,經常,中,3,5,57,30,9,員工旅遊補助,月薪＋看診量／獎金,4,機會多,3,專科氣氛 OK,allow,,allow,,,
2025-09-21,南投縣,診所,杏一健檢中心,健檢,櫃檯護理師,健檢,兩者皆有,2–3 人,跟診協助、注射／抽血、衛教,週末門診輪值,30–60,有，完整 1 小時,40-45,合理範圍給,有，足額投保,依法給,依法給足,偶爾,低,4,9,66,30,10,年節獎金,時薪,3,難以升遷,2,,,,allow,,,
2025-09-20,苗栗縣,診所,安欣耳鼻喉科診所,耳鼻喉科,護理師,耳鼻喉科,兩者皆有,只有我一人,跟診協助、健保申報／行政、環境清潔／消毒,早＋午＋晚診,60–100,有，但常被中斷／縮短,40-45,合理範圍給,無,依法給,幾乎無,偶爾,低,2,3,68,30,10,年節獎金,月薪＋看診量／獎金,4,機會多,4,同事關係好,allow,,allow,,,
2025-09-20,台中市,診所,家和身心診所,身心科,診所護理師,身心科,健保特約為主,只有我一人,跟診協助、傷口換藥／小手術協助、疫苗接種,含夜診,60–100,無,45-50,主管判斷,無,部分,幾乎無,經常,無,7,9,73,31,11,年節獎金,時薪,4,機會多,4,資深領班受重視,allow,,allow,,,
2025-09-20,屏東縣,診所,光華眼科診所,眼科,護理長,眼科,健保特約為主,只有我一人,批價／掛號／櫃檯、給藥／藥品調劑協助,週末門診輪值,30 以下,無,45-50,合理範圍給,有，足額投保,部分,幾乎無,偶爾,無,8,8,105,44,16,三節禮金,時薪,4,機會多,3,訓練體系完整,allow,,allow,,,
2025-09-19,嘉義縣,診所,欣民眼科診所,眼科,櫃檯護理師,眼科,健保特約為主,4 人以上,批價／掛號／櫃檯、注射／抽血、進貨／庫存／藥械管理,早＋午＋晚診,30–60,有，但常被中斷／縮短,40-45,合理範圍給,無,依法給,依法給足,偶爾,無,8,9,71,30,11,彈性工時,固定月薪,3,難以升遷,2,沒人沒錢沒尊重,allow,,allow,,,
2025-09-19,雲林縣,診所,欣民婦產科診所,婦產科,跟診護理師,婦產科,健保特約為主,4 人以上,批價／掛號／櫃檯、給藥／藥品調劑協助,週末門診輪值,150 以上,有，但常被中斷／縮短,45-50,合理範圍給,有，足額投保,無／不清楚,幾乎無,經常,低,2,2,65,30,10,年節獎金,固定月薪,5,普通,5,,,,allow,,,
2025-09-19,屏東縣,診所,德安婦產科診所,婦產科,跟診護理師,婦產科,健保特約為主,只有我一人,跟診協助、健保申報／行政、環境清潔／消毒,純早診,30–60,無,45-50,合理範圍給,無,部分,依法給足,罕見,低,8,11,67,30,10,年節獎金,固定月薪,3,機會多,3,,,,allow,,,
2025-09-19,新北市,診所,欣民診所,其他,診所護理師,其他,健保特約為主,只有我一人,批價／掛號／櫃檯、給藥／藥品調劑協助,週末門診輪值,150 以上,無,35-40,合理範圍給,有，足額投保,無／不清楚,依法給足,偶爾,中,1,5,67,30,10,年度自強活動,時薪,5,機會多,5,專科很強值得待,allow,,allow,,,
2025-09-19,南投縣,診所,康仁洗腎診所,洗腎診所,護理長,洗腎診所,兩者皆有,4 人以上,跟診協助、批價／掛號／櫃檯,週末門診輪值,60–100,無,45-50,主管判斷,有，足額投保,依法給,依法給足,偶爾,低,1,2,106,45,16,員工旅遊補助,固定月薪,3,難以升遷,2,可學到很多技術,allow,,allow,,,
2025-09-18 13:27,台北市,診所,家和診所,其他,護理師,其他,健保特約為主,只有我一人,批價／掛號／櫃檯、給藥／藥品調劑協助,週末門診輪值,60–100,無,35-40,一律給,無,部分,依法給足,偶爾,低,4,5,68,30,10,員工旅遊補助,月薪＋看診量／獎金,3,機會多,3,,,,allow,,,
2025-09-18,花蓮縣,診所,德安健檢中心,健檢,診所護理師,健檢,兩者皆有,2–3 人,跟診協助、批價／掛號／櫃檯,早＋午診,60–100,有，但常被中斷／縮短,45-50,一律給,有，足額投保,部分,依法給足,罕見,低,7,12,70,30,11,,時薪,3,難以升遷,2,夜班輪轉公平,allow,,,,,
2025-09-18,屏東縣,診所,惠民骨科復健診所,骨科／復健,跟診護理師,骨科／復健,健保特約為主,2–3 人,跟診協助、健保申報／行政、環境清潔／消毒,早＋午＋晚診,30 以下,有，完整 1 小時,35-40,合理範圍給,有，但以多報少,部分,依法給足,幾乎沒有,低,3,6,63,30,9,員工餐廳伙食補助,固定月薪,4,機會多,3,,,,allow,,,
2025-09-17,花蓮縣,診所,康聯診所,其他,診所護理師,其他,健保特約為主,2–3 人,跟診協助、批價／掛號／櫃檯,早＋午診,60–100,無,45-50,合理範圍給,有，足額投保,依法給,幾乎無,幾乎沒有,低,8,10,59,30,9,員工旅遊補助,固定月薪,3,機會多,3,人力穩定但行政會議多,allow,,allow,,,
2025-09-17,嘉義縣,診所,杏一健檢中心,健檢,櫃檯護理師,健檢,自費為主（如醫美）,2–3 人,跟診協助、注射／抽血、衛教,早＋午診,60–100,有，但常被中斷／縮短,35-40,合理範圍給,有，足額投保,依法給,幾乎無,偶爾,低,1,5,73,31,11,彈性工時,月薪＋看診量／獎金,3,機會多,3,,,,allow,,,
2025-09-17,花蓮縣,診所,立安診所,泌尿／腸胃,診所護理師,泌尿／腸胃,健保特約為主,2–3 人,跟診協助、注射／抽血、衛教,純早診,30–60,無,40-45,主管判斷,有，足額投保,依法給,依法給足,罕見,中,1,6,65,30,10,,固定月薪,3,普通,2,,,,,,,
2025-09-16 07:41,嘉義市,診所,惠民診所,其他,護理師,其他,健保特約為主,2–3 人,批價／掛號／櫃檯、給藥／藥品調劑協助,早＋午診,60–100,有，但常被中斷／縮短,40-45,合理範圍給,有，足額投保,無／不清楚,打折,偶爾,中,5,6,72,30,11,宿舍（單人房）,固定月薪,4,機會多,3,,,,allow,,,
2025-09-16,花蓮縣,診所,惠民診所,其他,櫃檯護理師,其他,兩者皆有,2–3 人,跟診協助、健保申報／行政、環境清潔／消毒,早＋午＋晚診,100–150,有，完整 1 小時,35-40,合理範圍給,有，但以多報少,依法給,打折,幾乎沒有,中,7,11,69,30,10,生日禮金、三節禮券,時薪,3,難以升遷,2,沒人沒錢沒尊重,allow,,allow,,,
2025-09-16,嘉義市,診所,惠民內科診所,家醫／一般內科,護理師,家醫／一般內科,健保特約為主,4 人以上,跟診協助、注射／抽血、衛教,含夜診,100–150,有，完整 1 小時,40-45,一律給,有，足額投保,依法給,幾乎無,經常,低,5,5,58,30,9,員工旅遊補助,固定月薪,3,難以升遷,2,專科氣氛 OK,allow,,allow,,,
2025-09-16,嘉義縣,診所,明德診所,泌尿／腸胃,櫃檯護理師,泌尿／腸胃,健保特約為主,4 人以上,批價／掛號／櫃檯、注射／抽血、進貨／庫存／藥械管理,週末門診輪值,30–60,有，但常被中斷／縮短,40-45,合理範圍給,無,依法給,打折,罕見,低,7,8,71,30,11,三節禮金,時薪,4,機會多,4,案件多但學得快,allow,,allow,,,
2025-09-16,新竹縣,診所,德安耳鼻喉科診所,耳鼻喉科,護理長,耳鼻喉科,健保特約為主,4 人以上,跟診協助、健保申報／行政、環境清潔／消毒,含夜診,30–60,有，完整 1 小時,45-50,主管判斷,有，足額投保,依法給,依法給足,罕見,無,1,1,106,45,16,進修學分補助、國外研討會補助,月薪＋看診量／獎金,5,機會多,4,那個資深的〇姐超級機車，看到她就想吐，真的很垃圾。,block,人身攻擊或威脅,allow,,,
2025-09-16,桃園市,診所,欣民診所,泌尿／腸胃,櫃檯護理師,泌尿／腸胃,兩者皆有,只有我一人,批價／掛號／櫃檯、注射／抽血、進貨／庫存／藥械管理,早＋午＋晚診,60–100,有，但常被中斷／縮短,45-50,一律給,無,依法給,幾乎無,幾乎沒有,低,4,10,67,30,10,,固定月薪,3,難以升遷,2,leader 形同虛設,allow,,,,,
2025-09-16,台南市,診所,光華診所,其他,跟診護理師,其他,健保特約為主,2–3 人,跟診協助、傷口換藥／小手術協助、疫苗接種,含夜診,60–100,有，但常被中斷／縮短,40-45,主管判斷,無,部分,依法給足,偶爾,無,6,12,68,30,10,三節禮金,固定月薪,4,機會多,3,加班頻率可接受,allow,,allow,,,
