timestamp,location,institutionType,institutionName,unitName,jobTitle,dialysisType,hdRatio,hdPeakRatio,pdCount,pdPeakRatio,onCallType,onCallRotation,restInterval11h,onCallPay,batchShift,workDuties,weeklyHours,overtimePolicy,yearsCurrent,yearsTotal,annualSalary,monthlyBase,annualBonus,specialBenefits,workAtmosphere,promotion,recommendIndex,comment,modComment,modCommentCode,modSpecialBenefits,modSpecialBenefitsCode,modOnCallPattern,modOnCallPatternCode
2025-11-15 13:03,高雄市,地區醫院,金安心醫院,血液淨化中心,N2,兩者皆有,1:4,1:5,1:20-35,1:35-55,小夜值班（下班至次日早班）,一人輪 8 小時小夜,有,無,有,搬運病人量體重,40-45,合理範圍給,4,8,67,30,10,夜點費,3,難以升遷,2,上次那個 32 床肝癌末期的阿伯家屬一直來吵，護理師被罵到哭。,block,病人個案資訊,allow,,,
2025-11-14 23:09,苗栗縣,區域醫院,衛生福利部苗栗醫院,透析診所,N1,血液透析,1:5,1:6,不適用,不適用,無需值班,一人連續 7 天,無,300 元以上,有,搬運病人量體重、BCM 量測,45-50,合理範圍給,6,9,89,37,13,年節獎金,3,難以升遷,2,夜班輪轉公平,allow,,allow,,,
2025-11-14 20:12,台中市,醫學中心,中國醫藥大學附設醫院,透析中心,N2,血液透析,1:6,1:6,不適用,不適用,週末值班（六日連續）,一人輪 8 小時小夜,有,250-300 元,有,病人抽血、病人輸血,45-50,合理範圍給,4,4,100,42,15,員工健檢自費項目補助,4,普通,4,案件多但學得快,allow,,allow,,,
2025-11-14 17:54,彰化縣,區域醫院,秀傳醫療社團法人秀傳紀念醫院,血液透析中心,N4,血液透析,1:4,1:7 以上,不適用,不適用,無需值班,一人連續 7 天,有,300 元以上,無,病人輸血、搬運病人量體重、BCM 量測,45-50,合理範圍給,7,8,110,46,17,透析津貼,4,機會多,4,氣氛輕鬆,allow,,allow,,,
2025-11-14,台中市,地區醫院,宏恩醫院,洗腎室,N0,血液透析,1:5,1:6,不適用,不適用,無需值班,一人輪 8 小時小夜,無,300 元以上,有,病人抽血、病人輸血、病人給藥,40-45,合理範圍給,5,7,67,30,10,夜點費,4,機會多,3,主管支持度高,allow,,allow,,,
2025-11-13 18:42,台中市,區域醫院,國軍臺中總醫院附設民眾診療服務處,腎臟透析中心,N1,兩者皆有,1:4,1:6,1:20-35,1:35-55,無需值班,一人 24 小時連續,無,200-250 元,無,病人抽血、病人輸血,40-45,合理範圍給,5,7,77,32,12,員工健檢自費項目補助,4,機會多,3,,,,allow,,,
2025-11-13 16:06,台南市,醫學中心,奇美醫療財團法人奇美醫院及其樹林院區,血液淨化中心,N0,兩者皆有,1:4,1:6,1:35-55,1:55 以上,小夜值班（下班至次日早班）,一人 24 小時連續,有,250-300 元,有,病人給藥、BCM 量測,40-45,合理範圍給,2,6,97,41,15,夜點費,4,普通,4,可學到很多技術,allow,,allow,,,
2025-11-13 15:26,桃園市,區域醫院,衛生福利部桃園醫院,洗腎室,N1,血液透析,1:5,1:5,不適用,不適用,無需值班,一人輪 8 小時小夜,有,200-250 元,有,病人抽血,35-40,主管判斷,7,13,80,34,12,年節獎金,4,機會多,4,氣氛輕鬆,allow,,allow,,,
2025-11-13,高雄市,區域醫院,國軍左營總醫院附設民眾診療服務處,透析診所,N3,血液透析,1:5,1:4,不適用,不適用,週末值班（六日連續）,一人輪 8 小時小夜,有,無,有,病人抽血、搬運病人量體重,45-50,主管判斷,7,12,99,42,15,夜點費,3,難以升遷,2,人力穩定但行政會議多,allow,,allow,,,
2025-11-13,台北市,區域醫院,基督復臨安息日會醫療財團法人臺安醫院,腎臟透析中心,N1,兩者皆有,1:4,1:7 以上,1:35-55,1:20-35,全日值班,一人連續 7 天,有,200-250 元,有,病人輸血、病人給藥、搬運病人量體重,40-45,主管判斷,7,12,81,34,12,,4,普通,3,門診作息穩定,allow,,,,,
2025-11-13,桃園市,診所,NN 診所,腎臟內科透析室,N1,血液透析,1:5,1:5,不適用,不適用,週末值班（六日連續）,一人 24 小時連續,有,無,有,病人抽血、搬運病人量體重、紅外線理療協助,45-50,一律給,3,4,72,30,11,,3,機會多,3,夜班輪轉公平,allow,,,,,
2025-11-12 13:55,桃園市,區域醫院,衛生福利部桃園醫院,洗腎室,N1,血液透析,1:5,1:4,不適用,不適用,小夜值班（下班至次日早班）,一人連續 7 天,有,300 元以上,有,病人給藥、搬運病人量體重,50-55,合理範圍給,6,12,92,39,14,年節獎金,3,難以升遷,2,中部醫院 case 量適中,allow,,allow,,,
2025-11-12 09:29,台北市,醫學中心,三軍總醫院附設民眾診療服務處及其汀州院區,腎臟透析中心,N4,兩者皆有,1:4,1:4,1:20-35,1:55 以上,週末值班（六日連續）,一人 24 小時連續,有,無,有,病人給藥,50-55,一律給,3,7,132,55,20,夜點費,4,機會多,4,資深領班受重視,allow,,allow,,,
2025-11-12,高雄市,地區醫院,義大醫療財團法人義大大昌醫院,血液淨化中心,N1,兩者皆有,1:5,1:7 以上,1:20-35,1:35-55,小夜值班（下班至次日早班）,一人輪 8 小時小夜,有,250-300 元,有,搬運病人量體重,45-50,合理範圍給,5,5,64,30,10,,4,機會多,3,同事關係好,allow,,,,,
2025-11-12,桃園市,診所,NN 診所,透析診所,N1,血液透析,1:5,1:5,不適用,不適用,小夜值班（下班至次日早班）,一人輪 8 小時小夜,有,200-250 元,有,病人抽血、BCM 量測,40-45,合理範圍給,6,7,68,30,10,透析津貼,4,機會多,3,,,,allow,,,
2025-11-11 23:29,宜蘭縣,區域醫院,醫療財團法人羅許基金會羅東博愛醫院,腹膜透析室,副護理長,腹膜透析,不適用,不適用,1:20-35,1:35-55,,,,,無,病人給藥、搬運病人量體重,40-45,主管判斷,2,7,117,49,18,年節獎金,3,機會多,3,人力穩定但行政會議多,allow,,allow,,,
2025-11-11 13:04,高雄市,醫學中心,財團法人私立高雄醫學大學附設中和紀念醫院,腎臟透析中心,N2,兩者皆有,1:4,1:4,1:20-35,1:55 以上,週末值班（六日連續）,一人輪 8 小時小夜,有,200-250 元,無,病人抽血、病人輸血、紅外線理療協助,45-50,合理範圍給,5,8,98,41,15,,3,機會多,3,兒科氣氛溫暖,allow,,,,,
2025-11-11,台中市,醫學中心,中國醫藥大學兒童醫院,透析診所,N2,血液透析,1:5,1:6,不適用,不適用,無需值班,一人連續 7 天,無,300 元以上,有,病人給藥、紅外線理療協助,60+,主管判斷,1,6,103,43,15,透析津貼,4,普通,3,案件多但學得快,allow,,allow,,,
2025-11-11,台北市,醫學中心,台灣基督長老教會馬偕醫療財團法人馬偕兒童醫院,腎臟內科透析室,N3,血液透析,1:6,1:4,不適用,不適用,無需值班,一人輪 8 小時小夜,有,200-250 元,有,病人輸血、病人給藥,60+,一律不給,2,7,111,47,17,夜點費,3,難以升遷,2,新人零保護,allow,,allow,,,
2025-11-11,台北市,醫學中心,長庚醫療財團法人台北長庚紀念醫院,透析診所,護理長,血液透析,1:5,1:5,不適用,不適用,小夜值班（下班至次日早班）,一人輪 8 小時小夜,無,250-300 元,無,搬運病人量體重、紅外線理療協助,45-50,合理範圍給,8,10,132,55,20,年節獎金,4,普通,3,可學到很多技術,allow,,allow,,,
2025-11-10 22:31,嘉義市,區域醫院,天主教中華聖母修女會醫療財團法人天主教聖馬爾定醫,血液淨化中心,N0,血液透析,1:4,1:5,不適用,不適用,週末值班（六日連續）,一人 24 小時連續,無,300 元以上,有,病人給藥、紅外線理療協助,50-55,一律給,8,13,73,31,11,年節獎金,3,難以升遷,2,訓練體系完整,allow,,allow,,,
2025-11-10,桃園市,區域醫院,臺北榮民總醫院桃園分院,血液透析中心,N3,血液透析,1:5,1:4,不適用,不適用,全日值班,一人輪 8 小時小夜,有,300 元以上,有,病人抽血、BCM 量測、紅外線理療協助,50-55,一律給,5,8,93,39,14,夜點費,4,機會多,3,訓練體系完整,allow,,allow,,,
2025-11-10,宜蘭縣,區域醫院,醫療財團法人羅許基金會羅東博愛醫院,透析中心,N2,血液透析,1:4,1:4,不適用,不適用,無需值班,一人 24 小時連續,有,250-300 元,有,病人抽血、病人給藥、BCM 量測,45-50,一律給,3,7,84,35,13,透析津貼,4,普通,4,團隊互助強,allow,,allow,,,
2025-11-08 11:03,桃園市,區域醫院,沙爾德聖保祿修女會醫療財團法人聖保祿醫院,腎臟透析中心,N2,兩者皆有,1:5,1:7 以上,1:20 以下,1:55 以上,全日值班,一人連續 7 天,有,300 元以上,無,病人輸血,40-45,主管判斷,5,6,84,35,13,透析津貼,3,普通,3,可學到很多技術,allow,,allow,,,
2025-11-08 09:34,新北市,醫學中心,佛教慈濟醫療財團法人台北慈濟醫院,血液淨化中心,N1,兩者皆有,1:6,1:7 以上,1:20-35,1:35-55,週末值班（六日連續）,一人 24 小時連續,有,200-250 元,無,病人抽血、BCM 量測,50-55,合理範圍給,7,7,103,43,15,夜點費,3,難以升遷,2,可學到很多技術,allow,,allow,,,
2025-11-08 09:18,台中市,區域醫院,李綜合醫療社團法人大甲李綜合醫院,血液透析中心,N0,血液透析,1:4,1:5,不適用,不適用,無需值班,一人 24 小時連續,有,300 元以上,無,病人抽血,60+,主管判斷,5,6,86,36,13,年節獎金,2,普通,1,leader 形同虛設,allow,,allow,,,
2025-11-08 08:54,高雄市,地區醫院,正大醫院,透析診所,N2,血液透析,1:5,1:6,不適用,不適用,全日值班,一人 24 小時連續,有,200-250 元,無,搬運病人量體重、紅外線理療協助,40-45,合理範圍給,1,4,82,34,12,透析津貼,2,普通,1,被當打雜,allow,,allow,,,
2025-11-08,桃園市,診所,KK 診所,血液透析中心,N1,血液透析,1:5,1:4,不適用,不適用,全日值班,一人 24 小時連續,有,300 元以上,有,搬運病人量體重、紅外線理療協助,45-50,一律給,3,9,70,30,11,年節獎金,3,難以升遷,2,可學到很多技術,allow,,allow,,,
2025-11-08,南投縣,地區醫院,惠和醫院,腎臟透析中心,N3,兩者皆有,1:5,1:5,1:20-35,1:35-55,全日值班,一人輪 8 小時小夜,有,250-300 元,有,病人抽血,40-45,一律給,2,4,89,37,13,透析津貼,4,機會多,4,,,,allow,,,
2025-11-08,高雄市,地區醫院,重仁骨科醫院,血液透析中心,護理長,血液透析,1:6,1:7 以上,不適用,不適用,小夜值班（下班至次日早班）,一人連續 7 天,有,無,有,病人給藥、紅外線理療協助,45-50,合理範圍給,1,6,111,47,17,透析津貼,4,機會多,4,團隊互助強,allow,,allow,,,
2025-11-08,彰化縣,地區醫院,成美醫院,腹膜透析中心,副護理長,腹膜透析,不適用,不適用,1:20 以下,1:35-55,,,,,有,BCM 量測,50-55,合理範圍給,4,10,94,39,14,員工旅遊補助,3,難以升遷,2,夜班暴力事件多,allow,,allow,,,
2025-11-08,高雄市,診所,HH 診所,血液淨化中心,N1,兩者皆有,1:5,1:5,1:20-35,1:35-55,小夜值班（下班至次日早班）,一人輪 8 小時小夜,有,250-300 元,無,病人抽血、病人輸血、搬運病人量體重,60+,主管判斷,7,9,62,30,9,年節獎金,3,機會多,3,門診作息穩定,allow,,allow,,,
2025-11-07 15:21,新北市,醫學中心,醫療財團法人徐元智先生醫藥基金會亞東紀念醫院,透析中心,N1,血液透析,1:5,1:6,不適用,不適用,無需值班,一人 24 小時連續,有,200-250 元,有,病人抽血,55-60,一律不給,2,2,101,42,15,,4,機會多,4,,,,,,,
2025-11-07 10:27,新北市,醫學中心,衛生福利部雙和醫院(委託臺北醫學大學興建經營),腎臟透析中心,N1,兩者皆有,1:5,1:5,1:20-35,1:20-35,小夜值班（下班至次日早班）,一人 24 小時連續,有,200-250 元,有,病人抽血、病人輸血、BCM 量測,40-45,合理範圍給,5,9,92,39,14,透析津貼,4,機會多,4,,,,allow,,,
2025-11-07,新竹縣,地區醫院,竹信醫院,血液透析中心,N2,血液透析,1:4,1:6,不適用,不適用,無需值班,一人連續 7 天,無,300 元以上,無,BCM 量測、紅外線理療協助,35-40,主管判斷,7,10,74,31,11,醫療費用員工優惠,4,機會多,3,專科很強值得待,allow,,allow,,,
2025-11-07,高雄市,地區醫院,新高醫院,腎臟內科透析室,副護理長,血液透析,1:4,1:7 以上,不適用,不適用,週末值班（六日連續）,一人 24 小時連續,有,300 元以上,無,病人抽血、病人輸血,45-50,主管判斷,4,4,92,39,14,夜點費,4,機會多,3,夜班輪轉公平,allow,,allow,,,
2025-11-07,新竹縣,診所,MM 診所,腹膜透析室,N2,腹膜透析,不適用,不適用,1:20-35,1:35-55,,,,,有,病人抽血、紅外線理療協助,35-40,主管判斷,6,8,75,32,11,夜點費,4,機會多,3,資深領班受重視,allow,,allow,,,
2025-11-07,高雄市,醫學中心,長庚醫療財團法人高雄長庚紀念醫院,腎臟透析中心,副護理長,兩者皆有,1:5,1:7 以上,1:20-35,1:35-55,無需值班,一人 24 小時連續,無,200-250 元,有,BCM 量測,60+,一律不給,2,7,126,53,19,醫療費用員工優惠,3,普通,2,人力極端不足,allow,,allow,,,
2025-11-07,南投縣,診所,KK 診所,血液淨化中心,護理長,血液透析,1:5,1:4,不適用,不適用,無需值班,一人連續 7 天,有,300 元以上,無,病人抽血,55-60,一律不給,5,7,98,41,15,宿舍（單人房）,2,難以升遷,1,,,,allow,,,
2025-11-06 22:06,彰化縣,醫學中心,彰化基督教醫療財團法人彰化基督教兒童醫院,透析中心,專科護理師,血液透析,1:4,1:7 以上,不適用,不適用,無需值班,一人連續 7 天,有,300 元以上,有,BCM 量測,40-45,合理範圍給,8,12,122,51,18,年節獎金,4,機會多,4,同事關係好,allow,,allow,,,
2025-11-06 16:53,桃園市,區域醫院,敏盛綜合醫院,腹膜透析中心,N0,腹膜透析,不適用,不適用,1:20 以下,1:20-35,,,,,無,病人抽血、病人輸血,50-55,合理範圍給,4,10,72,30,11,夜點費,3,普通,3,薪資與制度都優,allow,,allow,,,
2025-11-06,台北市,地區醫院,宏恩醫療財團法人宏恩綜合醫院,透析中心,N2,血液透析,1:5,1:4,不適用,不適用,小夜值班（下班至次日早班）,一人連續 7 天,有,無,有,病人輸血,60+,主管判斷,3,5,75,32,11,夜點費,4,普通,3,訓練體系完整,allow,,allow,,,
2025-11-06,台北市,地區醫院,郵政醫院（委託中英醫療社團法人經營）,血液透析中心,護理長,血液透析,1:6,1:7 以上,不適用,不適用,全日值班,一人輪 8 小時小夜,有,250-300 元,有,紅外線理療協助,45-50,主管判斷,3,3,113,47,17,員工健檢自費項目補助,2,普通,1,加班沒給,allow,,allow,,,
2025-11-05 20:04,台中市,醫學中心,中國醫藥大學附設醫院,透析中心,N2,血液透析,1:5,1:6,不適用,不適用,無需值班,一人輪 8 小時小夜,無,200-250 元,有,病人抽血、紅外線理療協助,40-45,主管判斷,2,7,98,41,15,透析津貼,4,普通,4,主管支持度高,allow,,allow,,,
2025-11-05,屏東縣,區域醫院,輔英科技大學附設醫院,腎臟透析中心,N1,兩者皆有,1:4,1:7 以上,1:20 以下,1:35-55,全日值班,一人 24 小時連續,有,200-250 元,無,病人抽血、病人輸血、搬運病人量體重,45-50,合理範圍給,3,4,91,38,14,托兒補助,4,機會多,3,薪資與制度都優,allow,,allow,,,
2025-11-05,雲林縣,診所,JJ 診所,透析中心,N2,血液透析,1:6,1:6,不適用,不適用,無需值班,一人輪 8 小時小夜,有,200-250 元,有,搬運病人量體重、BCM 量測、紅外線理療協助,45-50,合理範圍給,7,11,78,33,12,夜點費,3,普通,2,,,,allow,,,
2025-11-05,新北市,醫學中心,台灣基督長老教會馬偕醫療財團法人淡水馬偕紀念醫院,腎臟透析中心,專科護理師,兩者皆有,1:5,1:5,1:20-35,1:35-55,無需值班,一人連續 7 天,有,200-250 元,有,BCM 量測、紅外線理療協助,50-55,合理範圍給,2,7,120,50,18,員工健檢自費項目補助,3,難以升遷,2,人力極端不足,allow,,allow,,,
2025-11-04,新北市,醫學中心,台灣基督長老教會馬偕醫療財團法人淡水馬偕紀念醫院,透析中心,副護理長,血液透析,1:5,1:5,不適用,不適用,無需值班,一人 24 小時連續,有,200-250 元,無,紅外線理療協助,45-50,合理範圍給,8,11,130,55,20,,4,機會多,3,新人訓練紮實,allow,,,,,
2025-11-04,雲林縣,區域醫院,國立臺灣大學醫學院附設醫院雲林分院及其虎尾院區,透析中心,N1,血液透析,1:5,1:5,不適用,不適用,全日值班,一人輪 8 小時小夜,有,無,有,病人抽血,50-55,合理範圍給,4,5,88,37,13,,4,普通,4,資深領班受重視,allow,,,,,
2025-11-04,台北市,區域醫院,醫療財團法人辜公亮基金會和信治癌中心醫院,洗腎室,專科護理師,血液透析,1:4,1:7 以上,不適用,不適用,無需值班,一人輪 8 小時小夜,有,300 元以上,無,病人抽血、搬運病人量體重,40-45,合理範圍給,3,6,99,42,15,員工旅遊補助,2,難以升遷,1,聽說主管會把加班時數改掉，申報的跟實際差很多。,review,不實指控,allow,,,
2025-11-04,台北市,區域醫院,臺北市立聯合醫院仁愛院區,腎臟透析中心,N3,兩者皆有,1:5,1:7 以上,1:20-35,1:55 以上,無需值班,一人連續 7 天,有,無,無,病人輸血、BCM 量測,45-50,合理範圍給,4,8,103,43,15,年節獎金,3,難以升遷,2,夜班輪轉公平,allow,,allow,,,
2025-11-04,台南市,地區醫院,吉安醫療社團法人吉安醫院,腹膜透析中心,N1,腹膜透析,不適用,不適用,1:20-35,1:35-55,,,,,有,病人抽血、BCM 量測,55-60,一律不給,8,10,75,32,11,夜點費,4,機會多,4,主管支持度高,allow,,allow,,,
2025-11-04,嘉義縣,地區醫院,臺中榮民總醫院灣橋分院,血液淨化中心,N2,血液透析,1:5,1:5,不適用,不適用,全日值班,一人輪 8 小時小夜,無,250-300 元,無,紅外線理療協助,45-50,合理範圍給,8,11,69,30,10,年度自強活動,3,難以升遷,2,人力嚴重不足,allow,,allow,,,
2025-11-03,台北市,醫學中心,台灣基督長老教會馬偕醫療財團法人馬偕兒童醫院,血液淨化中心,N1,兩者皆有,1:4,1:5,1:20-35,1:55 以上,全日值班,一人輪 8 小時小夜,無,無,有,病人抽血、病人輸血、紅外線理療協助,55-60,一律不給,2,6,95,40,14,夜點費,3,普通,2,夜班輪轉公平,allow,,allow,,,
2025-11-03,高雄市,地區醫院,高雄市立民生醫院,腎臟內科透析室,專科護理師,血液透析,1:4,1:4,不適用,不適用,無需值班,一人輪 8 小時小夜,有,200-250 元,有,病人給藥、紅外線理療協助,40-45,主管判斷,3,3,91,38,14,宿舍（單人房）,4,機會多,3,中部醫院 case 量適中,allow,,allow,,,
2025-11-03,台南市,診所,KK 診所,腹膜透析室,N0,腹膜透析,不適用,不適用,1:20-35,1:20-35,,,,,無,紅外線理療協助,45-50,合理範圍給,2,6,62,30,9,透析津貼,4,機會多,3,中部醫院 case 量適中,allow,,allow,,,
2025-11-03,台中市,區域醫院,林新醫療社團法人林新醫院,腎臟透析中心,N4,兩者皆有,1:5,1:5,1:20 以下,1:35-55,小夜值班（下班至次日早班）,一人 24 小時連續,無,250-300 元,無,病人抽血、搬運病人量體重,50-55,合理範圍給,2,3,111,47,17,進修學分補助、國外研討會補助,4,機會多,4,,,,allow,,,
2025-11-03,台中市,醫學中心,中國醫藥大學兒童醫院,血液淨化中心,N4,兩者皆有,1:4,1:7 以上,1:35-55,1:35-55,小夜值班（下班至次日早班）,一人連續 7 天,有,無,無,病人抽血、病人輸血,45-50,一律給,3,9,135,57,20,生日禮金、三節禮券,4,普通,4,兒科氣氛溫暖,allow,,allow,,,
2025-11-03,台中市,地區醫院,台新醫院,腹膜透析中心,N1,腹膜透析,不適用,不適用,1:20-35,1:20-35,,,,,有,BCM 量測,60+,一律不給,2,3,68,30,10,年節獎金,3,機會多,3,氣氛輕鬆,allow,,allow,,,
2025-11-02 21:28,南投縣,區域醫院,衛生福利部南投醫院及其中興院區,腎臟透析中心,N4,兩者皆有,1:6,1:6,1:20-35,1:35-55,無需值班,一人連續 7 天,有,250-300 元,無,病人給藥、搬運病人量體重、紅外線理療協助,40-45,一律給,6,7,115,48,17,員工餐廳伙食補助,4,機會多,3,,,,allow,,,
2025-11-02 10:13,高雄市,地區醫院,金安心醫院,血液透析中心,N1,血液透析,1:4,1:7 以上,不適用,不適用,無需值班,一人連續 7 天,無,250-300 元,有,病人給藥、BCM 量測,50-55,主管判斷,4,10,62,30,9,透析津貼,4,機會多,4,同事關係好,allow,,allow,,,
2025-11-02,新北市,醫學中心,佛教慈濟醫療財團法人台北慈濟醫院,腹膜透析室,N4,腹膜透析,不適用,不適用,1:20-35,1:35-55,,,,,有,病人抽血、病人輸血,40-45,主管判斷,8,14,128,54,19,,5,機會多,4,排班相對人性化,allow,,,,,
2025-11-02,新北市,醫學中心,台灣基督長老教會馬偕醫療財團法人淡水馬偕紀念醫院,血液透析中心,N3,血液透析,1:5,1:5,不適用,不適用,全日值班,一人 24 小時連續,有,無,有,病人抽血、搬運病人量體重,45-50,合理範圍給,6,11,110,46,17,年節獎金,5,普通,5,,,,allow,,,
2025-11-02,新北市,醫學中心,台灣基督長老教會馬偕醫療財團法人淡水馬偕紀念醫院,腹膜透析中心,N1,腹膜透析,不適用,不適用,1:20 以下,1:20-35,,,,,無,病人抽血,50-55,主管判斷,5,6,100,42,15,透析津貼,4,機會多,3,專科很強值得待,allow,,allow,,,
2025-11-01 10:56,台南市,區域醫院,奇美醫療財團法人柳營奇美醫院,洗腎室,副護理長,血液透析,1:4,1:6,不適用,不適用,週末值班（六日連續）,一人連續 7 天,有,無,有,病人給藥、搬運病人量體重,55-60,一律不給,6,11,106,45,16,夜點費,3,機會多,3,人力穩定但行政會議多,allow,,allow,,,
2025-11-01,台中市,醫學中心,中國醫藥大學附設醫院,血液淨化中心,N1,血液透析,1:5,1:6,不適用,不適用,無需值班,一人連續 7 天,無,無,有,病人給藥,40-45,合理範圍給,4,8,93,39,14,透析津貼,4,普通,5,,,,allow,,,
2025-11-01,新北市,區域醫院,天主教耕莘醫療財團法人耕莘醫院,洗腎室,N0,血液透析,1:5,1:5,不適用,不適用,週末值班（六日連續）,一人 24 小時連續,有,200-250 元,無,病人給藥,45-50,一律給,4,5,85,36,13,年節獎金,4,普通,3,案件量大但有規矩,allow,,allow,,,
2025-11-01,新竹縣,診所,GG 診所,腹膜透析室,N2,腹膜透析,不適用,不適用,1:35-55,1:35-55,,,,,有,病人輸血,40-45,主管判斷,6,8,69,30,10,年節獎金,4,機會多,3,同事關係好,allow,,allow,,,
2025-11-01,花蓮縣,醫學中心,佛教慈濟醫療財團法人花蓮慈濟醫院,腎臟內科透析室,N2,血液透析,1:4,1:6,不適用,不適用,全日值班,一人輪 8 小時小夜,有,250-300 元,有,病人輸血、紅外線理療協助,40-45,合理範圍給,7,12,98,41,15,透析津貼,4,機會多,4,團隊互助強,allow,,allow,,,
2025-11-01,宜蘭縣,診所,LL 診所,腹膜透析室,N2,腹膜透析,不適用,不適用,1:35-55,1:35-55,,,,,有,病人給藥、搬運病人量體重、紅外線理療協助,60+,主管判斷,6,8,77,32,12,,3,難以升遷,2,,,,,,,
2025-11-01,台中市,地區醫院,宏恩醫院,洗腎室,N3,血液透析,1:5,1:5,不適用,不適用,週末值班（六日連續）,一人連續 7 天,有,200-250 元,有,病人輸血,50-55,一律給,7,10,87,37,13,,3,機會多,3,,,,,,,
2025-11-01,桃園市,地區醫院,聯新國際醫院桃新分院,腎臟內科透析室,N3,血液透析,1:5,1:5,不適用,不適用,無需值班,一人輪 8 小時小夜,有,無,有,病人抽血、病人輸血,50-55,一律給,4,9,84,35,13,透析津貼,4,普通,3,,,,allow,,,
2025-10-31 23:04,花蓮縣,地區醫院,臺北榮民總醫院鳳林分院,腹膜透析室,N1,腹膜透析,不適用,不適用,1:20 以下,1:35-55,,,,,有,病人抽血、病人輸血、BCM 量測,35-40,一律給,4,6,78,33,12,年節獎金,3,難以升遷,2,被當打雜,allow,,allow,,,
2025-10-31 21:31,台北市,醫學中心,三軍總醫院附設民眾診療服務處及其汀州院區,腹膜透析室,副護理長,腹膜透析,不適用,不適用,1:35-55,1:20-35,,,,,有,病人抽血、搬運病人量體重,45-50,合理範圍給,2,8,118,50,18,年節獎金,4,普通,4,資深領班受重視,allow,,allow,,,
2025-10-31,新北市,醫學中心,醫療財團法人徐元智先生醫藥基金會亞東紀念醫院,腹膜透析室,N1,腹膜透析,不適用,不適用,1:35-55,1:20-35,,,,,有,病人抽血、紅外線理療協助,40-45,合理範圍給,1,5,105,44,16,透析津貼,4,普通,5,排班相對人性化,allow,,allow,,,
2025-10-31,台北市,醫學中心,台灣基督長老教會馬偕醫療財團法人馬偕紀念醫院,透析中心,N1,血液透析,1:6,1:4,不適用,不適用,無需值班,一人輪 8 小時小夜,有,250-300 元,有,病人給藥,40-45,合理範圍給,2,7,96,40,14,,3,普通,2,被當打雜,allow,,,,,
2025-10-30 18:09,彰化縣,醫學中心,彰化基督教醫療財團法人彰化基督教兒童醫院,腹膜透析室,N1,腹膜透析,不適用,不適用,1:20-35,1:35-55,,,,,有,病人抽血、病人輸血,40-45,合理範圍給,3,4,106,45,16,員工旅遊補助,5,機會多,5,案件多但學得快,allow,,allow,,,
2025-10-30 12:18,高雄市,醫學中心,財團法人私立高雄醫學大學附設中和紀念醫院,血液淨化中心,N0,血液透析,1:4,1:4,不適用,不適用,全日值班,一人連續 7 天,有,無,無,病人抽血、病人輸血、病人給藥,60+,一律不給,7,7,102,43,15,透析津貼,2,難以升遷,1,工時超長,allow,,allow,,,
2025-10-30 09:54,彰化縣,醫學中心,彰化基督教醫療財團法人彰化基督教醫院,血液淨化中心,副護理長,血液透析,1:6,1:5,不適用,不適用,全日值班,一人輪 8 小時小夜,有,250-300 元,無,病人給藥、紅外線理療協助,40-45,合理範圍給,2,6,117,49,18,夜點費,5,機會多,4,訓練體系完整,allow,,allow,,,
2025-10-30,高雄市,醫學中心,義大醫療財團法人義大醫院,腹膜透析中心,專科護理師,腹膜透析,不適用,不適用,1:20-35,1:20-35,,,,,有,病人輸血、病人給藥、BCM 量測,35-40,合理範圍給,3,4,120,50,18,透析津貼,4,機會多,3,訓練體系完整,allow,,allow,,,
2025-10-30,新北市,醫學中心,台灣基督長老教會馬偕醫療財團法人淡水馬偕紀念醫院,腎臟透析中心,N2,兩者皆有,1:5,1:5,1:20 以下,1:20-35,無需值班,一人連續 7 天,有,300 元以上,有,搬運病人量體重,45-50,一律給,1,5,104,44,16,年節獎金,3,機會多,3,新人訓練紮實,allow,,allow,,,
2025-10-30,屏東縣,地區醫院,國軍高雄總醫院屏東分院附設民眾診療服務處,腹膜透析中心,N2,腹膜透析,不適用,不適用,1:20 以下,1:55 以上,,,,,有,病人抽血,60+,一律不給,3,8,68,30,10,夜點費,4,機會多,3,,,,allow,,,
2025-10-30,台南市,地區醫院,衛生福利部胸腔病院,透析中心,N1,血液透析,1:5,1:5,不適用,不適用,無需值班,一人 24 小時連續,有,無,有,病人給藥、搬運病人量體重,40-45,合理範圍給,6,6,70,30,11,夜點費,4,普通,3,可學到很多技術,allow,,allow,,,
2025-10-29 20:35,台中市,醫學中心,臺中榮民總醫院,腎臟內科透析室,專科護理師,血液透析,1:4,1:7 以上,不適用,不適用,小夜值班（下班至次日早班）,一人 24 小時連續,無,300 元以上,無,BCM 量測,45-50,合理範圍給,3,5,114,48,17,,3,普通,3,案件量大但有規矩,allow,,,,,
2025-10-29 16:07,新竹縣,區域醫院,國立臺灣大學醫學院附設醫院新竹臺大分院生醫醫院,洗腎室,專科護理師,血液透析,1:5,1:7 以上,不適用,不適用,週末值班（六日連續）,一人連續 7 天,有,無,有,BCM 量測,45-50,合理範圍給,4,7,106,45,16,年節獎金,4,機會多,3,工時長但待遇可,allow,,allow,,,
2025-10-29 13:40,台中市,區域醫院,仁愛醫療財團法人大里仁愛醫院,腎臟透析中心,專科護理師,兩者皆有,1:5,1:5,1:20-35,1:35-55,小夜值班（下班至次日早班）,一人連續 7 天,無,300 元以上,有,病人給藥、搬運病人量體重,40-45,合理範圍給,4,7,111,47,17,員工餐廳伙食補助,4,機會多,3,兒科氣氛溫暖,allow,,allow,,,
2025-10-29 11:24,高雄市,地區醫院,重安醫院,透析中心,N1,血液透析,1:5,1:5,不適用,不適用,小夜值班（下班至次日早班）,一人輪 8 小時小夜,無,250-300 元,無,病人輸血、BCM 量測,45-50,合理範圍給,7,12,63,30,9,透析津貼,3,普通,3,專科氣氛 OK,allow,,allow,,,
2025-10-29 09:06,南投縣,診所,MM 診所,血液透析中心,N2,血液透析,1:4,1:7 以上,不適用,不適用,小夜值班（下班至次日早班）,一人 24 小時連續,有,無,有,病人抽血,35-40,一律給,4,9,62,30,9,夜點費,4,普通,3,,,,allow,,,
2025-10-29,台北市,醫學中心,臺北榮民總醫院,血液透析中心,副護理長,血液透析,1:5,1:5,不適用,不適用,小夜值班（下班至次日早班）,一人輪 8 小時小夜,無,300 元以上,有,病人給藥、搬運病人量體重,40-45,一律給,2,5,124,52,19,透析津貼,4,機會多,3,,,,allow,,,
2025-10-29,新竹市,區域醫院,台灣基督長老教會馬偕醫療財團法人新竹馬偕紀念醫院,洗腎室,N1,血液透析,1:4,1:6,不適用,不適用,週末值班（六日連續）,一人 24 小時連續,無,300 元以上,無,病人抽血、病人輸血、搬運病人量體重,40-45,合理範圍給,6,12,84,35,13,醫療費用員工優惠,4,機會多,4,專科很強值得待,allow,,allow,,,
2025-10-29,嘉義市,診所,KK 診所,腹膜透析中心,N3,腹膜透析,不適用,不適用,1:20-35,1:20-35,,,,,有,病人給藥,45-50,一律給,6,9,74,31,11,,3,普通,3,薪資與制度都優,allow,,,,,
2025-10-29,嘉義市,診所,LL 診所,血液淨化中心,N1,兩者皆有,1:4,1:7 以上,1:20-35,1:20-35,全日值班,一人連續 7 天,無,300 元以上,有,BCM 量測,40-45,一律給,2,3,73,31,11,年節獎金,3,機會多,3,,,,allow,,,
2025-10-29,桃園市,地區醫院,祐民醫院,腎臟透析中心,副護理長,兩者皆有,1:4,1:5,1:35-55,1:55 以上,無需值班,一人 24 小時連續,有,300 元以上,有,搬運病人量體重、BCM 量測,45-50,主管判斷,3,6,89,37,13,夜點費,3,普通,2,leader 形同虛設,allow,,allow,,,
2025-10-28 14:16,嘉義市,診所,JJ 診所,透析中心,N3,血液透析,1:6,1:5,不適用,不適用,週末值班（六日連續）,一人 24 小時連續,有,無,有,病人輸血、紅外線理療協助,50-55,合理範圍給,5,6,72,30,11,夜點費,4,機會多,3,,,,allow,,,
2025-10-28,新竹市,醫學中心,國立臺灣大學醫學院附設醫院新竹臺大分院新竹醫院,透析診所,N1,血液透析,1:4,1:4,不適用,不適用,小夜值班（下班至次日早班）,一人輪 8 小時小夜,有,250-300 元,有,病人抽血,45-50,合理範圍給,5,6,105,44,16,透析津貼,4,普通,4,排班相對人性化,allow,,allow,,,
2025-10-28,彰化縣,醫學中心,彰化基督教醫療財團法人彰化基督教兒童醫院,腎臟透析中心,N3,兩者皆有,1:5,1:4,1:20-35,1:20-35,週末值班（六日連續）,一人 24 小時連續,有,250-300 元,有,病人抽血、搬運病人量體重、BCM 量測,45-50,合理範圍給,5,8,118,50,18,透析津貼,3,普通,2,訓練體系完整,allow,,allow,,,
2025-10-28,雲林縣,診所,II 診所,透析中心,護理長,血液透析,1:5,1:6,不適用,不適用,無需值班,一人輪 8 小時小夜,無,200-250 元,有,病人輸血、病人給藥、BCM 量測,40-45,合理範圍給,4,6,104,44,16,,5,普通,4,,,,,,,
2025-10-27 20:58,屏東縣,區域醫院,屏基醫療財團法人屏東基督教醫院及其瑞光院區,血液淨化中心,N3,兩者皆有,1:4,1:5,1:20 以下,1:35-55,全日值班,一人輪 8 小時小夜,無,300 元以上,有,病人抽血、病人輸血、搬運病人量體重,45-50,合理範圍給,3,6,94,39,14,,5,機會多,5,安寧團隊互相 support,allow,,,,,
2025-10-27 15:37,桃園市,醫學中心,長庚醫療財團法人林口長庚紀念醫院,血液透析中心,N3,血液透析,1:4,1:5,不適用,不適用,小夜值班（下班至次日早班）,一人連續 7 天,無,300 元以上,有,病人給藥,50-55,主管判斷,8,11,109,46,16,年節獎金,4,機會多,3,,,,allow,,,
2025-10-27 11:35,台北市,醫學中心,國泰醫療財團法人國泰綜合醫院,透析中心,專科護理師,血液透析,1:5,1:7 以上,不適用,不適用,週末值班（六日連續）,一人連續 7 天,有,200-250 元,無,BCM 量測,50-55,一律給,8,12,121,51,18,,3,難以升遷,2,人力穩定但行政會議多,allow,,,,,
2025-10-27,高雄市,地區醫院,瑞祥醫院,腹膜透析中心,專科護理師,腹膜透析,不適用,不適用,1:20-35,1:35-55,,,,,無,搬運病人量體重、紅外線理療協助,35-40,合理範圍給,7,7,91,38,14,透析津貼,3,難以升遷,2,主管常 stand-by 不夠,allow,,allow,,,
2025-10-27,台中市,地區醫院,中國醫藥大學附設醫院台中東區分院,血液淨化中心,N2,兩者皆有,1:5,1:5,1:35-55,1:20-35,無需值班,一人輪 8 小時小夜,有,200-250 元,有,病人輸血、BCM 量測,45-50,一律給,8,11,77,32,12,,4,機會多,3,新人訓練紮實,allow,,,,,
2025-10-27,台中市,區域醫院,澄清綜合醫院中港分院,腎臟透析中心,N3,兩者皆有,1:5,1:4,1:20-35,1:20-35,小夜值班（下班至次日早班）,一人連續 7 天,有,無,有,病人抽血、搬運病人量體重、紅外線理療協助,50-55,一律給,8,8,93,39,14,夜點費,3,難以升遷,2,人力極端不足,allow,,allow,,,
2025-10-27,台北市,醫學中心,臺北市立萬芳醫院-委託臺北醫學大學辦理,腎臟透析中心,N2,兩者皆有,1:5,1:5,1:20-35,1:55 以上,小夜值班（下班至次日早班）,一人連續 7 天,有,250-300 元,有,病人抽血,40-45,合理範圍給,1,6,98,41,15,年節獎金,5,機會多,5,,,,allow,,,
2025-10-26 20:45,新北市,區域醫院,輔仁大學學校財團法人輔仁大學附設醫院,血液淨化中心,N2,兩者皆有,1:5,1:6,1:35-55,1:35-55,週末值班（六日連續）,一人 24 小時連續,有,300 元以上,無,病人輸血、搬運病人量體重、BCM 量測,40-45,一律給,2,7,89,37,13,年節獎金,4,機會多,4,專科很強值得待,allow,,allow,,,
2025-10-26,台中市,醫學中心,中國醫藥大學兒童醫院,腎臟內科透析室,N2,血液透析,1:5,1:5,不適用,不適用,無需值班,一人輪 8 小時小夜,無,250-300 元,有,搬運病人量體重,45-50,合理範圍給,2,7,102,43,15,,4,機會多,4,案件多但學得快,allow,,,,,
2025-10-26,宜蘭縣,區域醫院,天主教靈醫會醫療財團法人羅東聖母醫院,血液淨化中心,N0,血液透析,1:5,1:5,不適用,不適用,週末值班（六日連續）,一人連續 7 天,有,無,有,BCM 量測,40-45,一律給,6,10,80,34,12,夜點費,4,機會多,4,資深領班受重視,allow,,allow,,,
2025-10-26,屏東縣,地區醫院,茂隆骨科醫院,血液透析中心,N1,血液透析,1:6,1:4,不適用,不適用,全日值班,一人連續 7 天,有,250-300 元,有,病人抽血、BCM 量測,50-55,主管判斷,2,4,75,32,11,,3,普通,3,安寧團隊互相 support,allow,,,,,
2025-10-25 16:15,台北市,醫學中心,國立臺灣大學醫學院附設醫院兒童醫院,腹膜透析中心,N2,腹膜透析,不適用,不適用,1:20-35,1:55 以上,,,,,有,病人給藥,50-55,主管判斷,4,6,108,45,16,,4,機會多,4,可學到很多技術,allow,,,,,
2025-10-25 08:11,台南市,區域醫院,臺南市立安南醫院-委託中國醫藥大學興建經營,血液淨化中心,N3,兩者皆有,1:5,1:5,1:35-55,1:20-35,無需值班,一人輪 8 小時小夜,無,200-250 元,有,紅外線理療協助,50-55,合理範圍給,2,4,99,42,15,年節獎金,3,機會多,3,兒科氣氛溫暖,allow,,allow,,,
2025-10-25 07:48,新竹市,醫學中心,國立臺灣大學醫學院附設醫院新竹臺大分院新竹醫院,洗腎室,N3,血液透析,1:4,1:5,不適用,不適用,小夜值班（下班至次日早班）,一人連續 7 天,有,無,無,病人給藥,50-55,合理範圍給,3,8,115,48,17,,4,機會多,4,,,,,,,
2025-10-25,基隆市,診所,HH 診所,腎臟內科透析室,護理長,血液透析,1:4,1:5,不適用,不適用,週末值班（六日連續）,一人連續 7 天,無,無,有,病人抽血、病人輸血、搬運病人量體重,60+,主管判斷,1,6,107,45,16,,3,難以升遷,2,人力極端不足,allow,,,,,
2025-10-25,花蓮縣,診所,LL 診所,腎臟內科透析室,N0,血液透析,1:5,1:7 以上,不適用,不適用,無需值班,一人 24 小時連續,有,無,有,病人抽血、搬運病人量體重,60+,一律不給,1,7,67,30,10,透析津貼,3,普通,3,門診作息穩定,allow,,allow,,,
2025-10-24 23:06,台中市,區域醫院,佛教慈濟醫療財團法人台中慈濟醫院,血液透析中心,N1,血液透析,1:6,1:4,不適用,不適用,小夜值班（下班至次日早班）,一人輪 8 小時小夜,有,無,無,病人抽血、病人輸血,45-50,合理範圍給,8,11,81,34,12,生日禮金、三節禮券,5,機會多,4,薪資與制度都優,allow,,allow,,,
2025-10-24 14:14,苗栗縣,區域醫院,為恭醫療財團法人為恭紀念醫院及其東興院區,血液淨化中心,N4,血液透析,1:4,1:5,不適用,不適用,小夜值班（下班至次日早班）,一人 24 小時連續,有,200-250 元,有,病人抽血,45-50,合理範圍給,1,2,118,50,18,年節獎金,5,機會多,5,安寧團隊互相 support,allow,,allow,,,
2025-10-24,花蓮縣,診所,MM 診所,血液淨化中心,N4,血液透析,1:5,1:5,不適用,不適用,無需值班,一人輪 8 小時小夜,有,250-300 元,有,病人抽血、病人輸血、病人給藥,55-60,一律不給,3,5,90,38,14,,3,難以升遷,2,,,,,,,
2025-10-24,屏東縣,地區醫院,屏東榮民總醫院龍泉分院,透析中心,N0,血液透析,1:4,1:4,不適用,不適用,無需值班,一人 24 小時連續,有,300 元以上,有,BCM 量測,45-50,主管判斷,7,9,70,30,11,生日禮金、三節禮券,4,機會多,4,安寧團隊互相 support,allow,,allow,,,
2025-10-24,苗栗縣,診所,II 診所,腹膜透析室,N3,腹膜透析,不適用,不適用,1:35-55,1:55 以上,,,,,有,病人抽血、搬運病人量體重,45-50,合理範圍給,2,5,76,32,11,夜點費,3,難以升遷,2,專科氣氛 OK,allow,,allow,,,
2025-10-24,台北市,醫學中心,台灣基督長老教會馬偕醫療財團法人馬偕紀念醫院,腹膜透析室,副護理長,腹膜透析,不適用,不適用,1:20-35,1:20-35,,,,,無,病人輸血,50-55,一律給,5,10,128,54,19,,3,機會多,3,夜班輪轉公平,allow,,,,,
2025-10-23 23:39,台北市,醫學中心,台灣基督長老教會馬偕醫療財團法人馬偕兒童醫院,透析中心,N3,血液透析,1:4,1:6,不適用,不適用,全日值班,一人輪 8 小時小夜,有,200-250 元,有,病人給藥,35-40,合理範圍給,4,10,117,49,18,夜點費,3,普通,1,leader 形同虛設,allow,,allow,,,
2025-10-23 19:58,台中市,醫學中心,中國醫藥大學兒童醫院,腹膜透析室,副護理長,腹膜透析,不適用,不適用,1:20-35,1:20-35,,,,,有,病人輸血,60+,一律不給,4,6,129,54,19,透析津貼,3,難以升遷,2,夜班暴力事件多,allow,,allow,,,
2025-10-23 07:47,新北市,區域醫院,行天宮醫療志業醫療財團法人恩主公醫院,血液淨化中心,護理長,兩者皆有,1:5,1:5,1:20-35,1:20-35,小夜值班（下班至次日早班）,一人 24 小時連續,無,250-300 元,有,病人抽血,40-45,一律給,6,12,123,52,18,夜點費,3,普通,3,資深領班受重視,allow,,allow,,,
2025-10-23,台北市,醫學中心,臺北榮民總醫院,洗腎室,N3,血液透析,1:6,1:4,不適用,不適用,全日值班,一人輪 8 小時小夜,有,300 元以上,有,病人抽血、病人給藥、BCM 量測,45-50,合理範圍給,7,13,123,52,18,夜點費,4,普通,4,,,,allow,,,
2025-10-22,花蓮縣,醫學中心,佛教慈濟醫療財團法人花蓮慈濟醫院,透析診所,N3,血液透析,1:5,1:5,不適用,不適用,無需值班,一人輪 8 小時小夜,無,無,有,病人輸血、搬運病人量體重、BCM 量測,45-50,一律給,6,6,119,50,18,,4,機會多,3,門診作息穩定,allow,,,,,
2025-10-22,高雄市,醫學中心,長庚醫療財團法人高雄長庚紀念醫院,洗腎室,N1,血液透析,1:6,1:5,不適用,不適用,週末值班（六日連續）,一人連續 7 天,有,300 元以上,有,病人抽血、病人輸血、搬運病人量體重,60+,一律不給,5,6,96,40,14,,3,普通,2,常被臨時調班,allow,,,,,
2025-10-21 23:32,基隆市,區域醫院,衛生福利部基隆醫院,腹膜透析中心,N4,腹膜透析,不適用,不適用,1:35-55,1:55 以上,,,,,有,病人抽血、病人給藥、搬運病人量體重,45-50,主管判斷,2,8,119,50,18,透析津貼,4,機會多,3,兒科氣氛溫暖,allow,,allow,,,
2025-10-21 10:28,台北市,醫學中心,國立台灣大學醫學院附設醫院,透析中心,N3,血液透析,1:5,1:5,不適用,不適用,小夜值班（下班至次日早班）,一人連續 7 天,有,300 元以上,有,紅外線理療協助,45-50,主管判斷,3,5,117,49,18,透析津貼,4,普通,4,,,,allow,,,
2025-10-21,彰化縣,地區醫院,道周醫療社團法人道周醫院,透析中心,N2,血液透析,1:5,1:7 以上,不適用,不適用,小夜值班（下班至次日早班）,一人連續 7 天,有,300 元以上,有,紅外線理療協助,45-50,主管判斷,1,6,80,34,12,生日禮金、三節禮券,3,機會多,3,兒科氣氛溫暖,allow,,allow,,,
2025-10-21,花蓮縣,診所,II 診所,血液淨化中心,護理長,血液透析,1:4,1:5,不適用,不適用,無需值班,一人連續 7 天,有,無,無,病人抽血、紅外線理療協助,45-50,一律給,5,8,103,43,15,,3,普通,3,門診作息穩定,allow,,,,,
2025-10-21,台北市,醫學中心,國泰醫療財團法人國泰綜合醫院,血液淨化中心,副護理長,血液透析,1:4,1:6,不適用,不適用,無需值班,一人連續 7 天,無,無,有,搬運病人量體重,45-50,一律給,4,8,125,53,19,,4,機會多,3,可學到很多技術,allow,,,,,
2025-10-21,台南市,診所,HH 診所,血液淨化中心,N2,血液透析,1:5,1:4,不適用,不適用,全日值班,一人連續 7 天,無,200-250 元,有,病人抽血,60+,一律不給,1,1,71,30,11,生日禮金、三節禮券,3,難以升遷,2,人力穩定但行政會議多,allow,,allow,,,
2025-10-20 21:11,彰化縣,醫學中心,彰化基督教醫療財團法人彰化基督教醫院,洗腎室,N2,血液透析,1:5,1:6,不適用,不適用,小夜值班（下班至次日早班）,一人連續 7 天,無,200-250 元,無,病人抽血,40-45,主管判斷,1,2,101,42,15,夜點費,4,機會多,4,安寧團隊互相 support,allow,,allow,,,
2025-10-20 17:25,基隆市,診所,MM 診所,腹膜透析室,N4,腹膜透析,不適用,不適用,1:20 以下,1:20-35,,,,,有,紅外線理療協助,60+,一律不給,1,4,101,42,15,夜點費,2,普通,1,加班沒給,allow,,allow,,,
2025-10-20 16:34,新北市,醫學中心,台灣基督長老教會馬偕醫療財團法人淡水馬偕紀念醫院,透析中心,N1,血液透析,1:5,1:7 以上,不適用,不適用,小夜值班（下班至次日早班）,一人輪 8 小時小夜,有,250-300 元,有,病人抽血、病人輸血、搬運病人量體重,55-60,一律不給,2,6,94,39,14,年節獎金,2,普通,1,人力嚴重不足,allow,,allow,,,
2025-10-20 15:46,高雄市,區域醫院,阮綜合醫療社團法人阮綜合醫院,血液淨化中心,專科護理師,兩者皆有,1:5,1:4,1:20 以下,1:20-35,無需值班,一人 24 小時連續,無,無,無,病人抽血、BCM 量測,45-50,主管判斷,1,3,99,42,15,員工餐廳伙食補助,4,機會多,4,排班相對人性化,allow,,allow,,,
2025-10-20,台北市,區域醫院,三軍總醫院松山分院附設民眾診療服務處,洗腎室,N1,血液透析,1:6,1:5,不適用,不適用,小夜值班（下班至次日早班）,一人連續 7 天,無,300 元以上,有,病人抽血、病人輸血、搬運病人量體重,55-60,主管判斷,5,11,92,39,14,夜點費,3,難以升遷,2,工時長到爆,allow,,allow,,,
2025-10-19 13:31,新北市,醫學中心,衛生福利部雙和醫院(委託臺北醫學大學興建經營),透析診所,N0,血液透析,1:4,1:5,不適用,不適用,小夜值班（下班至次日早班）,一人輪 8 小時小夜,有,300 元以上,有,病人抽血、病人給藥,35-40,一律給,4,9,90,38,14,夜點費,4,機會多,3,,,,allow,,,
2025-10-19,嘉義市,地區醫院,陽明醫院,腹膜透析室,N4,腹膜透析,不適用,不適用,1:20 以下,1:35-55,,,,,有,病人抽血、搬運病人量體重、紅外線理療協助,45-50,主管判斷,3,3,96,40,14,夜點費,3,難以升遷,2,,,,allow,,,
2025-10-19,新竹市,診所,LL 診所,血液淨化中心,專科護理師,血液透析,1:5,1:7 以上,不適用,不適用,週末值班（六日連續）,一人輪 8 小時小夜,有,無,有,BCM 量測,35-40,一律給,4,10,92,39,14,醫療費用員工優惠,3,機會多,3,夜班輪轉公平,allow,,allow,,,
2025-10-18 17:30,基隆市,診所,GG 診所,血液淨化中心,N0,血液透析,1:4,1:5,不適用,不適用,週末值班（六日連續）,一人輪 8 小時小夜,有,無,無,病人抽血,60+,一律不給,8,11,56,30,8,,3,難以升遷,1,人力嚴重不足,allow,,,,,
2025-10-18,台南市,區域醫院,奇美醫療財團法人柳營奇美醫院,腹膜透析中心,N0,腹膜透析,不適用,不適用,1:20-35,1:20-35,,,,,有,搬運病人量體重,55-60,一律不給,5,9,72,30,11,透析津貼,4,機會多,3,安寧團隊互相 support,allow,,allow,,,
2025-10-18,新北市,醫學中心,衛生福利部雙和醫院(委託臺北醫學大學興建經營),血液透析中心,專科護理師,血液透析,1:4,1:4,不適用,不適用,全日值班,一人連續 7 天,無,250-300 元,有,病人輸血,60+,一律不給,5,7,124,52,19,年節獎金,4,機會多,3,工時長但待遇可,allow,,allow,,,
2025-10-17 22:44,台北市,醫學中心,國泰醫療財團法人國泰綜合醫院,透析診所,N0,血液透析,1:4,1:4,不適用,不適用,週末值班（六日連續）,一人連續 7 天,有,300 元以上,有,BCM 量測,55-60,一律不給,7,12,94,39,14,年節獎金,3,普通,2,訓練體系完整,allow,,allow,,,
2025-10-17 10:28,高雄市,醫學中心,財團法人私立高雄醫學大學附設中和紀念醫院,洗腎室,N2,血液透析,1:4,1:5,不適用,不適用,無需值班,一人輪 8 小時小夜,有,250-300 元,無,搬運病人量體重、BCM 量測、紅外線理療協助,45-50,主管判斷,8,14,113,47,17,,4,機會多,4,安寧團隊互相 support,allow,,,,,
2025-10-17 08:49,高雄市,醫學中心,長庚醫療財團法人高雄長庚紀念醫院,腎臟內科透析室,N3,血液透析,1:4,1:4,不適用,不適用,週末值班（六日連續）,一人連續 7 天,無,200-250 元,有,紅外線理療協助,55-60,主管判斷,7,11,107,45,16,,3,難以升遷,2,那個資深的〇姐超級機車，看到她就想吐，真的很垃圾。,block,人身攻擊或威脅,,,,
2025-10-17,宜蘭縣,區域醫院,醫療財團法人羅許基金會羅東博愛醫院,透析中心,N2,血液透析,1:6,1:4,不適用,不適用,小夜值班（下班至次日早班）,一人 24 小時連續,有,300 元以上,無,BCM 量測,40-45,合理範圍給,7,11,87,37,13,,5,機會多,4,排班相對人性化,allow,,,,,
2025-10-17,台北市,醫學中心,國泰醫療財團法人國泰綜合醫院,腹膜透析室,N2,腹膜透析,不適用,不適用,1:20 以下,1:35-55,,,,,有,病人給藥、搬運病人量體重、紅外線理療協助,45-50,合理範圍給,8,10,106,45,16,員工餐廳伙食補助,4,機會多,3,,,,allow,,,
2025-10-17,嘉義市,診所,MM 診所,血液淨化中心,副護理長,兩者皆有,1:5,1:4,1:20-35,1:20-35,週末值班（六日連續）,一人 24 小時連續,有,200-250 元,有,病人抽血、病人輸血、病人給藥,55-60,主管判斷,3,6,90,38,14,夜點費,2,難以升遷,1,主管常 stand-by 不夠,allow,,allow,,,
2025-10-17,台北市,醫學中心,臺北市立萬芳醫院-委託臺北醫學大學辦理,血液淨化中心,N4,血液透析,1:4,1:5,不適用,不適用,週末值班（六日連續）,一人連續 7 天,有,250-300 元,無,搬運病人量體重、BCM 量測、紅外線理療協助,50-55,合理範圍給,3,8,132,55,20,年節獎金,4,機會多,4,資深領班受重視,allow,,allow,,,
2025-10-17,新北市,區域醫院,新北市立土城醫院(委託長庚醫療財團法人興建經營),透析中心,N3,血液透析,1:5,1:4,不適用,不適用,小夜值班（下班至次日早班）,一人 24 小時連續,無,200-250 元,無,病人輸血、病人給藥、紅外線理療協助,50-55,合理範圍給,7,13,101,42,15,,3,機會多,3,專科很強值得待,allow,,,,,
2025-10-16 12:43,新北市,醫學中心,醫療財團法人徐元智先生醫藥基金會亞東紀念醫院,洗腎室,N1,血液透析,1:6,1:5,不適用,不適用,小夜值班（下班至次日早班）,一人輪 8 小時小夜,有,無,有,病人抽血、病人輸血,45-50,一律給,1,6,103,43,15,宿舍（單人房）,4,普通,4,團隊互助強,allow,,allow,,,
2025-10-16 07:50,屏東縣,區域醫院,屏基醫療財團法人屏東基督教醫院及其瑞光院區,透析診所,N3,血液透析,1:4,1:4,不適用,不適用,週末值班（六日連續）,一人 24 小時連續,有,200-250 元,有,病人給藥,45-50,合理範圍給,7,10,103,43,15,,3,機會多,3,可學到很多技術,allow,,,,,
2025-10-16,桃園市,區域醫院,臺北榮民總醫院桃園分院,腎臟內科透析室,N3,血液透析,1:5,1:5,不適用,不適用,全日值班,一人連續 7 天,有,250-300 元,有,紅外線理療協助,50-55,合理範圍給,8,14,105,44,16,年節獎金,3,機會多,3,可學到很多技術,allow,,allow,,,
2025-10-16,高雄市,區域醫院,高雄市立大同醫院,洗腎室,N1,血液透析,1:5,1:7 以上,不適用,不適用,週末值班（六日連續）,一人輪 8 小時小夜,有,200-250 元,有,病人輸血、病人給藥,40-45,一律給,4,8,78,33,12,,4,機會多,3,同事關係好,allow,,,,,
2025-10-16,桃園市,地區醫院,衛生福利部桃園醫院新屋分院,洗腎室,N2,血液透析,1:4,1:6,不適用,不適用,小夜值班（下班至次日早班）,一人 24 小時連續,有,無,有,病人抽血、病人輸血,35-40,主管判斷,1,5,80,34,12,年節獎金,3,機會多,3,團隊互助強,allow,,allow,,,
2025-10-15 22:18,高雄市,區域醫院,國軍左營總醫院附設民眾診療服務處,腹膜透析中心,N1,腹膜透析,不適用,不適用,1:20-35,1:35-55,,,,,無,病人抽血、病人輸血,45-50,合理範圍給,6,6,77,32,12,夜點費,2,難以升遷,1,,,,allow,,,
2025-10-15,台南市,區域醫院,台南市立醫院(委託秀傳醫療社團法人經營),腎臟透析中心,N3,兩者皆有,1:5,1:4,1:20-35,1:20-35,小夜值班（下班至次日早班）,一人 24 小時連續,有,無,有,病人給藥、搬運病人量體重、紅外線理療協助,40-45,合理範圍給,2,2,92,39,14,,4,機會多,4,,,,,,,
2025-10-14 16:06,台中市,區域醫院,李綜合醫療社團法人大甲李綜合醫院,腎臟透析中心,N4,兩者皆有,1:5,1:5,1:20 以下,1:55 以上,小夜值班（下班至次日早班）,一人 24 小時連續,有,300 元以上,有,病人抽血、病人輸血、BCM 量測,50-55,合理範圍給,5,5,108,45,16,夜點費,4,機會多,3,薪資與制度都優,allow,,allow,,,
2025-10-14,台中市,區域醫院,仁愛醫療財團法人大里仁愛醫院,腹膜透析中心,N1,腹膜透析,不適用,不適用,1:20-35,1:55 以上,,,,,有,病人給藥,40-45,主管判斷,7,12,87,37,13,夜點費,4,機會多,4,,,,allow,,,
2025-10-14,彰化縣,區域醫院,秀傳醫療財團法人彰濱秀傳紀念醫院,血液淨化中心,N1,兩者皆有,1:5,1:6,1:35-55,1:55 以上,小夜值班（下班至次日早班）,一人 24 小時連續,有,300 元以上,有,病人給藥、搬運病人量體重,50-55,主管判斷,4,8,84,35,13,員工餐廳伙食補助,4,機會多,4,薪資與制度都優,allow,,allow,,,
2025-10-13 21:05,台北市,醫學中心,國立臺灣大學醫學院附設醫院兒童醫院,腹膜透析室,N1,腹膜透析,不適用,不適用,1:20 以下,1:55 以上,,,,,無,病人輸血、BCM 量測、紅外線理療協助,40-45,合理範圍給,3,4,105,44,16,員工旅遊補助,4,普通,3,門診作息穩定,allow,,allow,,,
2025-10-13,台中市,醫學中心,中國醫藥大學兒童醫院,腎臟透析中心,N3,兩者皆有,1:5,1:7 以上,1:20-35,1:55 以上,小夜值班（下班至次日早班）,一人 24 小時連續,無,200-250 元,無,病人輸血、病人給藥、搬運病人量體重,50-55,合理範圍給,8,13,121,51,18,進修學分補助、國外研討會補助,3,機會多,3,兒科氣氛溫暖,allow,,allow,,,
2025-10-12 15:21,高雄市,區域醫院,高雄市立小港醫院（委託財團法人私立高雄醫學大學經營）,透析診所,N1,血液透析,1:4,1:6,不適用,不適用,無需值班,一人 24 小時連續,有,200-250 元,無,病人輸血、病人給藥、搬運病人量體重,40-45,主管判斷,6,10,86,36,13,,4,機會多,4,訓練體系完整,allow,,,,,
2025-10-12 07:10,台北市,醫學中心,臺北榮民總醫院,腎臟內科透析室,N4,血液透析,1:4,1:7 以上,不適用,不適用,無需值班,一人 24 小時連續,無,300 元以上,有,病人抽血、病人輸血、病人給藥,40-45,主管判斷,4,9,135,57,20,,3,普通,3,同事關係好,allow,,,,,
2025-10-12,彰化縣,醫學中心,彰化基督教醫療財團法人彰化基督教兒童醫院,洗腎室,N3,血液透析,1:5,1:6,不適用,不適用,全日值班,一人連續 7 天,有,250-300 元,有,病人給藥、搬運病人量體重,45-50,合理範圍給,3,6,107,45,16,透析津貼,3,難以升遷,1,leader 形同虛設,allow,,allow,,,
2025-10-12,高雄市,區域醫院,衛生福利部旗山醫院,血液淨化中心,N0,血液透析,1:5,1:7 以上,不適用,不適用,小夜值班（下班至次日早班）,一人連續 7 天,有,無,無,病人抽血、BCM 量測、紅外線理療協助,55-60,一律不給,6,8,83,35,12,,3,難以升遷,2,新人零保護,allow,,,,,
2025-10-12,嘉義市,地區醫院,陽明醫院,透析中心,N0,血液透析,1:4,1:5,不適用,不適用,週末值班（六日連續）,一人連續 7 天,無,無,有,病人給藥、搬運病人量體重、BCM 量測,50-55,主管判斷,3,5,60,30,9,員工健檢自費項目補助,3,機會多,3,工時長但待遇可,allow,,allow,,,
2025-10-12,台中市,地區醫院,烏日澄清醫院,腎臟內科透析室,副護理長,血液透析,1:5,1:5,不適用,不適用,小夜值班（下班至次日早班）,一人輪 8 小時小夜,有,無,無,搬運病人量體重、BCM 量測,55-60,一律不給,2,6,100,42,15,年節獎金,2,難以升遷,1,aaaaaaa 測試測試 123456,block,亂填或無關,allow,,,
2025-10-12,彰化縣,地區醫院,彰化基督教醫療財團法人漢銘基督教醫院,腹膜透析室,N3,腹膜透析,不適用,不適用,1:20 以下,1:35-55,,,,,無,病人抽血、病人輸血,45-50,合理範圍給,7,13,83,35,12,年節獎金,5,普通,5,薪資與制度都優,allow,,allow,,,
2025-10-12,彰化縣,醫學中心,彰化基督教醫療財團法人彰化基督教兒童醫院,腹膜透析中心,N3,腹膜透析,不適用,不適用,1:20-35,1:35-55,,,,,無,病人給藥、搬運病人量體重,45-50,一律給,6,8,116,49,17,生日禮金、三節禮券,5,普通,4,兒科氣氛溫暖,allow,,allow,,,
2025-10-11 14:53,台北市,區域醫院,臺北市立聯合醫院中興院區,洗腎室,N1,血液透析,1:6,1:7 以上,不適用,不適用,無需值班,一人輪 8 小時小夜,無,無,有,BCM 量測,45-50,合理範圍給,7,10,89,37,13,醫療費用員工優惠,4,機會多,4,案件多但學得快,allow,,allow,,,
2025-10-10 21:59,基隆市,區域醫院,衛生福利部基隆醫院,腎臟內科透析室,N2,血液透析,1:6,1:6,不適用,不適用,週末值班（六日連續）,一人 24 小時連續,有,250-300 元,無,搬運病人量體重、BCM 量測、紅外線理療協助,35-40,合理範圍給,7,12,89,37,13,透析津貼,5,機會多,4,兒科氣氛溫暖,allow,,allow,,,
2025-10-10,嘉義市,診所,MM 診所,腎臟透析中心,N4,兩者皆有,1:5,1:7 以上,1:35-55,1:20-35,小夜值班（下班至次日早班）,一人輪 8 小時小夜,無,300 元以上,有,病人抽血、搬運病人量體重、紅外線理療協助,40-45,合理範圍給,2,3,101,42,15,,4,普通,3,主管管太細,allow,,,,,
2025-10-09 16:58,台北市,醫學中心,台灣基督長老教會馬偕醫療財團法人馬偕紀念醫院,洗腎室,N2,血液透析,1:6,1:7 以上,不適用,不適用,小夜值班（下班至次日早班）,一人輪 8 小時小夜,有,300 元以上,有,病人抽血,45-50,一律給,4,7,111,47,17,夜點費,4,機會多,3,薪資與制度都優,allow,,allow,,,
2025-10-09,苗栗縣,地區醫院,慈祐醫院,腹膜透析中心,N2,腹膜透析,不適用,不適用,1:20-35,1:20-35,,,,,無,病人給藥,50-55,一律給,8,8,82,34,12,員工健檢自費項目補助,5,機會多,4,訓練體系完整,allow,,allow,,,
2025-10-09,台北市,醫學中心,新光醫療財團法人新光吳火獅紀念醫院,腹膜透析中心,N3,腹膜透析,不適用,不適用,1:35-55,1:55 以上,,,,,無,病人給藥、搬運病人量體重,35-40,合理範圍給,5,11,123,52,18,透析津貼,4,機會多,3,案件多但學得快,allow,,allow,,,
2025-10-09,嘉義市,區域醫院,天主教中華聖母修女會醫療財團法人天主教聖馬爾定醫,血液淨化中心,N0,血液透析,1:5,1:5,不適用,不適用,小夜值班（下班至次日早班）,一人 24 小時連續,無,300 元以上,有,病人抽血、紅外線理療協助,40-45,主管判斷,5,10,87,37,13,年節獎金,3,難以升遷,2,訓練體系完整,allow,,allow,,,
2025-10-08,新竹市,地區醫院,南門綜合醫院,透析中心,N1,血液透析,1:6,1:7 以上,不適用,不適用,小夜值班（下班至次日早班）,一人輪 8 小時小夜,無,250-300 元,有,病人給藥、搬運病人量體重、紅外線理療協助,50-55,主管判斷,4,9,66,30,10,透析津貼,4,普通,4,氣氛輕鬆,allow,,allow,,,
2025-10-08,花蓮縣,醫學中心,佛教慈濟醫療財團法人花蓮慈濟醫院,腹膜透析中心,N1,腹膜透析,不適用,不適用,1:35-55,1:20-35,,,,,有,病人輸血、病人給藥、紅外線理療協助,45-50,合理範圍給,2,6,94,39,14,,3,普通,2,人力極端不足,allow,,,,,
2025-10-08,台中市,地區醫院,君銓骨科醫院,腹膜透析中心,N1,腹膜透析,不適用,不適用,1:35-55,1:20-35,,,,,有,紅外線理療協助,55-60,一律不給,2,4,69,30,10,夜點費,4,機會多,3,安寧團隊互相 support,allow,,allow,,,
2025-10-08,台南市,醫學中心,國立成功大學醫學院附設醫院,血液淨化中心,N0,兩者皆有,1:5,1:4,1:20 以下,1:55 以上,週末值班（六日連續）,一人 24 小時連續,無,無,有,BCM 量測,40-45,合理範圍給,6,8,101,42,15,,4,普通,5,,,,,,,
2025-10-07 18:02,台北市,醫學中心,台灣基督長老教會馬偕醫療財團法人馬偕兒童醫院,透析中心,N3,血液透析,1:5,1:6,不適用,不適用,全日值班,一人連續 7 天,無,250-300 元,有,病人抽血、病人給藥、搬運病人量體重,35-40,主管判斷,2,3,112,47,17,員工餐廳伙食補助,4,普通,4,排班相對人性化,allow,,allow,,,
2025-10-07 07:15,雲林縣,區域醫院,國立臺灣大學醫學院附設醫院雲林分院及其虎尾院區,血液淨化中心,N4,兩者皆有,1:5,1:7 以上,1:35-55,1:55 以上,全日值班,一人連續 7 天,有,250-300 元,無,搬運病人量體重、紅外線理療協助,60+,主管判斷,8,12,110,46,17,員工健檢自費項目補助,3,普通,2,夜班輪轉公平,allow,,allow,,,
2025-10-07,新北市,醫學中心,佛教慈濟醫療財團法人台北慈濟醫院,腎臟內科透析室,N0,血液透析,1:4,1:6,不適用,不適用,無需值班,一人連續 7 天,無,250-300 元,無,病人抽血、病人輸血、搬運病人量體重,45-50,一律給,7,9,93,39,14,年節獎金,3,機會多,3,,,,allow,,,
2025-10-07,台北市,區域醫院,臺北市立聯合醫院忠孝院區,腎臟內科透析室,N3,血液透析,1:5,1:7 以上,不適用,不適用,無需值班,一人輪 8 小時小夜,有,300 元以上,有,病人抽血、搬運病人量體重、BCM 量測,60+,一律不給,5,10,101,42,15,員工健檢自費項目補助,3,普通,3,兒科氣氛溫暖,allow,,allow,,,
2025-10-06,高雄市,醫學中心,財團法人私立高雄醫學大學附設中和紀念醫院,腎臟內科透析室,N0,血液透析,1:4,1:7 以上,不適用,不適用,無需值班,一人 24 小時連續,無,300 元以上,無,搬運病人量體重、紅外線理療協助,40-45,合理範圍給,1,1,97,41,15,年節獎金,5,普通,5,,,,allow,,,
2025-10-06,新北市,醫學中心,衛生福利部雙和醫院(委託臺北醫學大學興建經營),透析診所,N0,血液透析,1:6,1:5,不適用,不適用,週末值班（六日連續）,一人連續 7 天,有,300 元以上,有,病人抽血、病人輸血,45-50,一律給,8,9,93,39,14,夜點費,4,機會多,3,訓練體系完整,allow,,allow,,,
2025-10-06,新北市,醫學中心,衛生福利部雙和醫院(委託臺北醫學大學興建經營),腹膜透析室,N1,腹膜透析,不適用,不適用,1:20-35,1:20-35,,,,,有,病人給藥、搬運病人量體重,55-60,主管判斷,5,9,104,44,16,,4,機會多,4,可學到很多技術,allow,,,,,
2025-10-05 21:40,新北市,地區醫院,中祥醫院,腎臟透析中心,N0,兩者皆有,1:5,1:7 以上,1:35-55,1:55 以上,無需值班,一人輪 8 小時小夜,無,250-300 元,有,病人抽血、搬運病人量體重、紅外線理療協助,35-40,主管判斷,3,9,63,30,9,,4,機會多,3,工時長但待遇可,allow,,,,,
2025-10-05 10:58,台北市,醫學中心,三軍總醫院附設民眾診療服務處及其汀州院區,透析診所,N1,血液透析,1:4,1:4,不適用,不適用,無需值班,一人連續 7 天,有,200-250 元,有,病人抽血、病人輸血、BCM 量測,45-50,主管判斷,4,4,98,41,15,夜點費,5,機會多,5,安寧團隊互相 support,allow,,allow,,,
2025-10-05 07:37,台北市,區域醫院,臺北市立聯合醫院和平婦幼院區及其婦幼院區,透析中心,N1,血液透析,1:4,1:4,不適用,不適用,無需值班,一人輪 8 小時小夜,有,無,有,搬運病人量體重、紅外線理療協助,45-50,一律給,3,3,85,36,13,,4,機會多,3,人力穩定但行政會議多,allow,,,,,
2025-10-05 07:00,台北市,區域醫院,臺北市立聯合醫院仁愛院區,腹膜透析室,N1,腹膜透析,不適用,不適用,1:20-35,1:20-35,,,,,有,病人抽血、搬運病人量體重、紅外線理療協助,55-60,一律不給,6,9,81,34,12,,3,機會多,3,,,,,,,
2025-10-05,桃園市,地區醫院,德仁醫院,腎臟透析中心,N2,兩者皆有,1:6,1:5,1:20 以下,1:55 以上,週末值班（六日連續）,一人輪 8 小時小夜,有,200-250 元,無,搬運病人量體重,35-40,一律給,8,10,75,32,11,生日禮金、三節禮券,3,普通,3,,,,allow,,,
2025-10-05,高雄市,地區醫院,新正薪醫院,透析中心,專科護理師,血液透析,1:6,1:5,不適用,不適用,全日值班,一人連續 7 天,有,無,有,病人抽血、病人輸血、BCM 量測,45-50,合理範圍給,3,4,86,36,13,,4,機會多,3,兒科氣氛溫暖,allow,,,,,
2025-10-05,台北市,區域醫院,振興醫療財團法人振興醫院,洗腎室,N3,血液透析,1:6,1:6,不適用,不適用,週末值班（六日連續）,一人連續 7 天,無,300 元以上,有,病人給藥、紅外線理療協助,50-55,主管判斷,1,6,98,41,15,夜點費,3,機會多,3,,,,allow,,,
2025-10-05,台南市,地區醫院,台灣基督長老教會新樓醫療財團法人麻豆新樓醫院,血液淨化中心,N2,兩者皆有,1:4,1:5,1:35-55,1:35-55,無需值班,一人 24 小時連續,有,300 元以上,有,病人抽血、病人輸血、紅外線理療協助,60+,主管判斷,3,6,79,33,12,,2,普通,1,,,,,,,
2025-10-05,花蓮縣,診所,HH 診所,血液透析中心,專科護理師,血液透析,1:4,1:7 以上,不適用,不適用,小夜值班（下班至次日早班）,一人輪 8 小時小夜,無,250-300 元,無,病人抽血,45-50,主管判斷,8,9,92,39,14,進修學分補助、國外研討會補助,4,普通,3,夜班輪轉公平,allow,,allow,,,
2025-10-04 16:32,彰化縣,地區醫院,彰化基督教醫療財團法人漢銘基督教醫院,透析中心,N3,血液透析,1:6,1:4,不適用,不適用,週末值班（六日連續）,一人輪 8 小時小夜,有,300 元以上,無,紅外線理療協助,45-50,合理範圍給,2,3,87,37,13,夜點費,3,難以升遷,2,新人零保護,allow,,allow,,,
2025-10-03 21:05,台南市,醫學中心,國立成功大學醫學院附設醫院,血液淨化中心,N2,血液透析,1:5,1:5,不適用,不適用,小夜值班（下班至次日早班）,一人連續 7 天,有,無,無,搬運病人量體重、BCM 量測、紅外線理療協助,50-55,主管判斷,2,7,98,41,15,透析津貼,4,普通,3,,,,allow,,,
2025-10-03 19:48,台南市,區域醫院,臺南市立安南醫院-委託中國醫藥大學興建經營,透析診所,N3,血液透析,1:6,1:4,不適用,不適用,無需值班,一人連續 7 天,有,300 元以上,無,病人抽血、病人輸血、BCM 量測,35-40,主管判斷,5,6,101,42,15,,3,機會多,3,氣氛輕鬆,allow,,,,,
2025-10-03 17:12,台北市,醫學中心,台灣基督長老教會馬偕醫療財團法人馬偕兒童醫院,血液透析中心,N1,血液透析,1:5,1:6,不適用,不適用,週末值班（六日連續）,一人輪 8 小時小夜,有,250-300 元,有,病人輸血,60+,主管判斷,8,13,93,39,14,透析津貼,4,普通,3,排班相對人性化,allow,,allow,,,
2025-10-03 16:35,台北市,醫學中心,台灣基督長老教會馬偕醫療財團法人馬偕兒童醫院,血液淨化中心,N1,血液透析,1:5,1:5,不適用,不適用,週末值班（六日連續）,一人 24 小時連續,無,300 元以上,有,搬運病人量體重,45-50,主管判斷,4,7,100,42,15,透析津貼,3,普通,3,專科氣氛 OK,allow,,allow,,,
2025-10-03 07:59,新竹市,區域醫院,台灣基督長老教會馬偕醫療財團法人新竹馬偕紀念醫院,腹膜透析室,N1,腹膜透析,不適用,不適用,1:35-55,1:20-35,,,,,無,病人抽血、病人輸血、紅外線理療協助,40-45,合理範圍給,6,7,86,36,13,夜點費,3,普通,2,,,,allow,,,
2025-10-03,新竹市,區域醫院,台灣基督長老教會馬偕醫療財團法人新竹馬偕紀念醫院,透析診所,N2,血液透析,1:4,1:5,不適用,不適用,無需值班,一人 24 小時連續,有,300 元以上,有,搬運病人量體重,60+,主管判斷,1,2,98,41,15,透析津貼,3,普通,1,,,,allow,,,
2025-10-03,花蓮縣,地區醫院,佛教慈濟醫療財團法人玉里慈濟醫院,腎臟透析中心,N1,兩者皆有,1:5,1:5,1:35-55,1:20-35,全日值班,一人輪 8 小時小夜,有,300 元以上,有,病人輸血、病人給藥、搬運病人量體重,45-50,一律給,3,7,62,30,9,透析津貼,4,機會多,4,可學到很多技術,allow,,allow,,,
2025-10-03,高雄市,醫學中心,長庚醫療財團法人高雄長庚紀念醫院,透析中心,N1,血液透析,1:6,1:5,不適用,不適用,週末值班（六日連續）,一人連續 7 天,有,300 元以上,有,搬運病人量體重,60+,一律不給,5,9,92,39,14,員工餐廳伙食補助,3,普通,2,工時超長,allow,,allow,,,
2025-10-02 22:53,桃園市,區域醫院,臺北榮民總醫院桃園分院,透析診所,N1,血液透析,1:5,1:4,不適用,不適用,無需值班,一人連續 7 天,有,200-250 元,有,病人抽血,45-50,主管判斷,8,14,80,34,12,夜點費,4,普通,3,專科氣氛 OK,allow,,allow,,,
2025-10-02,台中市,地區醫院,台新醫院,透析診所,護理長,血液透析,1:5,1:4,不適用,不適用,小夜值班（下班至次日早班）,一人 24 小時連續,無,300 元以上,有,病人抽血、病人給藥,35-40,合理範圍給,8,10,103,43,15,生日禮金、三節禮券,3,普通,2,人力嚴重不足,allow,,allow,,,
2025-10-02,高雄市,醫學中心,長庚醫療財團法人高雄長庚紀念醫院,腎臟內科透析室,N2,血液透析,1:5,1:4,不適用,不適用,無需值班,一人連續 7 天,有,250-300 元,無,病人給藥、搬運病人量體重、BCM 量測,55-60,主管判斷,8,10,97,41,15,宿舍（單人房）,3,難以升遷,1,夜班暴力事件多,allow,,allow,,,
2025-10-01,桃園市,區域醫院,聯新國際醫院,洗腎室,護理長,血液透析,1:5,1:5,不適用,不適用,週末值班（六日連續）,一人 24 小時連續,有,300 元以上,有,病人抽血、病人給藥、搬運病人量體重,45-50,一律給,3,7,113,47,17,夜點費,5,機會多,4,團隊互助強,allow,,allow,,,
2025-10-01,台北市,醫學中心,新光醫療財團法人新光吳火獅紀念醫院,血液淨化中心,N3,血液透析,1:4,1:6,不適用,不適用,小夜值班（下班至次日早班）,一人輪 8 小時小夜,有,250-300 元,無,病人給藥、BCM 量測,40-45,合理範圍給,1,3,107,45,16,夜點費,3,難以升遷,2,leader 形同虛設,allow,,allow,,,
2025-09-30 07:57,台北市,醫學中心,台灣基督長老教會馬偕醫療財團法人馬偕紀念醫院,腎臟透析中心,N2,兩者皆有,1:4,1:5,1:20-35,1:20-35,小夜值班（下班至次日早班）,一人輪 8 小時小夜,無,無,無,搬運病人量體重,50-55,主管判斷,1,2,101,42,15,透析津貼,4,機會多,4,兒科氣氛溫暖,allow,,allow,,,
2025-09-30 07:42,高雄市,地區醫院,杏和醫院,透析中心,N3,血液透析,1:5,1:7 以上,不適用,不適用,小夜值班（下班至次日早班）,一人連續 7 天,無,無,無,病人抽血,45-50,合理範圍給,7,12,83,35,12,,3,機會多,3,主管管太細,allow,,,,,
2025-09-30,台北市,醫學中心,國泰醫療財團法人國泰綜合醫院,透析診所,N2,血液透析,1:4,1:6,不適用,不適用,全日值班,一人 24 小時連續,有,無,有,病人抽血、病人輸血、病人給藥,45-50,主管判斷,6,12,98,41,15,透析津貼,4,機會多,3,安寧團隊互相 support,allow,,allow,,,
2025-09-30,苗栗縣,診所,NN 診所,腎臟內科透析室,N4,血液透析,1:4,1:5,不適用,不適用,全日值班,一人連續 7 天,無,無,有,紅外線理療協助,50-55,一律給,4,5,98,41,15,,3,普通,2,訓練體系完整,allow,,,,,
2025-09-29 22:26,屏東縣,區域醫院,輔英科技大學附設醫院,血液淨化中心,N1,血液透析,1:4,1:7 以上,不適用,不適用,小夜值班（下班至次日早班）,一人輪 8 小時小夜,有,200-250 元,有,搬運病人量體重、BCM 量測,60+,一律不給,7,10,89,37,13,,2,普通,1,工時長到爆,allow,,,,,
2025-09-29 12:34,苗栗縣,區域醫院,為恭醫療財團法人為恭紀念醫院及其東興院區,洗腎室,N2,血液透析,1:5,1:5,不適用,不適用,小夜值班（下班至次日早班）,一人連續 7 天,無,250-300 元,有,病人輸血、BCM 量測,35-40,主管判斷,3,4,97,41,15,員工健檢自費項目補助,4,機會多,4,,,,allow,,,
2025-09-29,屏東縣,區域醫院,屏基醫療財團法人屏東基督教醫院及其瑞光院區,腎臟透析中心,N2,兩者皆有,1:4,1:6,1:20-35,1:20-35,小夜值班（下班至次日早班）,一人 24 小時連續,有,250-300 元,有,病人抽血,55-60,一律不給,2,7,97,41,15,年度自強活動,3,普通,2,訓練體系完整,allow,,allow,,,
2025-09-29,屏東縣,區域醫院,寶建醫療社團法人寶建醫院,血液淨化中心,N0,兩者皆有,1:5,1:6,1:35-55,1:35-55,全日值班,一人 24 小時連續,有,無,有,病人抽血、病人給藥,50-55,一律給,5,6,88,37,13,夜點費,3,機會多,3,專科氣氛 OK,allow,,allow,,,
2025-09-29,台北市,醫學中心,國立臺灣大學醫學院附設醫院兒童醫院,腎臟透析中心,N1,兩者皆有,1:4,1:6,1:20-35,1:20-35,週末值班（六日連續）,一人輪 8 小時小夜,有,250-300 元,無,搬運病人量體重、BCM 量測、紅外線理療協助,55-60,一律不給,4,8,92,39,14,,4,機會多,3,氣氛輕鬆,allow,,,,,
2025-09-29,台中市,區域醫院,衛生福利部臺中醫院,血液淨化中心,N3,血液透析,1:5,1:5,不適用,不適用,週末值班（六日連續）,一人 24 小時連續,有,300 元以上,有,BCM 量測,40-45,一律給,2,3,101,42,15,宿舍（單人房）,4,機會多,3,主管管太細,allow,,allow,,,
2025-09-29,彰化縣,醫學中心,彰化基督教醫療財團法人彰化基督教兒童醫院,腎臟內科透析室,護理長,血液透析,1:6,1:4,不適用,不適用,全日值班,一人連續 7 天,有,無,有,搬運病人量體重、紅外線理療協助,45-50,合理範圍給,2,7,134,56,20,透析津貼,4,機會多,4,兒科氣氛溫暖,allow,,allow,,,
2025-09-28 08:15,基隆市,地區醫院,新昆明醫院,腎臟透析中心,N1,兩者皆有,1:5,1:4,1:35-55,1:20-35,無需值班,一人輪 8 小時小夜,無,250-300 元,有,病人抽血、BCM 量測,45-50,合理範圍給,2,7,63,30,9,年節獎金,4,機會多,3,門診作息穩定,allow,,allow,,,
2025-09-27,屏東縣,區域醫院,輔英科技大學附設醫院,腎臟內科透析室,N0,血液透析,1:5,1:7 以上,不適用,不適用,無需值班,一人連續 7 天,有,無,有,病人給藥,50-55,合理範圍給,4,5,87,37,13,透析津貼,4,機會多,3,訓練體系完整,allow,,allow,,,
2025-09-27,高雄市,醫學中心,財團法人私立高雄醫學大學附設中和紀念醫院,血液淨化中心,N2,兩者皆有,1:5,1:7 以上,1:20-35,1:55 以上,小夜值班（下班至次日早班）,一人連續 7 天,有,200-250 元,有,病人輸血、病人給藥、BCM 量測,60+,一律不給,3,7,105,44,16,員工健檢自費項目補助,4,機會多,3,排班相對人性化,allow,,allow,,,
2025-09-27,台中市,地區醫院,明德醫院,洗腎室,N3,血液透析,1:5,1:5,不適用,不適用,週末值班（六日連續）,一人 24 小時連續,無,無,有,病人給藥、搬運病人量體重,45-50,一律給,2,5,91,38,14,醫療費用員工優惠,3,難以升遷,2,新人零保護,allow,,allow,,,
2025-09-27,彰化縣,醫學中心,彰化基督教醫療財團法人彰化基督教兒童醫院,腹膜透析室,N3,腹膜透析,不適用,不適用,1:20-35,1:55 以上,,,,,有,病人輸血,40-45,一律給,5,8,110,46,17,夜點費,5,機會多,5,可學到很多技術,allow,,allow,,,
2025-09-26 13:28,台中市,地區醫院,明德醫院,腹膜透析中心,N3,腹膜透析,不適用,不適用,1:20-35,1:20-35,,,,,有,病人抽血、搬運病人量體重、紅外線理療協助,60+,一律不給,7,8,85,36,13,透析津貼,3,難以升遷,2,夜班輪轉公平,allow,,allow,,,
2025-09-26 09:25,台北市,區域醫院,振興醫療財團法人振興醫院,血液淨化中心,N3,兩者皆有,1:5,1:4,1:20-35,1:35-55,小夜值班（下班至次日早班）,一人 24 小時連續,有,300 元以上,有,病人抽血、病人輸血、BCM 量測,60+,一律不給,3,3,100,42,15,年節獎金,3,難以升遷,2,沒人沒錢沒尊重,allow,,allow,,,
2025-09-26 09:03,高雄市,醫學中心,義大醫療財團法人義大醫院,血液淨化中心,專科護理師,血液透析,1:4,1:5,不適用,不適用,小夜值班（下班至次日早班）,一人連續 7 天,有,300 元以上,有,病人抽血、BCM 量測、紅外線理療協助,50-55,合理範圍給,5,9,122,51,18,年節獎金,4,機會多,3,中部醫院 case 量適中,allow,,allow,,,
2025-09-26,高雄市,區域醫院,高雄市立大同醫院,洗腎室,N3,血液透析,1:5,1:5,不適用,不適用,週末值班（六日連續）,一人 24 小時連續,無,300 元以上,有,病人輸血、搬運病人量體重、紅外線理療協助,45-50,主管判斷,6,10,106,45,16,宿舍（單人房）,3,普通,3,,,,allow,,,
2025-09-26,苗栗縣,區域醫院,衛生福利部苗栗醫院,血液淨化中心,N2,兩者皆有,1:6,1:4,1:20-35,1:35-55,週末值班（六日連續）,一人連續 7 天,無,200-250 元,無,病人輸血、搬運病人量體重,45-50,合理範圍給,6,11,98,41,15,年節獎金,3,機會多,3,門診作息穩定,allow,,allow,,,
2025-09-25,基隆市,診所,II 診所,洗腎室,N3,血液透析,1:4,1:5,不適用,不適用,小夜值班（下班至次日早班）,一人 24 小時連續,有,250-300 元,有,病人抽血、搬運病人量體重、紅外線理療協助,45-50,主管判斷,7,7,73,31,11,透析津貼,4,機會多,3,門診作息穩定,allow,,allow,,,
2025-09-25,新北市,醫學中心,台灣基督長老教會馬偕醫療財團法人淡水馬偕紀念醫院,腹膜透析室,N2,腹膜透析,不適用,不適用,1:20-35,1:55 以上,,,,,有,病人抽血、搬運病人量體重、紅外線理療協助,60+,一律不給,6,6,110,46,17,年節獎金,3,難以升遷,2,被當打雜,allow,,allow,,,
2025-09-25,新竹市,診所,JJ 診所,腹膜透析室,副護理長,腹膜透析,不適用,不適用,1:20 以下,1:35-55,,,,,有,病人抽血、病人輸血,50-55,主管判斷,8,13,87,37,13,夜點費,4,機會多,4,主管支持度高,allow,,allow,,,
2025-09-25,台中市,地區醫院,仁愛醫療財團法人台中仁愛醫院,腹膜透析室,N2,腹膜透析,不適用,不適用,1:20 以下,1:35-55,,,,,無,搬運病人量體重、BCM 量測,45-50,合理範圍給,8,14,78,33,12,夜點費,5,機會多,5,團隊互助強,allow,,allow,,,
2025-09-25,台中市,地區醫院,清泉醫院,腹膜透析中心,N3,腹膜透析,不適用,不適用,1:20 以下,1:20-35,,,,,有,病人給藥、搬運病人量體重、BCM 量測,55-60,一律不給,6,8,88,37,13,員工餐廳伙食補助,4,普通,3,,,,allow,,,
2025-09-24 18:35,新竹市,醫學中心,國立臺灣大學醫學院附設醫院新竹臺大分院新竹醫院,透析中心,N2,血液透析,1:4,1:5,不適用,不適用,無需值班,一人輪 8 小時小夜,有,300 元以上,有,搬運病人量體重,60+,一律不給,7,10,104,44,16,透析津貼,3,機會多,3,案件多但學得快,allow,,allow,,,
2025-09-24 08:17,宜蘭縣,區域醫院,天主教靈醫會醫療財團法人羅東聖母醫院,腎臟透析中心,N2,兩者皆有,1:5,1:4,1:35-55,1:55 以上,無需值班,一人輪 8 小時小夜,有,250-300 元,無,紅外線理療協助,40-45,主管判斷,2,8,86,36,13,透析津貼,4,普通,4,訓練體系完整,allow,,allow,,,
2025-09-24,彰化縣,醫學中心,彰化基督教醫療財團法人彰化基督教醫院,腎臟內科透析室,N3,血液透析,1:5,1:4,不適用,不適用,週末值班（六日連續）,一人連續 7 天,有,300 元以上,有,BCM 量測、紅外線理療協助,50-55,合理範圍給,8,11,117,49,18,夜點費,4,機會多,4,專科很強值得待,allow,,allow,,,
2025-09-24,台中市,地區醫院,賢德醫院及其樹孝院區,腹膜透析室,N2,腹膜透析,不適用,不適用,1:20 以下,1:55 以上,,,,,無,搬運病人量體重、紅外線理療協助,45-50,一律給,8,9,81,34,12,進修學分補助、國外研討會補助,3,機會多,3,兒科氣氛溫暖,allow,,allow,,,
2025-09-23 23:42,新竹縣,地區醫院,國立臺灣大學醫學院附設醫院新竹臺大分院生醫醫院竹東院區,腹膜透析中心,護理長,腹膜透析,不適用,不適用,1:20-35,1:20-35,,,,,有,病人抽血、病人輸血、搬運病人量體重,45-50,主管判斷,2,6,100,42,15,透析津貼,4,機會多,3,,,,allow,,,
2025-09-23 21:06,桃園市,區域醫院,臺北榮民總醫院桃園分院,腹膜透析中心,N4,腹膜透析,不適用,不適用,1:20 以下,1:35-55,,,,,有,病人抽血、紅外線理療協助,55-60,一律不給,1,4,109,46,16,,4,機會多,3,,,,,,,
2025-09-23 14:56,高雄市,醫學中心,義大醫療財團法人義大醫院,腹膜透析中心,N1,腹膜透析,不適用,不適用,1:20-35,1:35-55,,,,,無,病人給藥、搬運病人量體重、BCM 量測,35-40,一律給,2,4,106,45,16,夜點費,4,普通,4,專科很強值得待,allow,,allow,,,
2025-09-23,台北市,醫學中心,長庚醫療財團法人台北長庚紀念醫院,血液淨化中心,N2,血液透析,1:4,1:5,不適用,不適用,全日值班,一人 24 小時連續,有,200-250 元,有,病人抽血、病人輸血、搬運病人量體重,60+,一律不給,3,5,104,44,16,夜點費,3,普通,3,訓練體系完整,allow,,allow,,,
2025-09-23,台中市,醫學中心,臺中榮民總醫院,血液透析中心,N0,血液透析,1:5,1:6,不適用,不適用,全日值班,一人 24 小時連續,有,250-300 元,無,病人抽血、病人給藥、搬運病人量體重,60+,一律不給,7,13,93,39,14,,3,普通,2,,,,,,,
2025-09-23,高雄市,地區醫院,國軍左營總醫院岡山分院附設民眾診療服務處,腹膜透析室,N1,腹膜透析,不適用,不適用,1:20-35,1:35-55,,,,,有,病人給藥、搬運病人量體重、紅外線理療協助,50-55,一律給,7,11,66,30,10,,5,機會多,5,主管支持度高,allow,,,,,
2025-09-23,新北市,醫學中心,醫療財團法人徐元智先生醫藥基金會亞東紀念醫院,透析診所,N3,血液透析,1:5,1:6,不適用,不適用,小夜值班（下班至次日早班）,一人 24 小時連續,有,250-300 元,無,病人輸血,45-50,一律給,2,2,120,50,18,,4,機會多,3,人力穩定但行政會議多,allow,,,,,
2025-09-23,台南市,醫學中心,奇美醫療財團法人奇美醫院及其樹林院區,透析中心,N1,血液透析,1:4,1:4,不適用,不適用,週末值班（六日連續）,一人 24 小時連續,有,無,有,紅外線理療協助,45-50,合理範圍給,5,9,101,42,15,員工餐廳伙食補助,3,難以升遷,2,可學到很多技術,allow,,allow,,,
2025-09-22 21:48,新北市,區域醫院,國泰醫療財團法人汐止國泰綜合醫院,透析中心,專科護理師,血液透析,1:5,1:7 以上,不適用,不適用,小夜值班（下班至次日早班）,一人 24 小時連續,有,300 元以上,無,病人輸血、搬運病人量體重,35-40,合理範圍給,1,6,109,46,16,托兒補助,4,機會多,4,訓練體系完整,allow,,allow,,,
2025-09-22 07:26,高雄市,診所,JJ 診所,透析診所,專科護理師,血液透析,1:6,1:5,不適用,不適用,週末值班（六日連續）,一人連續 7 天,無,250-300 元,有,搬運病人量體重,35-40,主管判斷,5,6,81,34,12,夜點費,3,機會多,3,氣氛輕鬆,allow,,allow,,,
2025-09-22,桃園市,地區醫院,衛生福利部桃園醫院新屋分院,血液透析中心,N3,血液透析,1:4,1:6,不適用,不適用,全日值班,一人連續 7 天,有,250-300 元,無,病人抽血、病人輸血、紅外線理療協助,45-50,一律給,5,7,78,33,12,,2,難以升遷,1,加班沒給,allow,,,,,
2025-09-22,台東縣,診所,LL 診所,腹膜透析中心,N4,腹膜透析,不適用,不適用,1:20-35,1:35-55,,,,,有,病人抽血、搬運病人量體重、BCM 量測,35-40,主管判斷,7,13,99,42,15,透析津貼,3,普通,3,門診作息穩定,allow,,allow,,,
2025-09-22,新北市,地區醫院,怡和醫院,腎臟內科透析室,N1,血液透析,1:5,1:7 以上,不適用,不適用,週末值班（六日連續）,一人連續 7 天,有,200-250 元,無,病人抽血、紅外線理療協助,35-40,合理範圍給,5,5,75,32,11,年節獎金,4,普通,3,,,,allow,,,
2025-09-22,彰化縣,區域醫院,秀傳醫療社團法人秀傳紀念醫院,透析診所,N3,血液透析,1:6,1:7 以上,不適用,不適用,全日值班,一人 24 小時連續,無,300 元以上,有,病人抽血、搬運病人量體重、BCM 量測,40-45,一律給,6,6,96,40,14,生日禮金、三節禮券,4,機會多,3,,,,allow,,,
2025-09-21,南投縣,診所,KK 診所,腹膜透析中心,專科護理師,腹膜透析,不適用,不適用,1:35-55,1:20-35,,,,,有,病人抽血、病人輸血,40-45,合理範圍給,5,11,91,38,14,員工旅遊補助,4,機會多,3,主管管太細,allow,,allow,,,
2025-09-21,台北市,區域醫院,基督復臨安息日會醫療財團法人臺安醫院,洗腎室,副護理長,血液透析,1:4,1:4,不適用,不適用,無需值班,一人 24 小時連續,有,250-300 元,有,搬運病人量體重,35-40,合理範圍給,5,11,118,50,18,夜點費,3,機會多,3,人力穩定但行政會議多,allow,,allow,,,
2025-09-21,台南市,診所,LL 診所,腎臟透析中心,N1,兩者皆有,1:5,1:5,1:20-35,1:20-35,全日值班,一人連續 7 天,有,300 元以上,有,病人抽血、病人輸血、病人給藥,55-60,一律不給,3,4,73,31,11,年節獎金,2,難以升遷,1,沒人沒錢沒尊重,allow,,allow,,,
2025-09-20,台北市,醫學中心,三軍總醫院附設民眾診療服務處及其汀州院區,腹膜透析中心,護理長,腹膜透析,不適用,不適用,1:35-55,1:20-35,,,,,有,紅外線理療協助,50-55,合理範圍給,8,11,129,54,19,年節獎金,3,普通,3,專科很強值得待,allow,,allow,,,
2025-09-20,台北市,醫學中心,國泰醫療財團法人國泰綜合醫院,腎臟透析中心,N2,兩者皆有,1:5,1:6,1:20-35,1:35-55,無需值班,一人連續 7 天,有,無,無,病人抽血、BCM 量測、紅外線理療協助,50-55,主管判斷,5,5,100,42,15,夜點費,4,普通,3,主管支持度高,allow,,allow,,,
2025-09-20,台北市,區域醫院,三軍總醫院松山分院附設民眾診療服務處,血液淨化中心,N3,兩者皆有,1:5,1:6,1:20-35,1:20-35,全日值班,一人輪 8 小時小夜,有,300 元以上,無,病人給藥、BCM 量測,55-60,一律不給,2,2,105,44,16,,3,難以升遷,2,加班沒給,allow,,,,,
2025-09-19 22:58,台東縣,區域醫院,台灣基督長老教會馬偕醫療財團法人台東馬偕紀念醫院,腎臟內科透析室,N2,血液透析,1:5,1:6,不適用,不適用,小夜值班（下班至次日早班）,一人輪 8 小時小夜,有,300 元以上,無,病人抽血、病人輸血、病人給藥,60+,一律不給,6,9,93,39,14,年節獎金,2,難以升遷,1,加班沒給,allow,,allow,,,
2025-09-19 17:50,南投縣,地區醫院,佑民醫療社團法人佑民醫院,腎臟內科透析室,N0,血液透析,1:6,1:5,不適用,不適用,無需值班,一人 24 小時連續,有,200-250 元,有,病人抽血,45-50,合理範圍給,2,2,69,30,10,年節獎金,4,機會多,3,,,,allow,,,
2025-09-19 15:08,台北市,醫學中心,新光醫療財團法人新光吳火獅紀念醫院,腎臟透析中心,N2,兩者皆有,1:5,1:5,1:20 以下,1:35-55,週末值班（六日連續）,一人輪 8 小時小夜,無,無,有,病人抽血、病人給藥、紅外線理療協助,40-45,一律給,3,8,100,42,15,宿舍（單人房）,4,普通,3,訓練體系完整,allow,,allow,,,
2025-09-19 09:15,台南市,地區醫院,奇美醫療財團法人佳里奇美醫院,腹膜透析中心,N2,腹膜透析,不適用,不適用,1:20-35,1:55 以上,,,,,有,病人輸血、搬運病人量體重,40-45,合理範圍給,3,5,67,30,10,透析津貼,4,普通,3,資深領班受重視,allow,,allow,,,
2025-09-19,新北市,地區醫院,祥顥醫院,透析診所,N0,血液透析,1:5,1:4,不適用,不適用,無需值班,一人輪 8 小時小夜,有,250-300 元,無,病人抽血、病人輸血,45-50,合理範圍給,3,7,62,30,9,年節獎金,4,機會多,4,氣氛輕鬆,allow,,allow,,,
2025-09-19,新竹市,醫學中心,國立臺灣大學醫學院附設醫院新竹臺大分院新竹醫院,血液淨化中心,N1,血液透析,1:4,1:6,不適用,不適用,小夜值班（下班至次日早班）,一人連續 7 天,有,200-250 元,有,病人給藥、紅外線理療協助,60+,主管判斷,3,6,100,42,15,透析津貼,2,難以升遷,1,夜班暴力事件多,allow,,allow,,,
2025-09-18 17:42,桃園市,區域醫院,國軍桃園總醫院附設民眾診療服務處,腎臟內科透析室,N1,血液透析,1:5,1:7 以上,不適用,不適用,週末值班（六日連續）,一人輪 8 小時小夜,有,200-250 元,無,病人輸血、搬運病人量體重,35-40,合理範圍給,2,5,80,34,12,夜點費,4,普通,3,,,,allow,,,
2025-09-18 15:34,屏東縣,診所,II 診所,血液透析中心,N1,血液透析,1:5,1:7 以上,不適用,不適用,小夜值班（下班至次日早班）,一人 24 小時連續,有,250-300 元,有,紅外線理療協助,50-55,合理範圍給,3,7,58,30,9,年節獎金,3,難以升遷,2,主管管太細,allow,,allow,,,
2025-09-18 09:27,桃園市,區域醫院,聯新國際醫院,腹膜透析中心,N0,腹膜透析,不適用,不適用,1:20-35,1:20-35,,,,,有,病人輸血,35-40,合理範圍給,1,6,74,31,11,宿舍（單人房）,3,普通,3,,,,allow,,,
2025-09-18,台中市,區域醫院,亞洲大學附屬醫院,腎臟透析中心,N1,兩者皆有,1:5,1:5,1:20 以下,1:35-55,全日值班,一人輪 8 小時小夜,無,無,有,病人抽血,45-50,合理範圍給,3,7,88,37,13,夜點費,4,普通,3,,,,allow,,,
2025-09-18,宜蘭縣,區域醫院,天主教靈醫會醫療財團法人羅東聖母醫院,腎臟透析中心,N1,兩者皆有,1:5,1:5,1:20 以下,1:35-55,週末值班（六日連續）,一人 24 小時連續,無,無,有,病人給藥、搬運病人量體重,40-45,合理範圍給,3,5,78,33,12,透析津貼,4,機會多,4,薪資與制度都優,allow,,allow,,,
2025-09-18,屏東縣,區域醫院,衛生福利部屏東醫院,腹膜透析中心,專科護理師,腹膜透析,不適用,不適用,1:35-55,1:20-35,,,,,有,病人抽血,45-50,合理範圍給,7,10,110,46,17,醫療費用員工優惠,4,普通,4,訓練體系完整,allow,,allow,,,
2025-09-17 20:27,高雄市,地區醫院,鈞安婦幼聯合醫院,透析中心,N3,血液透析,1:4,1:5,不適用,不適用,週末值班（六日連續）,一人連續 7 天,有,250-300 元,無,病人給藥、紅外線理療協助,50-55,一律給,6,8,81,34,12,透析津貼,3,機會多,3,,,,allow,,,
2025-09-17,屏東縣,診所,NN 診所,透析診所,N2,血液透析,1:4,1:7 以上,不適用,不適用,無需值班,一人 24 小時連續,有,250-300 元,有,病人抽血,45-50,合理範圍給,8,14,66,30,10,透析津貼,4,機會多,3,案件多但學得快,allow,,allow,,,
2025-09-17,台中市,地區醫院,勝美醫院,腎臟透析中心,護理長,兩者皆有,1:4,1:6,1:20 以下,1:20-35,小夜值班（下班至次日早班）,一人輪 8 小時小夜,無,200-250 元,無,病人抽血,40-45,一律給,6,12,106,45,16,年節獎金,3,普通,2,,,,allow,,,
2025-09-16 08:20,新竹市,醫學中心,國立臺灣大學醫學院附設醫院新竹臺大分院新竹醫院,血液淨化中心,副護理長,血液透析,1:5,1:5,不適用,不適用,週末值班（六日連續）,一人輪 8 小時小夜,有,200-250 元,有,搬運病人量體重,45-50,合理範圍給,8,11,121,51,18,,5,機會多,4,排班相對人性化,allow,,,,,
2025-09-16,台北市,區域醫院,基督復臨安息日會醫療財團法人臺安醫院,透析中心,N3,血液透析,1:4,1:5,不適用,不適用,小夜值班（下班至次日早班）,一人輪 8 小時小夜,有,200-250 元,有,病人輸血,40-45,主管判斷,3,9,100,42,15,員工旅遊補助,4,普通,4,安寧團隊互相 support,allow,,allow,,,
