timestamp,location,institutionType,institutionName,unitName,jobTitle,erLevel,erArea,fullBedThreshold,erCrowding,criticalRatio,criticalPeakRatio,observationRatio,observationPeakRatio,triageRatio,shiftSystem,eveningAllowanceNonPack,eveningAllowancePack,nightAllowanceNonPack,nightAllowancePack,hasOnCall,erHazardPay,criticalTeam,nonNursingHelp,nonNursingHelpShifts,newbieIndependence,newbieNightShift,certLeave,certFee,dailyOvertime,weeklyHours,overtimePolicy,violenceFreq,violenceRiskFeeling,securitySupport,postIncidentSupport,yearsCurrent,yearsTotal,annualSalary,monthlyBase,annualBonus,specialBenefits,workAtmosphere,promotion,recommendIndex,comment,modComment,modCommentCode,modSpecialBenefits,modSpecialBenefitsCode,modOnCallPattern,modOnCallPatternCode
2025-11-15 18:11,台南市,醫學中心,國立成功大學醫學院附設醫院,急診醫學部,N3,重度級,檢傷、一般診療區（內／外科）、留觀區,高（極嚴格／很難報滿）,,1:3,1:3,1:7-8,1:11-12,10 位以下,混合制,300,200,400,800,是,無,否,無,,1 個月內,不排夜班,需用自己休假（放假天去上課）,部分補助,1 小時內,55-60,一律不給,幾乎每天,2,,,8,8,117,49,18,,3,難以升遷,2,,,,,,,
2025-11-15 12:16,高雄市,醫學中心,義大醫療財團法人義大醫院,急診醫學部,N3,中度級,檢傷、兒科急診、留觀區,高（極嚴格／很難報滿）,5,1:3,1:3,1:9-10,1:13-15,沒待過此區,三班制,無,無,無,1000,否,,是,有,白班（D）、小夜（E）,1 個月內,,僅部分給假,全額公費,無,45-50,合理範圍給,6-10 次,1,無，靠護理人員自己,,7,8,110,46,17,員工餐廳伙食補助,5,機會多,4,薪資與制度都優,allow,,allow,,,
2025-11-15 08:53,新北市,醫學中心,台灣基督長老教會馬偕醫療財團法人淡水馬偕紀念醫院,急診中心,N1,重度級,重症區、一般診療區（內／外科）、急診加護（EICU）,不清楚,3,1:4,沒待過此區,1:6 以下,1:9-10,30 位以上,兩班制,無,600,1000,無,是,不清楚,否,有,白班（D）、大夜（N）,3 個月以上,3-6 個月,需用自己休假（放假天去上課）,完全自費,,50-55,一律給,1-5 次,3,無，靠護理人員自己,,6,10,98,41,15,員工健檢自費項目補助,4,機會多,4,,,,allow,,,
2025-11-15,台中市,地區醫院,長安醫院,急診醫學部,N1,一般級,重症區、兒科急診,不清楚,,1:4,1:5 以上,1:7-8,1:11-12,沒待過此區,兩班制,250,200,800,500,否,不清楚,是,有,白班（D）,,,全程給公假,部分補助,4 小時,50-55,一律給,1-5 次,,無，靠護理人員自己,良好,5,5,77,32,12,托兒補助,4,機會多,3,我們單位缺人快來，加 LINE 問我，介紹有獎金。,block,廣告或招攬,allow,,,
2025-11-15,嘉義市,區域醫院,天主教中華聖母修女會醫療財團法人天主教聖馬爾定醫,急診醫學部,護理長,中度級,檢傷、一般診療區（內／外科）、留觀區,低（容易通報滿床）,4,1:2,1:2,1:7-8,1:11-12,20-30 位,混合制,300,無,800,1200,是,無,是,無,,3 個月以上,1 年以上,全程給公假,部分補助,1 小時內,50-55,合理範圍給,6-10 次,1,無，靠護理人員自己,,3,4,124,52,19,,5,普通,5,同事關係好,allow,,,,,
2025-11-14 09:08,桃園市,醫學中心,長庚醫療財團法人林口長庚紀念醫院,急診室,N1,重度級,急救區（復甦室）、重症區、一般診療區（內／外科）,不清楚,4,1:3,1:5 以上,1:6 以下,1:6 以下,10 位以下,三班制,400,400,500,無,否,有,是,有,白班（D）、小夜（E）,,,全程給公假,完全自費,2-3 小時,55-60,主管判斷,11-20 次,1,,非常不足,4,7,99,42,15,,3,普通,2,,,,,,,
2025-11-14,台北市,醫學中心,台灣基督長老教會馬偕醫療財團法人馬偕紀念醫院,急診醫學部,N2,中度級,一般診療區（內／外科）,,1,1:2,1:2,1:7-8,1:9-10,10-20 位,兩班制,400,200,400,500,是,無,是,,,1 個月內,,需用自己休假（放假天去上課）,完全自費,2-3 小時,55-60,一律不給,6-10 次,3,有，隨叫隨到,普通,5,8,113,47,17,,4,機會多,3,主管支持度高,allow,,,,,
2025-11-14,台中市,醫學中心,臺中榮民總醫院,急診中心,N4,重度級,檢傷,,1,1:2,1:4,1:6 以下,1:7-8,10 位以下,混合制,250,250,1200,1000,是,有,否,有,白班（D）、小夜（E）,不一定,不排夜班,僅部分給假,部分補助,2-3 小時,50-55,合理範圍給,11-20 次,2,有，隨叫隨到,普通,8,12,122,51,18,托兒補助,4,機會多,4,主管支持度高,allow,,allow,,,
2025-11-13 08:41,桃園市,區域醫院,敏盛綜合醫院,急診部,N0,一般級,急救區（復甦室）、急診加護（EICU）,不清楚,1,1:2,1:4,1:9-10,1:9-10,沒待過此區,三班制,無,500,無,無,否,無,是,無,,3 個月以上,到職 3 個月內,全程給公假,完全自費,無,45-50,主管判斷,11-20 次,,有，隨叫隨到,,4,8,83,35,12,,4,機會多,4,可學到很多技術,allow,,,,,
2025-11-13,雲林縣,區域醫院,中國醫藥大學北港附設醫院,急診中心,N2,中度級,檢傷、急救區（復甦室）、一般診療區（內／外科）,中,2,1:3,1:5 以上,1:7-8,1:9-10,20-30 位,三班制,400,200,無,1000,否,,是,有,白班（D）、小夜（E）,不一定,3-6 個月,僅部分給假,部分補助,,55-60,主管判斷,幾乎每天,3,,不太足夠,8,8,93,39,14,員工餐廳伙食補助,3,普通,3,,,,allow,,,
2025-11-13,新北市,地區醫院,廣川醫院,急診室,N3,一般級,重症區,,,1:2,1:3,1:6 以下,1:7-8,20-30 位,兩班制,300,600,無,無,是,無,是,有,小夜（E）、大夜（N）,1-2 個月,,需用自己休假（放假天去上課）,全額公費,1-2 小時,60+,一律不給,11-20 次,1,無，靠護理人員自己,非常完善,4,5,93,39,14,,2,難以升遷,1,新人零保護,allow,,,,,
2025-11-13,台中市,區域醫院,光田醫療社團法人光田綜合醫院及其大甲院區,急診部,護理長,一般級,重症區、留觀區,高（極嚴格／很難報滿）,2,1:2,1:4,1:9-10,1:11-12,沒待過此區,混合制,200,無,1000,800,否,無,是,無,,2-3 個月,到職 3 個月內,需用自己休假（放假天去上課）,全額公費,,60+,一律不給,完全沒有,,有，隨叫隨到,非常完善,7,12,122,51,18,,3,普通,2,,,,,,,
2025-11-12 22:09,桃園市,醫學中心,長庚醫療財團法人林口長庚紀念醫院,急診室,N4,重度級,檢傷、急救區（復甦室）、急診加護（EICU）,,,1:2,1:4,1:7-8,1:11-12,20-30 位,混合制,無,250,600,800,是,,否,,,,,僅部分給假,全額公費,1-2 小時,50-55,合理範圍給,11-20 次,1,有，隨叫隨到,,6,11,128,54,19,員工健檢自費項目補助,4,機會多,3,,,,allow,,,
2025-11-12 13:25,桃園市,地區醫院,衛生福利部桃園醫院新屋分院,急診室,N1,一般級,一般診療區（內／外科）,高（極嚴格／很難報滿）,5,1:2,1:2,1:6 以下,1:9-10,沒待過此區,混合制,500,400,1000,1000,否,有,否,無,,不一定,,僅部分給假,全額公費,,50-55,一律給,1-5 次,,有，但常需等待,普通,6,12,70,29,11,,3,難以升遷,2,沒人沒錢沒尊重,allow,,,,,
2025-11-12 12:56,台北市,醫學中心,新光醫療財團法人新光吳火獅紀念醫院,急診中心,N0,重度級,留觀區、急診加護（EICU）,不清楚,3,1:3,1:4,1:7-8,1:7-8,沒待過此區,混合制,無,600,無,1000,否,無,否,無,,,3-6 個月,需用自己休假（放假天去上課）,完全自費,2-3 小時,50-55,主管判斷,完全沒有,2,,,7,12,92,39,14,,3,機會多,3,同事關係好,allow,,,,,
2025-11-12 11:21,台北市,醫學中心,台灣基督長老教會馬偕醫療財團法人馬偕紀念醫院,急診室,N2,重度級,檢傷、急救區（復甦室）,低（容易通報滿床）,,1:3,1:3,1:6 以下,1:6 以下,10-20 位,三班制,400,250,1200,400,是,,否,有,白班（D）、小夜（E）,3 個月以上,,全程給公假,部分補助,,55-60,主管判斷,6-10 次,,有，但常需等待,,1,2,99,42,15,,3,難以升遷,2,,,,,,,
2025-11-12 08:04,台北市,醫學中心,臺北榮民總醫院,急診部,N1,中度級,一般診療區（內／外科）,,4,1:2,1:2,1:6 以下,1:6 以下,沒待過此區,三班制,無,250,600,1000,否,,是,,,不一定,1 年以上,僅部分給假,部分補助,1-2 小時,55-60,一律不給,11-20 次,4,無，靠護理人員自己,非常完善,1,5,101,42,15,,3,普通,3,可學到很多技術,allow,,,,,
2025-11-12,花蓮縣,醫學中心,佛教慈濟醫療財團法人花蓮慈濟醫院,急診部,N3,中度級,一般診療區（內／外科）、兒科急診,中,2,1:3,1:4,1:9-10,1:11-12,10-20 位,三班制,200,400,500,無,否,,是,無,,3 個月以上,3-6 個月,僅部分給假,部分補助,4 小時,60+,主管判斷,11-20 次,,有，但常需等待,非常不足,4,8,115,48,17,,4,機會多,3,訓練體系完整,allow,,,,,
2025-11-12,台北市,醫學中心,新光醫療財團法人新光吳火獅紀念醫院,急診中心,N2,重度級,檢傷、急診加護（EICU）,,2,1:3,1:4,1:7-8,1:9-10,20-30 位,混合制,400,300,800,800,否,不清楚,是,無,,,1 年以上,全程給公假,部分補助,無,60+,主管判斷,幾乎每天,,有，但常需等待,良好,5,10,111,47,17,年度自強活動,4,普通,3,新人訓練紮實,allow,,allow,,,
2025-11-11 21:50,新北市,地區醫院,仁愛醫院,急診醫學部,N1,一般級,檢傷、急救區（復甦室）、一般診療區（內／外科）,高（極嚴格／很難報滿）,5,1:3,1:4,1:6 以下,1:7-8,20-30 位,兩班制,無,無,800,500,否,,否,無,,3 個月以上,,僅部分給假,全額公費,1-2 小時,50-55,一律給,幾乎每天,4,有，隨叫隨到,,1,7,78,33,12,,4,機會多,3,安寧團隊互相 support,allow,,,,,
2025-11-11,新北市,地區醫院,全民醫院,急診室,專科護理師,一般級,檢傷、急救區（復甦室）、留觀區,,4,1:2,1:3,1:7-8,1:11-12,30 位以上,三班制,無,200,400,600,否,無,是,,,,,全程給公假,完全自費,無,45-50,一律給,幾乎每天,,無，靠護理人員自己,非常不足,6,11,90,38,14,,3,普通,2,主管常 stand-by 不夠,allow,,,,,
2025-11-11,台南市,區域醫院,台灣基督長老教會新樓醫療財團法人台南新樓醫院,急診室,N2,中度級,重症區、兒科急診,,2,1:2,1:4,1:9-10,1:11-12,30 位以上,兩班制,500,250,800,400,否,不清楚,是,,,2-3 個月,不排夜班,僅部分給假,全額公費,,55-60,主管判斷,1-5 次,2,無，靠護理人員自己,,8,10,98,41,15,,3,難以升遷,2,門診作息穩定,allow,,,,,
2025-11-10 16:05,新竹市,醫學中心,國立臺灣大學醫學院附設醫院新竹臺大分院新竹醫院,急診中心,N2,重度級,重症區、一般診療區（內／外科）,高（極嚴格／很難報滿）,4,1:4,1:5 以上,1:7-8,1:7-8,沒待過此區,混合制,600,600,500,無,是,,是,,,1 個月內,到職 3 個月內,僅部分給假,完全自費,2-3 小時,60+,一律不給,幾乎每天,1,無，靠護理人員自己,不太足夠,6,8,111,47,17,員工餐廳伙食補助,2,難以升遷,1,夜班暴力事件多,allow,,allow,,,
2025-11-10 12:59,雲林縣,區域醫院,國立臺灣大學醫學院附設醫院雲林分院及其虎尾院區,急診醫學部,N0,中度級,一般診療區（內／外科）,中,2,1:4,沒待過此區,1:6 以下,1:6 以下,20-30 位,兩班制,500,300,1200,800,否,不清楚,是,有,白班（D）、小夜（E）、大夜（N）,1 個月內,3-6 個月,全程給公假,完全自費,1-2 小時,60+,主管判斷,6-10 次,,,良好,2,3,79,33,12,宿舍（單人房）,3,難以升遷,2,訓練體系完整,allow,,allow,,,
2025-11-10 12:35,台中市,醫學中心,中國醫藥大學附設醫院,急診中心,N1,重度級,檢傷、急救區（復甦室）、重症區,中,2,1:4,1:4,1:7-8,1:9-10,10 位以下,三班制,300,600,400,800,是,有,是,,,1 個月內,不排夜班,全程給公假,全額公費,1 小時內,50-55,主管判斷,幾乎每天,,,普通,5,9,93,39,14,員工健檢自費項目補助,4,機會多,3,,,,allow,,,
2025-11-10 10:49,雲林縣,地區醫院,洪揚醫院,急診中心,N3,一般級,檢傷、重症區,高（極嚴格／很難報滿）,4,1:2,1:2,1:6 以下,1:7-8,10 位以下,三班制,無,200,無,500,否,有,否,有,小夜（E）、大夜（N）,不一定,,僅部分給假,部分補助,無,50-55,一律給,完全沒有,3,無，靠護理人員自己,良好,4,10,80,34,12,,3,難以升遷,2,,,,,,,
2025-11-10,台北市,醫學中心,長庚醫療財團法人台北長庚紀念醫院,急診醫學部,N1,重度級,急救區（復甦室）、一般診療區（內／外科）,,1,1:3,1:4,1:7-8,1:9-10,30 位以上,兩班制,無,600,400,800,是,不清楚,否,,,1 個月內,3-6 個月,需用自己休假（放假天去上課）,全額公費,無,60+,一律不給,1-5 次,,有，但常需等待,良好,1,7,101,42,15,,5,機會多,4,團隊互助強,allow,,,,,
2025-11-10,新竹市,醫學中心,國立臺灣大學醫學院附設醫院新竹臺大分院新竹醫院,急診醫學部,副護理長,中度級,檢傷、急救區（復甦室）、急診加護（EICU）,高（極嚴格／很難報滿）,2,1:3,1:4,1:9-10,1:13-15,30 位以上,混合制,無,200,600,1200,是,無,是,無,,,,全程給公假,全額公費,1-2 小時,60+,一律不給,幾乎每天,3,無，靠護理人員自己,不太足夠,2,3,122,51,18,醫療費用員工優惠,3,機會多,3,團隊互助強,allow,,allow,,,
2025-11-10,台北市,醫學中心,長庚醫療財團法人台北長庚紀念醫院,急診部,N0,重度級,一般診療區（內／外科）、兒科急診,低（容易通報滿床）,5,1:3,1:3,1:6 以下,1:9-10,10-20 位,兩班制,無,300,500,800,是,有,是,無,,不一定,1 年以上,僅部分給假,完全自費,無,60+,一律不給,11-20 次,2,有，但常需等待,非常不足,4,6,93,39,14,員工健檢自費項目補助,4,機會多,3,,,,allow,,,
2025-11-10,屏東縣,區域醫院,衛生福利部屏東醫院,急診部,N2,中度級,檢傷、急救區（復甦室）、重症區,低（容易通報滿床）,5,1:3,1:4,1:6 以下,1:6 以下,10-20 位,兩班制,400,500,400,500,否,,否,有,白班（D）、小夜（E）、大夜（N）,,3-6 個月,僅部分給假,部分補助,無,50-55,合理範圍給,11-20 次,5,無，靠護理人員自己,非常完善,1,7,93,39,14,生日禮金、三節禮券,4,機會多,4,,,,allow,,,
2025-11-10,台北市,醫學中心,長庚醫療財團法人台北長庚紀念醫院,急診部,N1,中度級,檢傷,低（容易通報滿床）,,1:3,1:5 以上,1:6 以下,1:6 以下,20-30 位,兩班制,400,500,400,無,是,無,否,無,,,3-6 個月,需用自己休假（放假天去上課）,部分補助,,55-60,一律不給,幾乎每天,3,有，隨叫隨到,良好,3,9,98,41,15,,2,難以升遷,1,加班沒給,allow,,,,,
2025-11-09 22:01,台中市,醫學中心,臺中榮民總醫院,急診醫學部,N2,重度級,一般診療區（內／外科）、兒科急診,高（極嚴格／很難報滿）,3,1:2,1:2,1:7-8,1:9-10,20-30 位,兩班制,600,無,無,500,是,,是,,,,到職 3 個月內,僅部分給假,部分補助,1 小時內,50-55,合理範圍給,11-20 次,,有，但常需等待,,1,2,110,46,17,,4,機會多,4,案件多但學得快,allow,,,,,
2025-11-09,新北市,地區醫院,新北仁康醫院,急診部,N0,一般級,檢傷,不清楚,3,1:3,1:3,1:7-8,1:11-12,30 位以上,混合制,無,600,1200,1200,是,無,否,,,1-2 個月,1 年以上,全程給公假,完全自費,無,50-55,合理範圍給,11-20 次,4,有，隨叫隨到,不太足夠,8,11,73,31,11,,4,機會多,4,安寧團隊互相 support,allow,,,,,
2025-11-09,台中市,區域醫院,佛教慈濟醫療財團法人台中慈濟醫院,急診醫學部,N2,一般級,檢傷、重症區、兒科急診,不清楚,1,1:3,1:5 以上,1:7-8,1:9-10,沒待過此區,三班制,500,250,600,無,是,有,否,有,白班（D）、小夜（E）,不一定,不排夜班,僅部分給假,部分補助,無,55-60,一律不給,完全沒有,2,,良好,5,9,89,37,13,,3,難以升遷,2,主管偏心嚴重,allow,,,,,
2025-11-08,台北市,區域醫院,振興醫療財團法人振興醫院,急診部,副護理長,中度級,一般診療區（內／外科）、急診加護（EICU）,,3,1:2,1:2,1:6 以下,1:9-10,10-20 位,三班制,250,400,無,600,是,,是,無,,1-2 個月,,全程給公假,部分補助,1-2 小時,45-50,主管判斷,11-20 次,,無，靠護理人員自己,良好,7,11,111,47,17,年度自強活動,4,普通,3,,,,allow,,,
2025-11-08,台北市,醫學中心,新光醫療財團法人新光吳火獅紀念醫院,急診部,專科護理師,重度級,兒科急診、留觀區,中,3,1:3,1:4,1:7-8,1:9-10,20-30 位,三班制,600,無,1200,1200,否,,是,有,小夜（E）,1 個月內,3-6 個月,僅部分給假,部分補助,無,55-60,一律不給,完全沒有,,無，靠護理人員自己,普通,8,13,117,49,18,,2,難以升遷,1,加班沒給,allow,,,,,
2025-11-07 13:33,台北市,醫學中心,三軍總醫院附設民眾診療服務處及其汀州院區,急診部,N3,中度級,一般診療區（內／外科）,低（容易通報滿床）,5,1:2,1:2,1:6 以下,1:7-8,沒待過此區,混合制,無,250,1200,400,否,無,是,無,,,,全程給公假,全額公費,,50-55,合理範圍給,完全沒有,,,不太足夠,6,7,118,50,18,員工旅遊補助,4,普通,3,,,,allow,,,
2025-11-07,台中市,醫學中心,中山醫學大學附設醫院,急診部,N2,中度級,急救區（復甦室）、急診加護（EICU）,,4,1:2,1:3,1:6 以下,1:6 以下,20-30 位,兩班制,500,600,600,無,否,有,是,無,,3 個月以上,,全程給公假,全額公費,,50-55,合理範圍給,6-10 次,,,非常完善,6,11,99,42,15,,4,普通,4,兒科氣氛溫暖,allow,,,,,
2025-11-07,台北市,醫學中心,台灣基督長老教會馬偕醫療財團法人馬偕紀念醫院,急診室,N3,重度級,急診加護（EICU）,,3,1:2,1:3,1:7-8,1:7-8,10 位以下,混合制,600,600,400,無,是,,否,,,,,需用自己休假（放假天去上課）,全額公費,,50-55,主管判斷,6-10 次,5,有，但常需等待,非常不足,6,12,120,50,18,員工旅遊補助,3,普通,3,安寧團隊互相 support,allow,,allow,,,
2025-11-07,台東縣,區域醫院,台灣基督長老教會馬偕醫療財團法人台東馬偕紀念醫院,急診中心,N1,中度級,急診加護（EICU）,中,2,1:2,1:2,1:9-10,1:11-12,10-20 位,三班制,250,600,無,400,否,有,是,,,,,全程給公假,完全自費,1-2 小時,45-50,合理範圍給,1-5 次,3,有，隨叫隨到,,8,9,91,38,14,,4,普通,3,工時長但待遇可,allow,,,,,
2025-11-07,台北市,地區醫院,臺北市立聯合醫院林森中醫昆明院區,急診中心,副護理長,一般級,一般診療區（內／外科）、兒科急診、留觀區,低（容易通報滿床）,4,1:2,1:2,1:6 以下,1:9-10,10-20 位,三班制,500,250,500,1000,否,有,否,有,白班（D）、小夜（E）、大夜（N）,3 個月以上,到職 3 個月內,需用自己休假（放假天去上課）,部分補助,2-3 小時,55-60,一律不給,1-5 次,,,良好,7,9,92,39,14,宿舍（單人房）,2,難以升遷,1,,,,allow,,,
2025-11-06 17:09,台中市,區域醫院,佛教慈濟醫療財團法人台中慈濟醫院,急診部,N3,中度級,一般診療區（內／外科）、留觀區,,3,1:3,1:3,1:7-8,1:7-8,沒待過此區,兩班制,500,300,500,500,否,無,否,有,大夜（N）,1 個月內,到職 3 個月內,僅部分給假,完全自費,1 小時內,60+,一律不給,6-10 次,3,無，靠護理人員自己,非常完善,4,10,98,41,15,,4,機會多,3,,,,,,,
2025-11-06 07:59,新竹縣,區域醫院,東元醫療社團法人東元綜合醫院,急診室,N1,中度級,檢傷、一般診療區（內／外科）,,5,1:2,1:3,1:6 以下,1:6 以下,沒待過此區,混合制,200,200,500,800,是,有,是,有,白班（D）、小夜（E）、大夜（N）,,3-6 個月,全程給公假,部分補助,2-3 小時,55-60,主管判斷,6-10 次,5,,普通,5,5,86,36,13,醫療費用員工優惠,3,普通,2,新人訓練紮實,allow,,allow,,,
2025-11-06,彰化縣,區域醫院,秀傳醫療財團法人彰濱秀傳紀念醫院,急診中心,N3,中度級,檢傷、急救區（復甦室）,低（容易通報滿床）,,1:3,1:3,1:7-8,1:11-12,10 位以下,兩班制,300,300,1000,500,否,有,否,無,,3 個月以上,6-12 個月,僅部分給假,全額公費,1 小時內,55-60,主管判斷,6-10 次,1,有，但常需等待,非常完善,4,6,97,41,15,,3,難以升遷,2,夜班輪轉公平,allow,,,,,
2025-11-06,台北市,醫學中心,臺北榮民總醫院,急診部,N2,重度級,留觀區,,1,1:4,沒待過此區,1:7-8,1:11-12,20-30 位,兩班制,400,無,400,無,否,無,是,無,,1 個月內,1 年以上,需用自己休假（放假天去上課）,部分補助,1 小時內,55-60,一律不給,完全沒有,3,無，靠護理人員自己,,5,6,103,43,15,進修學分補助、國外研討會補助,3,難以升遷,2,加班頻率可接受,allow,,allow,,,
2025-11-06,高雄市,醫學中心,長庚醫療財團法人高雄長庚紀念醫院,急診中心,N0,重度級,檢傷、急救區（復甦室）、兒科急診,不清楚,2,1:2,1:3,1:7-8,1:7-8,30 位以上,三班制,600,無,無,1000,是,有,否,,,1 個月內,1 年以上,全程給公假,全額公費,,60+,主管判斷,幾乎每天,4,,普通,8,12,94,39,14,宿舍（單人房）,3,機會多,3,,,,allow,,,
2025-11-06,台北市,醫學中心,新光醫療財團法人新光吳火獅紀念醫院,急診部,N1,中度級,急救區（復甦室）、重症區,,1,1:4,1:4,1:7-8,1:11-12,30 位以上,兩班制,250,600,無,400,否,,是,無,,2-3 個月,6-12 個月,僅部分給假,全額公費,無,60+,一律不給,11-20 次,,有，隨叫隨到,非常完善,1,1,92,39,14,員工旅遊補助,4,機會多,3,人力穩定但行政會議多,allow,,allow,,,
2025-11-05 17:44,新北市,區域醫院,新北市立聯合醫院及其板橋院區,急診室,N3,中度級,兒科急診、留觀區,低（容易通報滿床）,,1:3,1:5 以上,1:6 以下,1:7-8,30 位以上,混合制,400,600,800,800,否,無,否,有,小夜（E）、大夜（N）,,3-6 個月,僅部分給假,完全自費,,50-55,合理範圍給,6-10 次,1,有，隨叫隨到,不太足夠,3,7,102,43,15,生日禮金、三節禮券,4,機會多,4,,,,allow,,,
2025-11-05 14:14,宜蘭縣,區域醫院,國立陽明交通大學附設醫院及其新民院區,急診醫學部,N2,中度級,急診加護（EICU）,高（極嚴格／很難報滿）,3,1:2,1:4,1:6 以下,1:6 以下,沒待過此區,兩班制,500,400,800,500,否,不清楚,否,無,,3 個月以上,,全程給公假,全額公費,無,45-50,主管判斷,11-20 次,5,,普通,3,7,84,35,13,員工旅遊補助,3,難以升遷,2,主管管太細,allow,,allow,,,
2025-11-05 11:49,桃園市,區域醫院,聯新國際醫院,急診醫學部,N2,中度級,急診加護（EICU）,低（容易通報滿床）,5,1:2,1:2,1:7-8,1:11-12,10-20 位,兩班制,200,無,1200,無,是,不清楚,是,有,白班（D）,不一定,,全程給公假,部分補助,2-3 小時,45-50,合理範圍給,1-5 次,3,有，隨叫隨到,不太足夠,2,6,91,38,14,,3,機會多,3,訓練體系完整,allow,,,,,
2025-11-05 10:10,台北市,醫學中心,台灣基督長老教會馬偕醫療財團法人馬偕兒童醫院,急診中心,N1,中度級,重症區、一般診療區（內／外科）、兒科急診,不清楚,2,1:2,1:2,1:9-10,1:13-15,20-30 位,三班制,無,250,400,400,否,,是,無,,不一定,,僅部分給假,完全自費,1 小時內,55-60,一律不給,完全沒有,,有，隨叫隨到,非常完善,6,11,96,40,14,年度自強活動,3,難以升遷,2,leader 形同虛設,allow,,allow,,,
2025-11-05 07:40,屏東縣,區域醫院,輔英科技大學附設醫院,急診中心,N2,一般級,急救區（復甦室）、重症區、兒科急診,不清楚,,1:2,1:2,1:6 以下,1:6 以下,沒待過此區,混合制,300,250,600,1200,否,無,是,,,1-2 個月,不排夜班,需用自己休假（放假天去上課）,部分補助,1-2 小時,60+,一律不給,完全沒有,2,有，但常需等待,非常不足,4,9,89,37,13,宿舍（單人房）,3,難以升遷,2,人力嚴重不足,allow,,allow,,,
2025-11-05,彰化縣,區域醫院,衛生福利部彰化醫院,急診部,N3,中度級,留觀區、急診加護（EICU）,,2,1:3,1:3,1:6 以下,1:6 以下,10 位以下,混合制,500,600,600,1200,否,,否,有,白班（D）,不一定,3-6 個月,全程給公假,完全自費,2-3 小時,45-50,主管判斷,11-20 次,5,有，但常需等待,不太足夠,8,10,97,41,15,員工旅遊補助,3,普通,3,訓練體系完整,allow,,allow,,,
2025-11-05,高雄市,醫學中心,高雄榮民總醫院,急診室,專科護理師,重度級,檢傷、留觀區、急診加護（EICU）,低（容易通報滿床）,2,1:2,1:4,1:7-8,1:9-10,30 位以上,兩班制,600,300,1000,400,是,有,否,,,2-3 個月,3-6 個月,僅部分給假,全額公費,,60+,主管判斷,幾乎每天,1,無，靠護理人員自己,普通,4,4,124,52,19,醫療費用員工優惠,2,普通,1,工時超長,allow,,allow,,,
2025-11-04 19:03,桃園市,醫學中心,長庚醫療財團法人林口長庚紀念醫院,急診醫學部,N3,中度級,重症區,,2,1:3,1:4,1:7-8,1:9-10,30 位以上,兩班制,200,300,1000,800,是,有,是,無,,,,全程給公假,完全自費,,45-50,合理範圍給,11-20 次,5,,普通,2,4,113,47,17,員工旅遊補助,5,機會多,5,,,,allow,,,
2025-11-04 13:30,台中市,醫學中心,中國醫藥大學兒童醫院,急診部,護理長,中度級,留觀區、急診加護（EICU）,中,4,1:3,1:3,1:6 以下,1:9-10,10 位以下,混合制,400,600,800,無,是,無,是,有,大夜（N）,1 個月內,到職 3 個月內,需用自己休假（放假天去上課）,全額公費,1-2 小時,55-60,一律不給,完全沒有,3,,,8,11,128,54,19,,4,機會多,3,中部醫院 case 量適中,allow,,,,,
2025-11-04,台中市,地區醫院,順安醫院,急診部,N0,一般級,檢傷、急救區（復甦室）,高（極嚴格／很難報滿）,,1:3,1:5 以上,1:7-8,1:9-10,10 位以下,混合制,500,200,400,無,是,,否,無,,2-3 個月,,需用自己休假（放假天去上課）,完全自費,,45-50,合理範圍給,1-5 次,,有，但常需等待,,1,2,58,24,9,進修學分補助、國外研討會補助,4,機會多,4,,,,allow,,,
2025-11-04,南投縣,地區醫院,曾漢棋綜合醫院,急診室,N1,一般級,檢傷、留觀區,,2,1:2,1:3,1:9-10,1:9-10,20-30 位,三班制,300,250,500,1200,是,無,是,無,,,1 年以上,僅部分給假,部分補助,1-2 小時,55-60,一律不給,完全沒有,,,非常完善,1,6,76,32,11,員工旅遊補助,3,難以升遷,2,,,,allow,,,
2025-11-04,宜蘭縣,區域醫院,天主教靈醫會醫療財團法人羅東聖母醫院,急診醫學部,護理長,中度級,留觀區,高（極嚴格／很難報滿）,,1:3,1:4,1:9-10,1:9-10,10 位以下,三班制,無,200,1200,1200,否,無,否,無,,1-2 個月,3-6 個月,需用自己休假（放假天去上課）,完全自費,,55-60,一律不給,11-20 次,1,無，靠護理人員自己,,6,10,115,48,17,,3,機會多,3,,,,,,,
2025-11-04,新北市,區域醫院,輔仁大學學校財團法人輔仁大學附設醫院,急診室,N1,一般級,急救區（復甦室）,不清楚,,1:2,1:4,1:6 以下,1:7-8,30 位以上,兩班制,300,300,400,1200,否,無,是,,,,到職 3 個月內,全程給公假,部分補助,,60+,主管判斷,幾乎每天,,無，靠護理人員自己,不太足夠,4,7,82,34,12,員工旅遊補助,3,難以升遷,2,,,,allow,,,
2025-11-04,新北市,醫學中心,佛教慈濟醫療財團法人台北慈濟醫院,急診醫學部,N2,重度級,急救區（復甦室）、重症區、急診加護（EICU）,中,4,1:3,1:5 以上,1:7-8,1:7-8,10-20 位,三班制,400,600,600,無,否,不清楚,否,,,1-2 個月,6-12 個月,僅部分給假,完全自費,無,55-60,一律不給,11-20 次,1,有，但常需等待,,7,8,107,45,16,員工健檢自費項目補助,4,機會多,4,兒科氣氛溫暖,allow,,allow,,,
2025-11-04,台南市,區域醫院,台南市立醫院(委託秀傳醫療社團法人經營),急診醫學部,專科護理師,中度級,留觀區、急診加護（EICU）,低（容易通報滿床）,4,1:2,1:3,1:7-8,1:11-12,20-30 位,混合制,200,無,600,600,否,不清楚,否,無,,1 個月內,1 年以上,需用自己休假（放假天去上課）,全額公費,無,55-60,一律不給,1-5 次,1,無，靠護理人員自己,非常不足,2,5,101,42,15,年度自強活動,2,難以升遷,1,,,,allow,,,
2025-11-03 22:10,苗栗縣,地區醫院,大順醫院,急診醫學部,專科護理師,一般級,一般診療區（內／外科）,中,5,1:2,1:4,1:7-8,1:9-10,10 位以下,混合制,無,無,800,600,否,,否,,,,到職 3 個月內,需用自己休假（放假天去上課）,部分補助,1-2 小時,50-55,主管判斷,幾乎每天,,有，隨叫隨到,非常不足,7,7,82,34,12,,3,機會多,3,,,,,,,
2025-11-03 20:47,桃園市,區域醫院,衛生福利部桃園醫院,急診醫學部,N2,中度級,重症區、一般診療區（內／外科）、兒科急診,,5,1:2,1:2,1:7-8,1:9-10,20-30 位,混合制,400,600,500,500,否,,否,,,2-3 個月,,全程給公假,完全自費,1-2 小時,45-50,合理範圍給,11-20 次,4,,,5,6,96,40,14,,4,機會多,3,團隊互助強,allow,,,,,
2025-11-03 20:04,台中市,醫學中心,中國醫藥大學兒童醫院,急診醫學部,專科護理師,重度級,一般診療區（內／外科）,,2,1:2,1:3,1:9-10,1:13-15,10 位以下,三班制,無,400,400,500,否,有,否,有,小夜（E）、大夜（N）,,6-12 個月,需用自己休假（放假天去上課）,全額公費,1-2 小時,50-55,合理範圍給,1-5 次,5,,良好,2,2,112,47,17,,4,機會多,3,,,,,,,
2025-11-03 19:21,彰化縣,醫學中心,彰化基督教醫療財團法人彰化基督教兒童醫院,急診中心,N1,重度級,急診加護（EICU）,高（極嚴格／很難報滿）,1,1:3,1:4,1:6 以下,1:6 以下,20-30 位,兩班制,250,無,400,800,否,有,是,有,白班（D）、小夜（E）,1 個月內,1 年以上,全程給公假,完全自費,4 小時,60+,一律不給,幾乎每天,5,,非常不足,7,10,104,44,16,,3,難以升遷,2,夜班輪轉公平,allow,,,,,
2025-11-03 14:08,新北市,區域醫院,行天宮醫療志業醫療財團法人恩主公醫院,急診中心,N1,中度級,檢傷、兒科急診、留觀區,中,1,1:3,1:4,1:7-8,1:11-12,10 位以下,兩班制,200,300,1200,1000,是,無,是,,,1-2 個月,1 年以上,全程給公假,完全自費,1-2 小時,55-60,一律不給,完全沒有,1,,,5,8,90,38,14,,2,難以升遷,1,leader 形同虛設,allow,,,,,
2025-11-03 09:10,桃園市,地區醫院,德仁醫院,急診中心,N0,一般級,急診加護（EICU）,低（容易通報滿床）,5,1:3,1:3,1:7-8,1:9-10,10 位以下,三班制,250,600,無,1000,否,,否,無,,2-3 個月,,需用自己休假（放假天去上課）,部分補助,1 小時內,60+,一律不給,6-10 次,1,有，但常需等待,非常不足,1,7,64,27,10,年度自強活動,2,難以升遷,1,,,,allow,,,
2025-11-03,新竹縣,區域醫院,東元醫療社團法人東元綜合醫院,急診中心,N3,中度級,急救區（復甦室）、兒科急診,中,3,1:4,沒待過此區,1:6 以下,1:6 以下,10-20 位,兩班制,400,無,無,無,否,不清楚,否,無,,,,需用自己休假（放假天去上課）,完全自費,,50-55,合理範圍給,1-5 次,2,有，隨叫隨到,普通,1,5,98,41,15,宿舍（單人房）,4,機會多,3,加班頻率可接受,allow,,allow,,,
2025-11-02 16:24,桃園市,地區醫院,聯新國際醫院桃新分院,急診醫學部,N3,一般級,急救區（復甦室）,不清楚,2,1:3,1:3,1:6 以下,1:6 以下,10 位以下,混合制,200,無,800,500,否,,是,,,1-2 個月,,全程給公假,完全自費,無,55-60,一律不給,6-10 次,,無，靠護理人員自己,非常不足,8,11,84,35,13,生日禮金、三節禮券,3,難以升遷,1,主管常 stand-by 不夠,allow,,allow,,,
2025-11-02,台北市,地區醫院,景美醫院,急診部,N3,一般級,急診加護（EICU）,低（容易通報滿床）,5,1:2,1:4,1:9-10,1:9-10,30 位以上,兩班制,300,無,400,400,否,不清楚,是,,,不一定,到職 3 個月內,全程給公假,全額公費,2-3 小時,50-55,合理範圍給,完全沒有,4,,,2,3,89,37,13,醫療費用員工優惠,5,機會多,5,團隊互助強,allow,,allow,,,
2025-11-02,高雄市,地區醫院,高雄市立鳳山醫院（委託長庚醫療財團法人經營）,急診室,N1,一般級,一般診療區（內／外科）,低（容易通報滿床）,3,1:3,1:3,1:7-8,1:9-10,10-20 位,混合制,500,250,800,無,否,有,是,,,2-3 個月,1 年以上,需用自己休假（放假天去上課）,完全自費,2-3 小時,55-60,主管判斷,完全沒有,1,無，靠護理人員自己,非常不足,5,5,77,32,12,,3,難以升遷,2,中部醫院 case 量適中,allow,,,,,
2025-11-01 18:40,高雄市,醫學中心,義大醫療財團法人義大醫院,急診部,N1,中度級,急救區（復甦室）,,,1:2,1:2,1:6 以下,1:6 以下,20-30 位,兩班制,300,300,500,1200,是,,否,有,白班（D）,,1 年以上,需用自己休假（放假天去上課）,部分補助,無,50-55,主管判斷,幾乎每天,2,有，但常需等待,不太足夠,6,12,107,45,16,,4,機會多,4,資深領班受重視,allow,,,,,
2025-11-01 09:00,彰化縣,醫學中心,彰化基督教醫療財團法人彰化基督教醫院,急診醫學部,專科護理師,中度級,兒科急診,,,1:2,1:4,1:7-8,1:9-10,沒待過此區,混合制,200,200,800,500,是,無,否,有,小夜（E）、大夜（N）,3 個月以上,6-12 個月,需用自己休假（放假天去上課）,完全自費,,60+,主管判斷,11-20 次,,有，隨叫隨到,非常不足,8,12,128,54,19,,3,普通,2,新人訓練紮實,allow,,,,,
2025-11-01,台北市,醫學中心,國立台灣大學醫學院附設醫院,急診醫學部,N3,重度級,檢傷、急救區（復甦室）、兒科急診,高（極嚴格／很難報滿）,3,1:4,1:5 以上,1:7-8,1:11-12,10 位以下,三班制,400,300,500,400,是,,是,無,,1-2 個月,,僅部分給假,全額公費,無,55-60,一律不給,幾乎每天,3,,,3,7,109,46,16,托兒補助,4,普通,3,,,,allow,,,
2025-11-01,台中市,醫學中心,臺中榮民總醫院,急診室,專科護理師,中度級,留觀區、急診加護（EICU）,高（極嚴格／很難報滿）,4,1:2,1:3,1:6 以下,1:7-8,30 位以上,混合制,400,300,無,400,是,無,否,,,3 個月以上,1 年以上,需用自己休假（放假天去上課）,部分補助,4 小時,60+,主管判斷,完全沒有,4,有，但常需等待,良好,4,7,115,48,17,進修學分補助、國外研討會補助,2,普通,1,新人零保護,allow,,allow,,,
2025-11-01,新竹市,區域醫院,新竹市立馬偕兒童醫院(委託台灣基督長老教會馬偕醫療財團法人興建經營),急診部,N0,中度級,檢傷、急救區（復甦室）、重症區,低（容易通報滿床）,3,1:3,1:4,1:9-10,1:13-15,10 位以下,三班制,500,400,600,800,否,有,否,,,2-3 個月,1 年以上,僅部分給假,全額公費,2-3 小時,45-50,合理範圍給,幾乎每天,2,無，靠護理人員自己,非常不足,7,12,78,33,12,員工旅遊補助,5,普通,4,案件多但學得快,allow,,allow,,,
2025-10-31 16:43,台北市,醫學中心,台灣基督長老教會馬偕醫療財團法人馬偕兒童醫院,急診部,N3,重度級,重症區、一般診療區（內／外科）,低（容易通報滿床）,,1:4,1:4,1:7-8,1:11-12,10 位以下,混合制,300,600,500,400,否,無,是,無,,1 個月內,,僅部分給假,部分補助,1 小時內,45-50,合理範圍給,完全沒有,,,非常不足,4,4,111,47,17,宿舍（單人房）,4,機會多,3,,,,allow,,,
2025-10-31 15:16,高雄市,地區醫院,新高醫院,急診室,N3,一般級,檢傷、留觀區,中,,1:2,1:2,1:9-10,1:11-12,20-30 位,混合制,無,600,1200,500,否,不清楚,否,無,,,6-12 個月,僅部分給假,部分補助,2-3 小時,55-60,一律不給,6-10 次,5,,非常不足,7,9,81,34,12,,4,機會多,3,,,,,,,
2025-10-31,台中市,區域醫院,仁愛醫療財團法人大里仁愛醫院,急診室,N4,一般級,急救區（復甦室）、留觀區、急診加護（EICU）,高（極嚴格／很難報滿）,5,1:2,1:2,1:7-8,1:9-10,20-30 位,三班制,200,600,600,600,是,不清楚,是,無,,3 個月以上,1 年以上,全程給公假,部分補助,,50-55,合理範圍給,6-10 次,,有，但常需等待,普通,1,2,115,48,17,,4,機會多,3,兒科氣氛溫暖,allow,,,,,
2025-10-31,台中市,醫學中心,中山醫學大學附設醫院,急診室,N3,重度級,留觀區,低（容易通報滿床）,1,1:2,1:4,1:7-8,1:9-10,沒待過此區,混合制,無,無,600,800,否,,否,有,小夜（E）、大夜（N）,,,全程給公假,完全自費,2-3 小時,50-55,主管判斷,完全沒有,,有，但常需等待,,2,8,108,45,16,進修學分補助、國外研討會補助,5,機會多,4,專科很強值得待,allow,,allow,,,
2025-10-31,台中市,區域醫院,林新醫療社團法人林新醫院,急診部,N3,中度級,一般診療區（內／外科）、急診加護（EICU）,高（極嚴格／很難報滿）,4,1:3,1:3,1:6 以下,1:6 以下,30 位以上,混合制,500,無,1200,1000,否,,否,有,白班（D）、小夜（E）,,到職 3 個月內,僅部分給假,部分補助,2-3 小時,55-60,一律不給,1-5 次,4,有，但常需等待,不太足夠,4,7,92,39,14,生日禮金、三節禮券,2,普通,1,,,,allow,,,
2025-10-30,新北市,醫學中心,醫療財團法人徐元智先生醫藥基金會亞東紀念醫院,急診部,副護理長,重度級,檢傷、急救區（復甦室）、急診加護（EICU）,高（極嚴格／很難報滿）,2,1:2,1:2,1:7-8,1:7-8,20-30 位,兩班制,400,600,無,1000,是,有,否,無,,1 個月內,到職 3 個月內,僅部分給假,完全自費,1 小時內,55-60,主管判斷,完全沒有,4,有，隨叫隨到,,8,9,131,55,20,,3,難以升遷,2,新人零保護,allow,,,,,
2025-10-30,台南市,醫學中心,國立成功大學醫學院附設醫院,急診室,N3,重度級,重症區、一般診療區（內／外科）、兒科急診,不清楚,4,1:3,1:3,1:9-10,1:11-12,30 位以上,三班制,無,無,1000,400,是,有,否,無,,3 個月以上,,需用自己休假（放假天去上課）,完全自費,1 小時內,55-60,主管判斷,完全沒有,2,有，隨叫隨到,良好,6,12,116,49,17,員工餐廳伙食補助,2,難以升遷,1,加班沒給,allow,,allow,,,
2025-10-30,新竹縣,區域醫院,東元醫療社團法人東元綜合醫院,急診部,N4,中度級,兒科急診,高（極嚴格／很難報滿）,5,1:3,1:5 以上,1:7-8,1:11-12,30 位以上,混合制,400,600,400,1000,是,,是,有,白班（D）、小夜（E）、大夜（N）,1 個月內,,需用自己休假（放假天去上課）,全額公費,,60+,一律不給,11-20 次,5,,非常不足,5,8,107,45,16,,3,普通,3,專科氣氛 OK,allow,,,,,
2025-10-30,高雄市,區域醫院,國軍高雄總醫院附設民眾診療服務處,急診部,副護理長,中度級,急救區（復甦室）、一般診療區（內／外科）、留觀區,,5,1:4,1:4,1:9-10,1:13-15,沒待過此區,混合制,250,無,800,無,是,,是,,,3 個月以上,1 年以上,全程給公假,完全自費,2-3 小時,45-50,合理範圍給,1-5 次,1,無，靠護理人員自己,不太足夠,2,2,118,50,18,,4,機會多,3,專科很強值得待,allow,,,,,
2025-10-30,台北市,區域醫院,基督復臨安息日會醫療財團法人臺安醫院,急診室,N0,中度級,檢傷、急診加護（EICU）,,,1:3,1:5 以上,1:6 以下,1:6 以下,30 位以上,混合制,400,600,1200,600,是,有,否,有,白班（D）、小夜（E）,不一定,,僅部分給假,完全自費,無,45-50,主管判斷,完全沒有,3,有，隨叫隨到,,4,5,73,31,11,醫療費用員工優惠,3,普通,2,,,,allow,,,
2025-10-30,台中市,區域醫院,澄清綜合醫院中港分院,急診室,專科護理師,一般級,留觀區,中,3,1:3,1:3,1:7-8,1:7-8,沒待過此區,三班制,200,無,600,600,否,不清楚,否,有,小夜（E）、大夜（N）,,1 年以上,全程給公假,完全自費,無,50-55,合理範圍給,11-20 次,1,有，隨叫隨到,不太足夠,5,7,102,43,15,生日禮金、三節禮券,5,普通,5,團隊互助強,allow,,allow,,,
2025-10-29 07:55,台南市,區域醫院,奇美醫療財團法人柳營奇美醫院,急診部,N0,中度級,檢傷、急救區（復甦室）、留觀區,中,,1:2,1:3,1:6 以下,1:6 以下,10-20 位,兩班制,600,200,600,無,否,有,是,無,,1 個月內,,需用自己休假（放假天去上課）,部分補助,1-2 小時,50-55,合理範圍給,幾乎每天,5,有，但常需等待,不太足夠,6,10,83,35,12,,3,難以升遷,2,案件量大但有規矩,allow,,,,,
2025-10-29,桃園市,區域醫院,國軍桃園總醫院附設民眾診療服務處,急診中心,專科護理師,中度級,檢傷,中,5,1:3,1:5 以上,1:7-8,1:11-12,30 位以上,三班制,200,400,600,500,否,不清楚,是,有,白班（D）、小夜（E）,1-2 個月,,僅部分給假,部分補助,2-3 小時,50-55,合理範圍給,幾乎每天,1,,非常不足,5,11,108,45,16,員工旅遊補助,4,機會多,4,,,,allow,,,
2025-10-29,新北市,區域醫院,新北市立土城醫院(委託長庚醫療財團法人興建經營),急診室,N1,中度級,留觀區、急診加護（EICU）,低（容易通報滿床）,3,1:2,1:3,1:7-8,1:9-10,20-30 位,三班制,250,無,無,400,否,有,是,有,小夜（E）、大夜（N）,1-2 個月,不排夜班,僅部分給假,完全自費,2-3 小時,55-60,一律不給,幾乎每天,2,無，靠護理人員自己,普通,1,2,91,38,14,醫療費用員工優惠,3,普通,1,工時超長,allow,,allow,,,
2025-10-29,台中市,區域醫院,澄清綜合醫院中港分院,急診室,N2,中度級,檢傷、重症區、急診加護（EICU）,不清楚,5,1:3,1:3,1:6 以下,1:7-8,30 位以上,混合制,無,300,無,1200,是,有,是,有,白班（D）、小夜（E）、大夜（N）,1 個月內,到職 3 個月內,僅部分給假,完全自費,2-3 小時,50-55,主管判斷,6-10 次,2,有，隨叫隨到,,1,3,98,41,15,宿舍（單人房）,4,機會多,3,兒科氣氛溫暖,allow,,allow,,,
2025-10-29,台中市,地區醫院,法務部矯正署臺中監獄附設培德醫院,急診中心,N2,一般級,兒科急診、留觀區,中,,1:4,1:5 以上,1:7-8,1:11-12,20-30 位,兩班制,600,600,1000,1200,是,不清楚,是,無,,2-3 個月,,全程給公假,部分補助,4 小時,50-55,合理範圍給,完全沒有,1,無，靠護理人員自己,良好,6,8,78,33,12,年度自強活動,3,普通,2,沒人沒錢沒尊重,allow,,allow,,,
2025-10-28 21:24,高雄市,區域醫院,國軍左營總醫院附設民眾診療服務處,急診室,N3,中度級,一般診療區（內／外科）,低（容易通報滿床）,,1:2,1:4,1:9-10,1:11-12,20-30 位,兩班制,無,300,600,1200,是,不清楚,是,有,白班（D）、小夜（E）、大夜（N）,2-3 個月,不排夜班,僅部分給假,全額公費,2-3 小時,50-55,合理範圍給,6-10 次,,有，隨叫隨到,,3,3,103,43,15,,3,機會多,3,人力穩定但行政會議多,allow,,,,,
2025-10-28 12:26,台北市,醫學中心,新光醫療財團法人新光吳火獅紀念醫院,急診中心,N1,重度級,重症區、留觀區、急診加護（EICU）,低（容易通報滿床）,,1:3,1:3,1:6 以下,1:9-10,10-20 位,三班制,無,無,800,600,否,有,是,,,不一定,,需用自己休假（放假天去上課）,全額公費,1-2 小時,50-55,主管判斷,11-20 次,1,,非常不足,4,5,92,39,14,托兒補助,4,機會多,4,同事關係好,allow,,allow,,,
2025-10-28,高雄市,醫學中心,長庚醫療財團法人高雄長庚紀念醫院,急診醫學部,護理長,中度級,檢傷、一般診療區（內／外科）,中,2,1:2,1:3,1:6 以下,1:7-8,30 位以上,混合制,600,600,500,無,否,不清楚,是,有,小夜（E）,1 個月內,,僅部分給假,全額公費,,60+,一律不給,完全沒有,,有，但常需等待,,1,4,132,55,20,,4,機會多,3,團隊互助強,allow,,,,,
2025-10-28,屏東縣,區域醫院,屏東榮民總醫院,急診中心,N2,中度級,急救區（復甦室）,,,1:4,1:5 以上,1:7-8,1:11-12,沒待過此區,混合制,500,無,無,400,否,有,是,有,小夜（E）、大夜（N）,1 個月內,6-12 個月,需用自己休假（放假天去上課）,完全自費,,50-55,一律給,幾乎每天,,有，但常需等待,非常完善,5,7,93,39,14,,5,機會多,4,資深領班受重視,allow,,,,,
2025-10-28,新竹縣,區域醫院,國立臺灣大學醫學院附設醫院新竹臺大分院生醫醫院,急診醫學部,N1,中度級,檢傷、急救區（復甦室）、急診加護（EICU）,中,1,1:3,1:3,1:6 以下,1:6 以下,10-20 位,混合制,300,無,400,800,否,,是,無,,3 個月以上,,全程給公假,部分補助,,45-50,合理範圍給,1-5 次,3,有，但常需等待,非常完善,2,4,86,36,13,宿舍（單人房）,3,機會多,3,排班相對人性化,allow,,allow,,,
2025-10-28,台北市,區域醫院,三軍總醫院松山分院附設民眾診療服務處,急診醫學部,N3,一般級,檢傷、急救區（復甦室）、留觀區,高（極嚴格／很難報滿）,3,1:3,1:4,1:7-8,1:9-10,30 位以上,兩班制,無,250,800,無,否,無,是,,,1 個月內,不排夜班,需用自己休假（放假天去上課）,全額公費,4 小時,50-55,一律給,完全沒有,1,,,5,7,94,39,14,,5,機會多,4,,,,,,,
2025-10-28,台中市,醫學中心,臺中榮民總醫院,急診中心,N0,中度級,檢傷、急救區（復甦室）、重症區,中,1,1:2,1:3,1:9-10,1:11-12,30 位以上,混合制,300,200,1200,無,是,,是,無,,,到職 3 個月內,僅部分給假,全額公費,無,55-60,一律不給,完全沒有,5,無，靠護理人員自己,不太足夠,1,2,102,43,15,,3,普通,2,新人零保護,allow,,,,,
2025-10-27 23:36,台北市,醫學中心,臺北榮民總醫院,急診室,N1,中度級,檢傷、留觀區,,4,1:2,1:2,1:7-8,1:7-8,10 位以下,兩班制,250,600,500,無,否,,否,有,小夜（E）、大夜（N）,,,全程給公假,完全自費,2-3 小時,50-55,主管判斷,6-10 次,5,有，但常需等待,普通,8,12,100,42,15,,3,難以升遷,2,中部醫院 case 量適中,allow,,,,,
2025-10-27 17:13,彰化縣,區域醫院,衛生福利部彰化醫院,急診部,N2,一般級,留觀區,低（容易通報滿床）,,1:2,1:4,1:6 以下,1:6 以下,沒待過此區,混合制,200,500,400,1000,否,有,否,,,2-3 個月,3-6 個月,需用自己休假（放假天去上課）,完全自費,1 小時內,55-60,主管判斷,6-10 次,2,有，但常需等待,非常不足,2,5,91,38,14,,3,普通,2,專科氣氛 OK,allow,,,,,
2025-10-27 15:10,台北市,醫學中心,國立臺灣大學醫學院附設醫院兒童醫院,急診中心,副護理長,中度級,檢傷、急救區（復甦室）、一般診療區（內／外科）,,4,1:4,1:5 以上,1:9-10,1:9-10,沒待過此區,混合制,400,200,400,無,是,有,是,,,不一定,,需用自己休假（放假天去上課）,全額公費,1 小時內,45-50,主管判斷,6-10 次,5,有，但常需等待,非常完善,2,8,129,54,19,,4,機會多,3,案件量大但有規矩,allow,,,,,
2025-10-27 07:25,彰化縣,醫學中心,彰化基督教醫療財團法人彰化基督教兒童醫院,急診中心,N2,中度級,兒科急診、留觀區、急診加護（EICU）,不清楚,2,1:3,1:3,1:9-10,1:11-12,10-20 位,三班制,250,200,500,600,是,有,是,無,,1-2 個月,,僅部分給假,全額公費,無,50-55,合理範圍給,6-10 次,2,,,4,9,103,43,15,,4,機會多,4,專科很強值得待,allow,,,,,
2025-10-27,台北市,醫學中心,臺北榮民總醫院,急診中心,N1,中度級,急救區（復甦室）、重症區、留觀區,高（極嚴格／很難報滿）,5,1:2,1:2,1:6 以下,1:6 以下,10-20 位,混合制,400,500,600,600,是,,是,有,白班（D）,不一定,,需用自己休假（放假天去上課）,全額公費,2-3 小時,55-60,一律不給,完全沒有,1,無，靠護理人員自己,,7,13,96,40,14,,4,普通,3,,,,,,,
2025-10-27,台中市,區域醫院,童綜合醫療社團法人童綜合醫院及其沙鹿院區,急診部,N2,中度級,急救區（復甦室）,,5,1:3,1:5 以上,1:7-8,1:11-12,10-20 位,三班制,250,250,1200,400,否,,否,有,小夜（E）、大夜（N）,1-2 個月,到職 3 個月內,僅部分給假,完全自費,,45-50,一律給,幾乎每天,2,,,8,12,84,35,13,生日禮金、三節禮券,5,機會多,4,氣氛輕鬆,allow,,allow,,,
2025-10-27,嘉義市,區域醫院,戴德森醫療財團法人嘉義基督教醫院,急診中心,N1,中度級,重症區、急診加護（EICU）,中,4,1:3,1:3,1:7-8,1:7-8,沒待過此區,三班制,400,250,1200,500,否,不清楚,是,無,,,6-12 個月,需用自己休假（放假天去上課）,完全自費,1 小時內,60+,一律不給,1-5 次,2,有，隨叫隨到,,2,5,80,34,12,宿舍（單人房）,3,機會多,3,案件量大但有規矩,allow,,allow,,,
2025-10-27,台北市,醫學中心,國立臺灣大學醫學院附設醫院兒童醫院,急診室,專科護理師,重度級,兒科急診、留觀區、急診加護（EICU）,高（極嚴格／很難報滿）,1,1:2,1:4,1:7-8,1:9-10,10-20 位,三班制,無,250,無,1200,否,不清楚,否,,,,3-6 個月,僅部分給假,全額公費,,55-60,一律不給,11-20 次,,有，隨叫隨到,,2,2,112,47,17,,3,機會多,3,,,,,,,
2025-10-27,台北市,醫學中心,國立臺灣大學醫學院附設醫院兒童醫院,急診中心,N3,重度級,重症區,高（極嚴格／很難報滿）,2,1:3,1:4,1:6 以下,1:9-10,10-20 位,兩班制,600,200,400,1200,否,,是,,,,1 年以上,全程給公假,全額公費,無,60+,主管判斷,完全沒有,,有，隨叫隨到,不太足夠,5,8,111,47,17,,3,普通,2,沒人沒錢沒尊重,allow,,,,,
2025-10-27,宜蘭縣,區域醫院,國立陽明交通大學附設醫院及其新民院區,急診室,護理長,一般級,檢傷、急救區（復甦室）,,,1:4,1:4,1:7-8,1:9-10,沒待過此區,混合制,600,500,1200,800,否,,是,,,,不排夜班,需用自己休假（放假天去上課）,全額公費,2-3 小時,50-55,一律給,1-5 次,,有，隨叫隨到,,6,8,122,51,18,,4,機會多,4,排班相對人性化,allow,,,,,
2025-10-27,台北市,醫學中心,國立臺灣大學醫學院附設醫院兒童醫院,急診醫學部,N2,重度級,留觀區,,2,1:2,1:4,1:7-8,1:7-8,30 位以上,混合制,400,500,800,無,是,有,是,,,,6-12 個月,需用自己休假（放假天去上課）,全額公費,,50-55,合理範圍給,幾乎每天,1,有，隨叫隨到,不太足夠,5,6,104,44,16,托兒補助,4,機會多,3,氣氛輕鬆,allow,,allow,,,
2025-10-26 22:15,高雄市,地區醫院,高新醫院,急診醫學部,N2,一般級,急診加護（EICU）,低（容易通報滿床）,5,1:3,1:5 以上,1:7-8,1:9-10,20-30 位,混合制,250,200,800,500,否,無,否,有,小夜（E）,1 個月內,6-12 個月,僅部分給假,部分補助,,60+,一律不給,幾乎每天,2,有，隨叫隨到,普通,4,7,76,32,11,,3,難以升遷,2,夜班暴力事件多,allow,,,,,
2025-10-26 19:56,台北市,醫學中心,臺北市立萬芳醫院-委託臺北醫學大學辦理,急診室,N4,重度級,重症區、一般診療區（內／外科）、急診加護（EICU）,低（容易通報滿床）,,1:4,1:5 以上,1:7-8,1:9-10,20-30 位,三班制,600,無,無,800,否,,是,有,白班（D）,1 個月內,到職 3 個月內,僅部分給假,完全自費,2-3 小時,60+,一律不給,11-20 次,,有，但常需等待,非常完善,2,5,125,53,19,,3,普通,2,門診作息穩定,allow,,,,,
2025-10-25 23:09,台北市,醫學中心,三軍總醫院附設民眾診療服務處及其汀州院區,急診室,N4,重度級,檢傷、一般診療區（內／外科）、急診加護（EICU）,中,2,1:3,1:3,1:6 以下,1:9-10,20-30 位,三班制,300,500,1200,無,是,不清楚,是,無,,1 個月內,6-12 個月,僅部分給假,全額公費,,50-55,主管判斷,1-5 次,4,有，隨叫隨到,非常不足,5,7,134,56,20,,4,機會多,4,安寧團隊互相 support,allow,,,,,
2025-10-25 22:15,台北市,醫學中心,臺北榮民總醫院,急診中心,專科護理師,重度級,一般診療區（內／外科）、急診加護（EICU）,,2,1:2,1:4,1:7-8,1:9-10,沒待過此區,三班制,600,300,400,1000,否,,是,有,大夜（N）,1-2 個月,3-6 個月,全程給公假,部分補助,2-3 小時,60+,主管判斷,完全沒有,3,無，靠護理人員自己,非常不足,3,7,112,47,17,,4,機會多,3,可學到很多技術,allow,,,,,
2025-10-25 17:32,台中市,區域醫院,童綜合醫療社團法人童綜合醫院及其沙鹿院區,急診室,N3,一般級,重症區、兒科急診、留觀區,,,1:2,1:4,1:6 以下,1:7-8,10-20 位,混合制,500,300,800,400,否,不清楚,否,,,1 個月內,3-6 個月,全程給公假,完全自費,2-3 小時,50-55,主管判斷,11-20 次,5,無，靠護理人員自己,普通,2,4,100,42,15,,3,機會多,3,專科氣氛 OK,allow,,,,,
2025-10-25 08:35,南投縣,地區醫院,竹山秀傳醫療社團法人竹山秀傳醫院,急診中心,N4,一般級,檢傷、一般診療區（內／外科）,,5,1:2,1:4,1:9-10,1:9-10,20-30 位,兩班制,500,300,600,600,否,不清楚,否,有,白班（D）、小夜（E）,,6-12 個月,僅部分給假,完全自費,1 小時內,50-55,合理範圍給,幾乎每天,2,無，靠護理人員自己,不太足夠,1,2,95,40,14,,3,難以升遷,2,leader 形同虛設,allow,,,,,
2025-10-25,台南市,地區醫院,洪外科醫院,急診中心,N1,一般級,檢傷,,2,1:2,1:3,1:9-10,1:13-15,30 位以上,混合制,250,200,600,800,否,無,是,無,,不一定,1 年以上,需用自己休假（放假天去上課）,部分補助,,45-50,一律給,幾乎每天,4,,,1,5,78,33,12,宿舍（單人房）,4,普通,3,訓練體系完整,allow,,allow,,,
2025-10-25,嘉義縣,區域醫院,佛教慈濟醫療財團法人大林慈濟醫院,急診中心,N2,中度級,一般診療區（內／外科）,中,1,1:3,1:3,1:6 以下,1:6 以下,30 位以上,三班制,250,500,500,1000,否,無,否,有,小夜（E）、大夜（N）,2-3 個月,,僅部分給假,完全自費,,55-60,一律不給,幾乎每天,1,有，但常需等待,,3,9,83,35,12,宿舍（單人房）,2,難以升遷,1,人力過勞且無加班費,allow,,allow,,,
2025-10-24 17:26,桃園市,醫學中心,長庚醫療財團法人林口長庚紀念醫院,急診部,N2,中度級,急救區（復甦室）、一般診療區（內／外科）、兒科急診,高（極嚴格／很難報滿）,,1:4,1:4,1:9-10,1:13-15,10 位以下,三班制,300,300,1000,400,是,有,是,無,,,,僅部分給假,完全自費,1-2 小時,50-55,一律給,1-5 次,4,,普通,7,12,111,47,17,員工健檢自費項目補助,4,機會多,4,,,,allow,,,
2025-10-24 12:26,台北市,醫學中心,國立臺灣大學醫學院附設醫院兒童醫院,急診室,N1,重度級,留觀區、急診加護（EICU）,低（容易通報滿床）,,1:2,1:4,1:6 以下,1:7-8,10-20 位,兩班制,200,250,1000,1200,否,,是,無,,,到職 3 個月內,僅部分給假,全額公費,無,60+,主管判斷,1-5 次,4,,普通,8,13,95,40,14,宿舍（單人房）,3,難以升遷,1,主管偏心嚴重,allow,,allow,,,
2025-10-24 08:27,基隆市,區域醫院,長庚醫療財團法人基隆長庚紀念醫院及其情人湖院區,急診室,N2,一般級,急救區（復甦室）、一般診療區（內／外科）,,4,1:3,1:3,1:6 以下,1:7-8,10 位以下,三班制,600,200,1000,500,是,不清楚,是,,,3 個月以上,3-6 個月,需用自己休假（放假天去上課）,完全自費,2-3 小時,50-55,一律給,1-5 次,,有，隨叫隨到,不太足夠,1,2,96,40,14,,3,普通,3,工時長但待遇可,allow,,,,,
2025-10-24,台中市,區域醫院,澄清綜合醫院,急診室,N2,中度級,急救區（復甦室）、留觀區,不清楚,5,1:3,1:3,1:6 以下,1:7-8,10 位以下,混合制,250,500,無,800,否,無,是,無,,3 個月以上,不排夜班,僅部分給假,全額公費,無,60+,一律不給,幾乎每天,4,無，靠護理人員自己,普通,3,4,89,37,13,,3,機會多,3,工時長但待遇可,allow,,,,,
2025-10-24,屏東縣,區域醫院,寶建醫療社團法人寶建醫院,急診醫學部,專科護理師,中度級,急救區（復甦室）、急診加護（EICU）,,5,1:3,1:5 以上,1:6 以下,1:7-8,30 位以上,三班制,無,250,1200,1000,是,,是,無,,3 個月以上,1 年以上,需用自己休假（放假天去上課）,部分補助,4 小時,50-55,合理範圍給,幾乎每天,5,,,8,13,100,42,15,,4,機會多,4,資深領班受重視,allow,,,,,
2025-10-24,雲林縣,地區醫院,國立成功大學醫學院附設醫院斗六分院,急診醫學部,N4,一般級,兒科急診,不清楚,2,1:4,沒待過此區,1:9-10,1:11-12,30 位以上,三班制,500,250,無,1000,是,有,否,無,,,到職 3 個月內,全程給公假,全額公費,1 小時內,45-50,一律給,完全沒有,5,有，隨叫隨到,不太足夠,1,7,102,43,15,員工旅遊補助,3,普通,3,安寧團隊互相 support,allow,,allow,,,
2025-10-23,高雄市,地區醫院,右昌聯合醫院,急診部,N3,一般級,檢傷,,,1:2,1:2,1:6 以下,1:9-10,10 位以下,兩班制,500,400,400,600,否,,否,無,,不一定,,僅部分給假,全額公費,,50-55,一律給,6-10 次,1,有，但常需等待,不太足夠,4,9,82,34,12,,4,機會多,3,我們單位缺人快來，加 LINE 問我，介紹有獎金。,block,廣告或招攬,,,,
2025-10-23,台北市,醫學中心,三軍總醫院附設民眾診療服務處及其汀州院區,急診中心,N4,重度級,檢傷,,3,1:3,1:3,1:6 以下,1:9-10,10-20 位,三班制,500,200,1000,800,是,無,否,無,,1-2 個月,1 年以上,僅部分給假,完全自費,2-3 小時,50-55,合理範圍給,6-10 次,5,有，隨叫隨到,,7,10,131,55,20,宿舍（單人房）,3,普通,2,專科氣氛 OK,allow,,allow,,,
2025-10-23,新北市,醫學中心,衛生福利部雙和醫院(委託臺北醫學大學興建經營),急診室,N1,中度級,重症區、急診加護（EICU）,低（容易通報滿床）,2,1:2,1:3,1:7-8,1:7-8,20-30 位,混合制,無,500,1000,800,是,,否,有,白班（D）、小夜（E）、大夜（N）,不一定,不排夜班,全程給公假,部分補助,2-3 小時,50-55,合理範圍給,幾乎每天,4,有，隨叫隨到,不太足夠,6,9,96,40,14,,3,普通,2,主管常 stand-by 不夠,allow,,,,,
2025-10-22,台中市,地區醫院,新太平澄清醫院,急診中心,N4,一般級,檢傷、一般診療區（內／外科）、兒科急診,高（極嚴格／很難報滿）,1,1:4,沒待過此區,1:6 以下,1:7-8,10-20 位,混合制,200,200,無,無,是,有,是,無,,2-3 個月,不排夜班,全程給公假,部分補助,無,50-55,主管判斷,幾乎每天,2,有，但常需等待,非常完善,3,7,92,39,14,,5,機會多,4,薪資與制度都優,allow,,,,,
2025-10-22,台北市,醫學中心,三軍總醫院附設民眾診療服務處及其汀州院區,急診室,N4,中度級,一般診療區（內／外科）、急診加護（EICU）,高（極嚴格／很難報滿）,,1:3,1:4,1:6 以下,1:7-8,30 位以上,兩班制,250,500,600,600,否,不清楚,是,,,2-3 個月,,全程給公假,完全自費,1 小時內,50-55,主管判斷,完全沒有,1,,,1,6,138,58,21,,5,機會多,4,兒科氣氛溫暖,allow,,,,,
2025-10-21 15:03,彰化縣,醫學中心,彰化基督教醫療財團法人彰化基督教兒童醫院,急診部,N2,重度級,檢傷、急救區（復甦室）、一般診療區（內／外科）,中,,1:2,1:3,1:7-8,1:9-10,10-20 位,三班制,300,400,無,1000,是,,是,無,,,,僅部分給假,全額公費,,50-55,合理範圍給,幾乎每天,,,良好,6,11,107,45,16,,4,機會多,3,主管支持度高,allow,,,,,
2025-10-21 12:36,台北市,醫學中心,國立台灣大學醫學院附設醫院,急診醫學部,N2,中度級,檢傷,低（容易通報滿床）,3,1:4,1:5 以上,1:7-8,1:11-12,10 位以下,兩班制,600,500,1200,800,否,,否,有,白班（D）,不一定,不排夜班,僅部分給假,部分補助,無,60+,一律不給,幾乎每天,5,有，但常需等待,不太足夠,5,6,97,41,15,,3,難以升遷,1,主管常 stand-by 不夠,allow,,,,,
2025-10-21,高雄市,醫學中心,長庚醫療財團法人高雄長庚紀念醫院,急診中心,N3,重度級,一般診療區（內／外科）,,2,1:3,1:5 以上,1:9-10,1:11-12,10-20 位,兩班制,500,400,無,無,否,有,是,,,2-3 個月,,需用自己休假（放假天去上課）,部分補助,,50-55,一律給,6-10 次,,,良好,2,2,107,45,16,托兒補助,4,普通,4,可學到很多技術,allow,,allow,,,
2025-10-20 17:45,新北市,醫學中心,台灣基督長老教會馬偕醫療財團法人淡水馬偕紀念醫院,急診中心,N1,重度級,檢傷、一般診療區（內／外科）,,3,1:4,1:4,1:6 以下,1:9-10,10 位以下,三班制,250,600,800,800,否,無,是,無,,3 個月以上,不排夜班,全程給公假,部分補助,無,60+,一律不給,幾乎每天,3,,不太足夠,5,7,108,45,16,進修學分補助、國外研討會補助,3,普通,2,人力極端不足,allow,,allow,,,
2025-10-20 12:38,彰化縣,醫學中心,彰化基督教醫療財團法人彰化基督教兒童醫院,急診醫學部,N2,重度級,急救區（復甦室）、重症區、急診加護（EICU）,不清楚,,1:2,1:2,1:9-10,1:11-12,10 位以下,混合制,300,600,600,無,否,有,是,無,,2-3 個月,1 年以上,需用自己休假（放假天去上課）,全額公費,1 小時內,45-50,主管判斷,1-5 次,3,無，靠護理人員自己,非常不足,4,6,113,47,17,生日禮金、三節禮券,3,難以升遷,2,我們單位缺人快來，加 LINE 問我，介紹有獎金。,block,廣告或招攬,allow,,,
2025-10-20 07:13,新北市,醫學中心,衛生福利部雙和醫院(委託臺北醫學大學興建經營),急診部,專科護理師,重度級,檢傷,高（極嚴格／很難報滿）,1,1:2,1:2,1:6 以下,1:9-10,10-20 位,三班制,600,無,600,1200,是,有,是,,,2-3 個月,到職 3 個月內,全程給公假,完全自費,,60+,一律不給,6-10 次,3,,不太足夠,1,4,125,53,19,托兒補助,3,普通,2,人力嚴重不足,allow,,allow,,,
2025-10-20,新北市,區域醫院,新北市立聯合醫院及其板橋院區,急診醫學部,N2,中度級,檢傷,中,5,1:2,1:3,1:6 以下,1:7-8,10-20 位,兩班制,600,600,1000,無,是,,否,有,白班（D）、小夜（E）、大夜（N）,,6-12 個月,全程給公假,全額公費,,55-60,主管判斷,6-10 次,5,有，隨叫隨到,良好,3,6,91,38,14,,4,普通,4,訓練體系完整,allow,,,,,
2025-10-19 12:54,新北市,醫學中心,醫療財團法人徐元智先生醫藥基金會亞東紀念醫院,急診中心,N3,重度級,重症區、一般診療區（內／外科）、兒科急診,低（容易通報滿床）,,1:4,沒待過此區,1:6 以下,1:6 以下,10-20 位,三班制,600,200,400,800,否,無,否,,,,,全程給公假,完全自費,1 小時內,45-50,合理範圍給,6-10 次,2,,良好,5,5,110,46,17,進修學分補助、國外研討會補助,3,普通,2,工時長到爆,allow,,allow,,,
2025-10-19 09:00,台中市,地區醫院,宏恩醫院,急診室,N2,一般級,重症區、一般診療區（內／外科）、留觀區,中,,1:2,1:3,1:7-8,1:9-10,10-20 位,兩班制,250,250,600,600,是,,否,有,白班（D）、小夜（E）、大夜（N）,,3-6 個月,需用自己休假（放假天去上課）,全額公費,無,60+,主管判斷,1-5 次,3,,非常完善,6,7,70,29,11,員工旅遊補助,3,難以升遷,2,,,,allow,,,
2025-10-19,彰化縣,地區醫院,員郭醫療社團法人員郭醫院,急診部,專科護理師,一般級,重症區、一般診療區（內／外科）,高（極嚴格／很難報滿）,2,1:3,1:4,1:6 以下,1:7-8,10-20 位,兩班制,300,600,無,1000,是,有,否,,,1-2 個月,,需用自己休假（放假天去上課）,全額公費,,50-55,一律給,1-5 次,,有，但常需等待,不太足夠,2,7,83,35,12,,4,機會多,4,安寧團隊互相 support,allow,,,,,
2025-10-19,高雄市,區域醫院,義大醫療財團法人義大癌治療醫院,急診中心,副護理長,一般級,急救區（復甦室）,不清楚,,1:2,1:4,1:6 以下,1:6 以下,20-30 位,三班制,300,無,500,無,否,有,是,,,,1 年以上,僅部分給假,完全自費,1 小時內,50-55,一律給,完全沒有,1,有，但常需等待,,3,8,113,47,17,,4,普通,4,團隊互助強,allow,,,,,
2025-10-18 21:19,台北市,醫學中心,臺北市立萬芳醫院-委託臺北醫學大學辦理,急診中心,N0,中度級,重症區、一般診療區（內／外科）,低（容易通報滿床）,2,1:3,1:5 以上,1:6 以下,1:6 以下,20-30 位,混合制,250,300,600,500,否,,是,,,,6-12 個月,需用自己休假（放假天去上課）,全額公費,,55-60,一律不給,1-5 次,4,有，但常需等待,,3,9,100,42,15,醫療費用員工優惠,2,普通,1,人力極端不足,allow,,allow,,,
2025-10-18 20:27,花蓮縣,區域醫院,臺灣基督教門諾會醫療財團法人門諾醫院,急診部,N1,一般級,檢傷、兒科急診、留觀區,,4,1:2,1:4,1:7-8,1:7-8,沒待過此區,混合制,300,250,500,600,是,,否,,,3 個月以上,6-12 個月,需用自己休假（放假天去上課）,部分補助,1 小時內,50-55,合理範圍給,幾乎每天,1,有，隨叫隨到,非常不足,4,7,93,39,14,,5,機會多,4,兒科氣氛溫暖,allow,,,,,
2025-10-18 16:11,台中市,醫學中心,中國醫藥大學附設醫院,急診醫學部,N3,重度級,一般診療區（內／外科）、急診加護（EICU）,,1,1:2,1:3,1:9-10,1:11-12,30 位以上,混合制,500,無,無,無,是,不清楚,是,有,白班（D）、小夜（E）,,不排夜班,僅部分給假,部分補助,,45-50,合理範圍給,6-10 次,2,,,4,5,110,46,17,生日禮金、三節禮券,5,機會多,4,排班相對人性化,allow,,allow,,,
2025-10-18 10:14,台中市,醫學中心,臺中榮民總醫院,急診中心,N1,重度級,檢傷、急救區（復甦室）、一般診療區（內／外科）,中,,1:3,1:5 以上,1:9-10,1:11-12,10 位以下,三班制,500,250,600,無,是,無,是,無,,1 個月內,,僅部分給假,全額公費,2-3 小時,55-60,一律不給,幾乎每天,,有，但常需等待,,7,9,92,39,14,員工健檢自費項目補助,3,難以升遷,2,工時超長,allow,,allow,,,
2025-10-18,桃園市,醫學中心,長庚醫療財團法人林口長庚紀念醫院,急診中心,N0,重度級,留觀區、急診加護（EICU）,不清楚,,1:3,1:3,1:6 以下,1:9-10,20-30 位,三班制,600,400,1000,1200,否,,否,無,,3 個月以上,,僅部分給假,全額公費,,50-55,主管判斷,6-10 次,,有，但常需等待,普通,5,9,91,38,14,,3,機會多,3,,,,,,,
2025-10-18,台中市,區域醫院,衛生福利部豐原醫院,急診中心,護理長,一般級,兒科急診、急診加護（EICU）,低（容易通報滿床）,3,1:2,1:3,1:6 以下,1:9-10,20-30 位,混合制,400,無,無,無,否,不清楚,否,,,,,僅部分給假,部分補助,4 小時,55-60,主管判斷,6-10 次,5,有，但常需等待,良好,8,9,120,50,18,醫療費用員工優惠,3,普通,2,被當打雜,allow,,allow,,,
2025-10-17 23:29,屏東縣,區域醫院,屏基醫療財團法人屏東基督教醫院及其瑞光院區,急診部,N3,中度級,檢傷、急救區（復甦室）、一般診療區（內／外科）,不清楚,,1:3,1:3,1:6 以下,1:6 以下,10 位以下,三班制,400,400,1000,1200,是,不清楚,是,無,,不一定,不排夜班,需用自己休假（放假天去上課）,全額公費,4 小時,45-50,合理範圍給,幾乎每天,5,,不太足夠,6,12,96,40,14,員工旅遊補助,4,機會多,4,,,,allow,,,
2025-10-17 21:54,台北市,醫學中心,台灣基督長老教會馬偕醫療財團法人馬偕兒童醫院,急診中心,副護理長,重度級,檢傷、留觀區,低（容易通報滿床）,4,1:3,1:3,1:6 以下,1:6 以下,10 位以下,三班制,300,400,無,1000,是,無,否,,,2-3 個月,到職 3 個月內,全程給公假,全額公費,無,50-55,合理範圍給,完全沒有,1,無，靠護理人員自己,非常完善,3,3,117,49,18,,4,機會多,4,,,,,,,
2025-10-17,新北市,地區醫院,板橋國泰醫院,急診中心,N4,一般級,檢傷、急救區（復甦室）、留觀區,中,4,1:3,1:4,1:6 以下,1:6 以下,20-30 位,三班制,300,250,600,無,否,無,否,,,3 個月以上,不排夜班,需用自己休假（放假天去上課）,部分補助,4 小時,60+,一律不給,11-20 次,3,,非常不足,7,9,103,43,15,,3,難以升遷,1,人力嚴重不足,allow,,,,,
2025-10-17,新北市,地區醫院,板橋中興醫院及其海山院區,急診部,副護理長,一般級,一般診療區（內／外科）,不清楚,2,1:2,1:3,1:6 以下,1:7-8,10 位以下,兩班制,400,200,1200,600,否,不清楚,否,,,1 個月內,3-6 個月,全程給公假,部分補助,1-2 小時,45-50,合理範圍給,完全沒有,3,有，但常需等待,非常完善,8,12,102,43,15,,5,普通,4,排班相對人性化,allow,,,,,
2025-10-16 17:04,嘉義縣,區域醫院,長庚醫療財團法人嘉義長庚紀念醫院,急診室,專科護理師,中度級,急救區（復甦室）、一般診療區（內／外科）、留觀區,低（容易通報滿床）,,1:2,1:3,1:7-8,1:11-12,20-30 位,混合制,400,200,500,1000,是,無,是,無,,,,全程給公假,完全自費,,60+,一律不給,11-20 次,3,有，但常需等待,非常完善,2,8,106,45,16,,3,難以升遷,2,新人訓練紮實,allow,,,,,
2025-10-16 10:31,彰化縣,區域醫院,衛生福利部彰化醫院,急診中心,N1,中度級,一般診療區（內／外科）、兒科急診,不清楚,,1:2,1:3,1:7-8,1:9-10,30 位以上,三班制,300,無,800,500,否,不清楚,否,有,白班（D）、大夜（N）,不一定,,僅部分給假,完全自費,4 小時,50-55,合理範圍給,6-10 次,4,無，靠護理人員自己,,7,12,85,36,13,,4,普通,4,兒科氣氛溫暖,allow,,,,,
2025-10-16 10:15,台南市,區域醫院,台灣基督長老教會新樓醫療財團法人台南新樓醫院,急診醫學部,護理長,一般級,急救區（復甦室）、重症區,,3,1:3,1:3,1:6 以下,1:6 以下,20-30 位,三班制,250,400,無,1200,否,,否,有,白班（D）,1-2 個月,到職 3 個月內,需用自己休假（放假天去上課）,全額公費,無,50-55,一律給,完全沒有,,,普通,8,10,115,48,17,生日禮金、三節禮券,5,普通,4,薪資與制度都優,allow,,allow,,,
2025-10-16 09:19,台北市,醫學中心,長庚醫療財團法人台北長庚紀念醫院,急診中心,專科護理師,中度級,急救區（復甦室）,中,2,1:3,1:3,1:6 以下,1:7-8,沒待過此區,三班制,300,500,1000,800,否,無,是,,,3 個月以上,到職 3 個月內,全程給公假,部分補助,1-2 小時,50-55,主管判斷,幾乎每天,3,有，但常需等待,,2,7,124,52,19,,2,普通,1,人力極端不足,allow,,,,,
2025-10-16,台中市,區域醫院,光田醫療社團法人光田綜合醫院及其大甲院區,急診中心,N3,中度級,檢傷、兒科急診,,5,1:2,1:2,1:7-8,1:9-10,10 位以下,三班制,無,250,1000,800,否,,否,有,小夜（E）,,6-12 個月,需用自己休假（放假天去上課）,全額公費,無,50-55,合理範圍給,6-10 次,4,,非常完善,4,6,93,39,14,,3,難以升遷,2,訓練體系完整,allow,,,,,
2025-10-16,屏東縣,區域醫院,衛生福利部屏東醫院,急診醫學部,N0,中度級,檢傷、一般診療區（內／外科）、兒科急診,,2,1:2,1:4,1:9-10,1:9-10,10-20 位,兩班制,600,無,1200,400,否,不清楚,是,有,白班（D）,,1 年以上,僅部分給假,部分補助,,55-60,一律不給,6-10 次,2,有，但常需等待,非常完善,1,6,76,32,11,,3,難以升遷,2,工時長但待遇可,allow,,,,,
2025-10-16,屏東縣,區域醫院,輔英科技大學附設醫院,急診部,N3,中度級,重症區、兒科急診、留觀區,高（極嚴格／很難報滿）,4,1:3,1:5 以上,1:6 以下,1:9-10,10 位以下,混合制,300,200,400,600,是,不清楚,否,無,,不一定,,全程給公假,全額公費,1 小時內,50-55,合理範圍給,完全沒有,4,有，但常需等待,非常不足,2,2,100,42,15,員工健檢自費項目補助,5,機會多,4,資深領班受重視,allow,,allow,,,
2025-10-16,基隆市,區域醫院,衛生福利部基隆醫院,急診中心,N1,中度級,檢傷、留觀區,中,4,1:2,1:2,1:6 以下,1:6 以下,10 位以下,混合制,無,300,500,800,是,不清楚,是,無,,2-3 個月,3-6 個月,全程給公假,部分補助,,55-60,一律不給,1-5 次,3,,不太足夠,5,10,81,34,12,,3,難以升遷,2,,,,,,,
2025-10-16,屏東縣,區域醫院,輔英科技大學附設醫院,急診室,N4,一般級,急救區（復甦室）,不清楚,4,1:3,1:5 以上,1:7-8,1:11-12,沒待過此區,兩班制,400,無,1200,無,否,有,是,無,,,1 年以上,僅部分給假,完全自費,,55-60,一律不給,1-5 次,,無，靠護理人員自己,不太足夠,3,9,110,46,17,,5,機會多,4,安寧團隊互相 support,allow,,,,,
2025-10-15 23:57,新北市,地區醫院,全民醫院,急診室,N1,一般級,兒科急診、留觀區、急診加護（EICU）,,2,1:3,1:4,1:6 以下,1:9-10,10 位以下,混合制,200,無,1000,400,否,,是,無,,1 個月內,,需用自己休假（放假天去上課）,全額公費,,60+,主管判斷,6-10 次,,有，隨叫隨到,良好,7,9,78,33,12,,3,難以升遷,1,夜班暴力事件多,allow,,,,,
2025-10-15 15:41,雲林縣,區域醫院,中國醫藥大學北港附設醫院,急診部,N2,一般級,重症區、一般診療區（內／外科）,不清楚,2,1:2,1:4,1:6 以下,1:6 以下,10 位以下,兩班制,200,400,無,500,是,無,是,無,,3 個月以上,到職 3 個月內,需用自己休假（放假天去上課）,完全自費,2-3 小時,50-55,一律給,11-20 次,,有，隨叫隨到,非常完善,3,3,97,41,15,醫療費用員工優惠,4,機會多,4,薪資與制度都優,allow,,allow,,,
2025-10-15 13:38,高雄市,地區醫院,霖園醫院,急診部,N0,一般級,兒科急診,不清楚,,1:2,1:3,1:7-8,1:9-10,10-20 位,混合制,300,500,800,無,是,有,否,無,,2-3 個月,,全程給公假,完全自費,,60+,一律不給,6-10 次,,無，靠護理人員自己,良好,5,5,70,29,11,年度自強活動,2,普通,1,聽說主管會把加班時數改掉，申報的跟實際差很多。,review,不實指控,allow,,,
2025-10-15,新北市,醫學中心,醫療財團法人徐元智先生醫藥基金會亞東紀念醫院,急診部,N4,中度級,檢傷、急救區（復甦室）、一般診療區（內／外科）,不清楚,1,1:3,1:3,1:6 以下,1:6 以下,20-30 位,三班制,無,250,800,600,是,,是,有,白班（D）,不一定,3-6 個月,需用自己休假（放假天去上課）,完全自費,,55-60,一律不給,幾乎每天,,,非常不足,4,6,128,54,19,員工旅遊補助,4,機會多,3,工時長但待遇可,allow,,allow,,,
2025-10-15,台北市,區域醫院,臺北市立聯合醫院和平婦幼院區及其婦幼院區,急診室,N2,一般級,檢傷、急救區（復甦室）,高（極嚴格／很難報滿）,1,1:3,1:3,1:9-10,1:11-12,沒待過此區,兩班制,無,無,800,400,是,無,否,無,,2-3 個月,,僅部分給假,全額公費,1-2 小時,60+,一律不給,1-5 次,4,無，靠護理人員自己,良好,5,5,95,40,14,員工健檢自費項目補助,3,難以升遷,1,人力嚴重不足,allow,,allow,,,
2025-10-14 18:19,高雄市,區域醫院,衛生福利部旗山醫院,急診醫學部,N2,中度級,檢傷、一般診療區（內／外科）、留觀區,,,1:3,1:5 以上,1:9-10,1:13-15,20-30 位,兩班制,600,200,無,500,否,,是,,,1-2 個月,,僅部分給假,部分補助,無,55-60,一律不給,幾乎每天,1,有，但常需等待,不太足夠,6,9,94,39,14,生日禮金、三節禮券,3,難以升遷,2,夜班輪轉公平,allow,,allow,,,
2025-10-14,台南市,地區醫院,奇美醫療財團法人佳里奇美醫院,急診中心,N3,一般級,檢傷、急救區（復甦室）,高（極嚴格／很難報滿）,2,1:2,1:3,1:6 以下,1:9-10,20-30 位,兩班制,無,300,無,1200,否,,是,無,,1 個月內,1 年以上,全程給公假,完全自費,1 小時內,50-55,一律給,幾乎每天,,,非常不足,2,3,80,34,12,,3,普通,3,安寧團隊互相 support,allow,,,,,
2025-10-14,台北市,醫學中心,三軍總醫院附設民眾診療服務處及其汀州院區,急診室,N1,重度級,檢傷,低（容易通報滿床）,2,1:3,1:5 以上,1:6 以下,1:9-10,20-30 位,兩班制,600,200,400,400,否,不清楚,是,,,2-3 個月,,需用自己休假（放假天去上課）,全額公費,無,55-60,主管判斷,完全沒有,4,有，但常需等待,,6,12,102,43,15,員工餐廳伙食補助,4,機會多,3,新人訓練紮實,allow,,allow,,,
2025-10-14,新竹市,區域醫院,台灣基督長老教會馬偕醫療財團法人新竹馬偕紀念醫院,急診部,N1,中度級,檢傷、急救區（復甦室）,,,1:2,1:4,1:7-8,1:9-10,10-20 位,兩班制,400,無,1000,800,是,不清楚,否,,,1-2 個月,1 年以上,全程給公假,部分補助,2-3 小時,50-55,主管判斷,6-10 次,2,有，但常需等待,普通,6,11,88,37,13,員工餐廳伙食補助,4,機會多,3,安寧團隊互相 support,allow,,allow,,,
2025-10-14,新北市,醫學中心,台灣基督長老教會馬偕醫療財團法人淡水馬偕紀念醫院,急診醫學部,N2,重度級,檢傷、一般診療區（內／外科）,高（極嚴格／很難報滿）,3,1:4,1:4,1:7-8,1:7-8,沒待過此區,混合制,500,500,無,無,是,無,是,有,白班（D）、小夜（E）,2-3 個月,到職 3 個月內,需用自己休假（放假天去上課）,完全自費,,50-55,合理範圍給,6-10 次,3,無，靠護理人員自己,非常完善,4,4,107,45,16,進修學分補助、國外研討會補助,4,機會多,4,同事關係好,allow,,allow,,,
2025-10-14,高雄市,醫學中心,義大醫療財團法人義大醫院,急診室,N2,中度級,留觀區,中,,1:2,1:3,1:6 以下,1:7-8,10-20 位,三班制,200,600,1000,無,是,不清楚,是,有,白班（D）、小夜（E）,1 個月內,不排夜班,全程給公假,部分補助,1-2 小時,45-50,合理範圍給,幾乎每天,,無，靠護理人員自己,非常不足,7,11,102,43,15,托兒補助,3,機會多,3,門診作息穩定,allow,,allow,,,
2025-10-13 20:23,彰化縣,醫學中心,彰化基督教醫療財團法人彰化基督教兒童醫院,急診中心,N0,中度級,一般診療區（內／外科）、急診加護（EICU）,不清楚,4,1:3,1:4,1:6 以下,1:9-10,10-20 位,三班制,無,400,無,800,是,不清楚,是,有,小夜（E）、大夜（N）,不一定,3-6 個月,僅部分給假,全額公費,1-2 小時,50-55,主管判斷,1-5 次,2,有，隨叫隨到,,5,9,98,41,15,,5,機會多,4,,,,,,,
2025-10-13 07:59,台中市,區域醫院,林新醫療社團法人林新醫院,急診室,N3,中度級,一般診療區（內／外科）,中,,1:3,1:5 以上,1:7-8,1:7-8,30 位以上,兩班制,300,300,400,無,否,不清楚,是,無,,1-2 個月,,僅部分給假,全額公費,無,55-60,一律不給,1-5 次,3,有，但常需等待,普通,1,2,93,39,14,醫療費用員工優惠,2,難以升遷,1,,,,allow,,,
2025-10-13,台中市,地區醫院,茂盛醫院,急診部,N4,一般級,一般診療區（內／外科）、兒科急診、留觀區,,5,1:2,1:4,1:6 以下,1:9-10,30 位以上,兩班制,無,400,1200,1200,是,,否,,,1-2 個月,6-12 個月,需用自己休假（放假天去上課）,完全自費,2-3 小時,45-50,合理範圍給,11-20 次,1,有，隨叫隨到,,6,6,102,43,15,,4,機會多,4,案件多但學得快,allow,,,,,
2025-10-12 19:35,台中市,區域醫院,衛生福利部臺中醫院,急診醫學部,N3,中度級,留觀區,高（極嚴格／很難報滿）,,1:4,1:4,1:6 以下,1:7-8,沒待過此區,兩班制,600,無,無,400,是,有,是,無,,,,全程給公假,完全自費,2-3 小時,60+,主管判斷,1-5 次,3,有，但常需等待,良好,7,10,105,44,16,,3,普通,2,,,,,,,
2025-10-12 09:15,高雄市,醫學中心,財團法人私立高雄醫學大學附設中和紀念醫院,急診部,護理長,中度級,急救區（復甦室）,,5,1:2,1:3,1:7-8,1:7-8,沒待過此區,三班制,400,500,1200,600,是,不清楚,否,無,,1 個月內,不排夜班,全程給公假,完全自費,,60+,一律不給,6-10 次,3,有，但常需等待,不太足夠,5,11,128,54,19,,3,難以升遷,2,主管管太細,allow,,,,,
2025-10-12,新北市,地區醫院,中英醫療社團法人中英醫院,急診醫學部,N3,一般級,檢傷、急救區（復甦室）、急診加護（EICU）,不清楚,5,1:2,1:3,1:7-8,1:11-12,20-30 位,三班制,400,300,500,1000,是,,否,有,白班（D）、小夜（E）、大夜（N）,,到職 3 個月內,全程給公假,部分補助,1 小時內,50-55,合理範圍給,1-5 次,3,,非常不足,1,3,89,37,13,宿舍（單人房）,4,普通,3,人力穩定但行政會議多,allow,,allow,,,
2025-10-12,台北市,區域醫院,臺北市立聯合醫院陽明院區,急診部,N1,中度級,檢傷,不清楚,1,1:3,1:4,1:6 以下,1:7-8,沒待過此區,兩班制,400,200,1200,600,是,有,是,有,白班（D）、小夜（E）,,6-12 個月,需用自己休假（放假天去上課）,部分補助,,60+,主管判斷,6-10 次,1,,普通,2,2,83,35,12,員工餐廳伙食補助,4,普通,3,專科氣氛 OK,allow,,allow,,,
2025-10-11 20:08,彰化縣,地區醫院,洪宗鄰醫療社團法人洪宗鄰醫院,急診部,N1,一般級,重症區、一般診療區（內／外科）、急診加護（EICU）,低（容易通報滿床）,4,1:3,1:3,1:6 以下,1:7-8,30 位以上,三班制,300,300,無,1200,否,,是,,,3 個月以上,3-6 個月,全程給公假,部分補助,2-3 小時,45-50,一律給,幾乎每天,2,,,1,2,66,28,10,進修學分補助、國外研討會補助,3,難以升遷,2,工時長到爆,allow,,allow,,,
2025-10-11 16:31,台北市,醫學中心,國立台灣大學醫學院附設醫院,急診室,N3,重度級,檢傷、急診加護（EICU）,不清楚,3,1:2,1:2,1:7-8,1:9-10,30 位以上,三班制,600,500,500,500,否,,否,,,不一定,1 年以上,全程給公假,全額公費,,60+,主管判斷,6-10 次,,,良好,6,6,114,48,17,宿舍（單人房）,3,難以升遷,2,工時超長,allow,,allow,,,
2025-10-11 13:00,屏東縣,區域醫院,屏基醫療財團法人屏東基督教醫院及其瑞光院區,急診部,N0,一般級,一般診療區（內／外科）,,,1:2,1:2,1:7-8,1:11-12,30 位以上,三班制,無,250,1000,無,否,有,是,,,,6-12 個月,僅部分給假,完全自費,2-3 小時,55-60,一律不給,11-20 次,,,,5,7,78,33,12,托兒補助,3,機會多,3,氣氛輕鬆,allow,,allow,,,
2025-10-11 10:50,桃園市,醫學中心,長庚醫療財團法人林口長庚紀念醫院,急診中心,副護理長,重度級,重症區、一般診療區（內／外科）、兒科急診,不清楚,5,1:2,1:3,1:7-8,1:7-8,10 位以下,混合制,600,400,400,600,否,有,否,無,,1-2 個月,到職 3 個月內,全程給公假,全額公費,,50-55,合理範圍給,1-5 次,5,無，靠護理人員自己,普通,6,12,129,54,19,,4,機會多,4,排班相對人性化,allow,,,,,
2025-10-11,基隆市,區域醫院,長庚醫療財團法人基隆長庚紀念醫院及其情人湖院區,急診中心,N1,一般級,檢傷,,2,1:2,1:3,1:6 以下,1:7-8,10 位以下,三班制,300,無,500,600,是,有,否,無,,2-3 個月,,全程給公假,全額公費,1-2 小時,60+,一律不給,1-5 次,,有，但常需等待,非常不足,7,13,80,34,12,,4,機會多,3,薪資與制度都優,allow,,,,,
2025-10-11,台北市,醫學中心,台灣基督長老教會馬偕醫療財團法人馬偕紀念醫院,急診部,N4,中度級,檢傷、留觀區,高（極嚴格／很難報滿）,2,1:4,沒待過此區,1:7-8,1:7-8,沒待過此區,混合制,600,200,400,600,否,無,否,有,白班（D）,,不排夜班,僅部分給假,部分補助,1-2 小時,50-55,合理範圍給,6-10 次,,有，隨叫隨到,非常不足,6,6,130,55,20,,3,難以升遷,2,專科氣氛 OK,allow,,,,,
2025-10-11,台北市,醫學中心,臺北榮民總醫院,急診中心,N2,重度級,急救區（復甦室）、重症區,,5,1:3,1:5 以上,1:6 以下,1:6 以下,20-30 位,三班制,400,200,400,無,否,不清楚,否,有,大夜（N）,不一定,不排夜班,僅部分給假,部分補助,1 小時內,45-50,主管判斷,完全沒有,2,無，靠護理人員自己,,1,4,112,47,17,生日禮金、三節禮券,3,機會多,3,團隊互助強,allow,,allow,,,
2025-10-10 20:50,台北市,醫學中心,三軍總醫院附設民眾診療服務處及其汀州院區,急診部,N1,重度級,檢傷、留觀區、急診加護（EICU）,高（極嚴格／很難報滿）,,1:3,1:3,1:6 以下,1:9-10,沒待過此區,混合制,無,無,無,600,是,無,否,有,白班（D）、小夜（E）,1-2 個月,6-12 個月,僅部分給假,全額公費,4 小時,45-50,合理範圍給,幾乎每天,1,有，隨叫隨到,非常完善,5,6,106,45,16,生日禮金、三節禮券,5,普通,4,同事關係好,allow,,allow,,,
2025-10-10 07:25,屏東縣,區域醫院,屏基醫療財團法人屏東基督教醫院及其瑞光院區,急診部,N1,中度級,重症區、一般診療區（內／外科）,,,1:4,1:4,1:7-8,1:7-8,10 位以下,三班制,無,300,600,800,否,,是,無,,2-3 個月,6-12 個月,僅部分給假,部分補助,,45-50,主管判斷,11-20 次,3,無，靠護理人員自己,不太足夠,6,9,78,33,12,員工旅遊補助,4,普通,3,中部醫院 case 量適中,allow,,allow,,,
2025-10-10,台北市,區域醫院,臺北市立聯合醫院仁愛院區,急診中心,N3,中度級,檢傷、急救區（復甦室）、重症區,中,4,1:3,1:3,1:6 以下,1:9-10,10 位以下,混合制,200,無,1200,無,是,無,否,無,,3 個月以上,到職 3 個月內,全程給公假,部分補助,2-3 小時,60+,主管判斷,6-10 次,1,無，靠護理人員自己,非常完善,2,7,101,42,15,宿舍（單人房）,3,機會多,3,專科氣氛 OK,allow,,allow,,,
2025-10-10,台中市,區域醫院,衛生福利部臺中醫院,急診醫學部,N0,中度級,一般診療區（內／外科）、兒科急診,高（極嚴格／很難報滿）,,1:2,1:3,1:7-8,1:7-8,30 位以上,混合制,600,無,無,600,是,無,否,無,,不一定,1 年以上,全程給公假,部分補助,1-2 小時,50-55,主管判斷,6-10 次,1,有，但常需等待,普通,1,4,78,33,12,員工健檢自費項目補助,5,機會多,4,排班相對人性化,allow,,allow,,,
2025-10-10,高雄市,地區醫院,瑞祥醫院,急診部,N1,一般級,留觀區,不清楚,,1:3,1:4,1:6 以下,1:7-8,10 位以下,兩班制,250,無,無,1200,否,不清楚,是,無,,不一定,6-12 個月,全程給公假,全額公費,,50-55,主管判斷,1-5 次,,有，但常需等待,非常完善,7,9,70,29,11,醫療費用員工優惠,3,機會多,3,專科很強值得待,allow,,allow,,,
2025-10-09 20:45,台中市,地區醫院,林森醫院,急診中心,專科護理師,一般級,檢傷,,,1:2,1:3,1:9-10,1:9-10,10 位以下,兩班制,250,250,400,無,是,有,是,有,小夜（E）,1-2 個月,不排夜班,僅部分給假,全額公費,2-3 小時,50-55,一律給,1-5 次,4,,良好,6,7,82,34,12,年度自強活動,3,難以升遷,2,加班頻率可接受,allow,,allow,,,
2025-10-09 19:21,台中市,醫學中心,中國醫藥大學附設醫院,急診中心,N3,重度級,檢傷、一般診療區（內／外科）、兒科急診,中,,1:4,沒待過此區,1:9-10,1:9-10,30 位以上,混合制,300,400,600,無,是,不清楚,否,無,,,6-12 個月,僅部分給假,全額公費,,55-60,一律不給,1-5 次,2,有，但常需等待,,7,11,120,50,18,生日禮金、三節禮券,4,機會多,3,資深領班受重視,allow,,allow,,,
2025-10-09 17:27,台中市,醫學中心,中國醫藥大學兒童醫院,急診室,N3,重度級,檢傷、急診加護（EICU）,不清楚,2,1:3,1:5 以上,1:7-8,1:9-10,30 位以上,混合制,500,500,1200,無,否,,否,有,白班（D）、小夜（E）,2-3 個月,,僅部分給假,部分補助,無,45-50,合理範圍給,1-5 次,,有，隨叫隨到,良好,2,5,111,47,17,,4,機會多,5,兒科氣氛溫暖,allow,,,,,
2025-10-09,彰化縣,醫學中心,彰化基督教醫療財團法人彰化基督教兒童醫院,急診中心,專科護理師,中度級,重症區,,2,1:2,1:3,1:9-10,1:13-15,沒待過此區,三班制,600,200,1200,600,否,,否,有,大夜（N）,1 個月內,不排夜班,需用自己休假（放假天去上課）,完全自費,4 小時,45-50,主管判斷,完全沒有,4,無，靠護理人員自己,良好,3,5,122,51,18,,4,普通,4,,,,,,,
2025-10-09,屏東縣,區域醫院,屏東榮民總醫院,急診中心,N4,中度級,重症區,高（極嚴格／很難報滿）,4,1:2,1:2,1:6 以下,1:9-10,沒待過此區,混合制,600,250,500,500,否,無,是,有,小夜（E）、大夜（N）,2-3 個月,,僅部分給假,部分補助,,55-60,一律不給,6-10 次,1,有，但常需等待,良好,1,3,123,52,18,宿舍（單人房）,3,機會多,3,,,,allow,,,
2025-10-09,台中市,區域醫院,澄清綜合醫院中港分院,急診醫學部,N4,中度級,檢傷、急救區（復甦室）,,,1:2,1:4,1:6 以下,1:7-8,10 位以下,兩班制,200,250,800,400,否,無,是,,,1 個月內,不排夜班,需用自己休假（放假天去上課）,全額公費,無,60+,一律不給,6-10 次,4,有，隨叫隨到,良好,5,11,123,52,18,年度自強活動,4,機會多,3,案件量大但有規矩,allow,,allow,,,
2025-10-09,新北市,醫學中心,衛生福利部雙和醫院(委託臺北醫學大學興建經營),急診室,專科護理師,中度級,一般診療區（內／外科）、留觀區,,1,1:3,1:3,1:7-8,1:7-8,20-30 位,三班制,無,600,無,1200,是,有,是,無,,不一定,6-12 個月,僅部分給假,全額公費,,45-50,合理範圍給,6-10 次,4,無，靠護理人員自己,普通,6,9,122,51,18,,5,機會多,4,氣氛輕鬆,allow,,,,,
2025-10-09,桃園市,地區醫院,大明醫院,急診中心,N2,一般級,急救區（復甦室）、重症區,不清楚,,1:2,1:3,1:6 以下,1:9-10,20-30 位,混合制,600,無,無,400,否,不清楚,否,無,,不一定,6-12 個月,需用自己休假（放假天去上課）,部分補助,無,50-55,合理範圍給,6-10 次,,有，但常需等待,普通,6,10,71,30,11,員工旅遊補助,3,難以升遷,2,夜班暴力事件多,allow,,allow,,,
2025-10-08 23:26,台中市,醫學中心,中國醫藥大學兒童醫院,急診室,N1,中度級,檢傷、急救區（復甦室）,,5,1:3,1:5 以上,1:9-10,1:13-15,沒待過此區,兩班制,無,600,800,1000,是,,否,有,白班（D）、小夜（E）、大夜（N）,3 個月以上,1 年以上,全程給公假,部分補助,,50-55,一律給,完全沒有,,無，靠護理人員自己,不太足夠,2,6,101,42,15,,5,機會多,4,,,,,,,
2025-10-08,雲林縣,地區醫院,天主教中華道明修女會醫療財團法人天主教福安醫院,急診中心,N1,一般級,檢傷、重症區、一般診療區（內／外科）,高（極嚴格／很難報滿）,4,1:3,1:3,1:7-8,1:7-8,10 位以下,兩班制,400,300,500,1000,是,,是,無,,,,僅部分給假,全額公費,4 小時,60+,一律不給,完全沒有,4,有，但常需等待,非常完善,7,13,76,32,11,,3,難以升遷,1,人力極端不足,allow,,,,,
2025-10-08,新竹縣,地區醫院,林醫院,急診醫學部,N3,一般級,檢傷、急救區（復甦室）、重症區,高（極嚴格／很難報滿）,5,1:3,1:5 以上,1:7-8,1:9-10,20-30 位,兩班制,無,600,800,400,否,無,否,,,,,需用自己休假（放假天去上課）,全額公費,,50-55,主管判斷,完全沒有,,,良好,8,12,92,39,14,員工旅遊補助,3,難以升遷,1,,,,allow,,,
2025-10-08,新北市,醫學中心,醫療財團法人徐元智先生醫藥基金會亞東紀念醫院,急診中心,N1,中度級,重症區、一般診療區（內／外科）,,4,1:4,1:4,1:6 以下,1:9-10,30 位以上,混合制,400,200,無,1200,是,有,是,無,,1-2 個月,不排夜班,僅部分給假,全額公費,2-3 小時,60+,一律不給,幾乎每天,2,,,6,7,95,40,14,,3,普通,1,新人零保護,allow,,,,,
2025-10-07 22:28,台北市,醫學中心,台灣基督長老教會馬偕醫療財團法人馬偕兒童醫院,急診中心,N2,重度級,重症區、一般診療區（內／外科）,低（容易通報滿床）,3,1:2,1:2,1:9-10,1:13-15,10-20 位,混合制,500,無,500,800,否,有,否,無,,,到職 3 個月內,全程給公假,部分補助,,45-50,合理範圍給,完全沒有,5,有，隨叫隨到,非常不足,3,3,102,43,15,員工餐廳伙食補助,4,機會多,4,同事關係好,allow,,allow,,,
2025-10-07 15:54,雲林縣,區域醫院,國立臺灣大學醫學院附設醫院雲林分院及其虎尾院區,急診醫學部,N2,中度級,檢傷、重症區、兒科急診,不清楚,5,1:3,1:4,1:7-8,1:7-8,10-20 位,混合制,250,600,400,1200,是,不清楚,是,無,,,不排夜班,全程給公假,全額公費,,60+,主管判斷,1-5 次,3,有，但常需等待,非常不足,5,9,87,37,13,,3,難以升遷,1,沒人沒錢沒尊重,allow,,,,,
2025-10-07,高雄市,醫學中心,長庚醫療財團法人高雄長庚紀念醫院,急診室,N2,中度級,檢傷、急救區（復甦室）,低（容易通報滿床）,,1:3,1:3,1:7-8,1:7-8,10 位以下,混合制,250,250,1200,無,是,不清楚,是,無,,不一定,,僅部分給假,部分補助,4 小時,55-60,主管判斷,6-10 次,4,,,1,2,113,47,17,員工餐廳伙食補助,3,難以升遷,1,沒人沒錢沒尊重,allow,,allow,,,
2025-10-07,高雄市,地區醫院,正大醫院,急診中心,N1,一般級,急救區（復甦室）、重症區、兒科急診,不清楚,1,1:2,1:2,1:7-8,1:9-10,10 位以下,混合制,400,400,600,1200,是,,否,有,白班（D）、小夜（E）、大夜（N）,3 個月以上,,全程給公假,部分補助,1 小時內,55-60,一律不給,11-20 次,1,有，但常需等待,,2,2,70,29,11,,3,難以升遷,2,加班頻率可接受,allow,,,,,
2025-10-07,台北市,區域醫院,臺北市立聯合醫院忠孝院區,急診醫學部,N2,中度級,檢傷、一般診療區（內／外科）,,,1:3,1:3,1:7-8,1:9-10,沒待過此區,兩班制,200,500,無,無,否,有,否,,,2-3 個月,1 年以上,需用自己休假（放假天去上課）,部分補助,4 小時,55-60,一律不給,6-10 次,,無，靠護理人員自己,非常完善,8,13,97,41,15,年度自強活動,3,難以升遷,2,主管常 stand-by 不夠,allow,,allow,,,
2025-10-07,新北市,區域醫院,新北市立聯合醫院及其板橋院區,急診中心,N1,一般級,兒科急診,低（容易通報滿床）,,1:3,1:4,1:9-10,1:11-12,沒待過此區,混合制,無,200,400,無,是,,是,,,1 個月內,,全程給公假,全額公費,1-2 小時,50-55,合理範圍給,11-20 次,,,,6,7,91,38,14,生日禮金、三節禮券,5,機會多,5,同事關係好,allow,,allow,,,
2025-10-07,新竹市,區域醫院,新竹市立馬偕兒童醫院(委託台灣基督長老教會馬偕醫療財團法人興建經營),急診室,N2,中度級,檢傷、急診加護（EICU）,不清楚,,1:2,1:2,1:7-8,1:11-12,沒待過此區,三班制,500,200,無,500,否,不清楚,否,,,2-3 個月,1 年以上,僅部分給假,部分補助,1 小時內,45-50,合理範圍給,完全沒有,4,,,7,13,98,41,15,,3,機會多,3,案件多但學得快,allow,,,,,
2025-10-06 14:31,台中市,醫學中心,臺中榮民總醫院,急診醫學部,N2,中度級,一般診療區（內／外科）,高（極嚴格／很難報滿）,,1:2,1:2,1:7-8,1:11-12,20-30 位,混合制,400,500,800,600,是,,是,有,白班（D）、小夜（E）、大夜（N）,,1 年以上,全程給公假,全額公費,無,45-50,主管判斷,6-10 次,5,,普通,5,6,111,47,17,員工健檢自費項目補助,3,難以升遷,2,那個資深的〇姐超級機車，看到她就想吐，真的很垃圾。,block,人身攻擊或威脅,allow,,,
2025-10-06 12:27,桃園市,區域醫院,衛生福利部桃園醫院,急診醫學部,N0,一般級,留觀區,不清楚,,1:4,1:4,1:9-10,1:9-10,10-20 位,兩班制,200,400,無,1200,否,無,否,無,,1-2 個月,,全程給公假,完全自費,4 小時,45-50,一律給,11-20 次,3,有，隨叫隨到,非常不足,2,7,76,32,11,,4,機會多,4,團隊互助強,allow,,,,,
2025-10-06,台北市,醫學中心,國立臺灣大學醫學院附設醫院兒童醫院,急診中心,副護理長,重度級,重症區、一般診療區（內／外科）,不清楚,3,1:4,沒待過此區,1:7-8,1:9-10,10-20 位,兩班制,300,無,800,400,否,不清楚,是,,,1 個月內,3-6 個月,全程給公假,部分補助,,55-60,一律不給,幾乎每天,,無，靠護理人員自己,普通,2,8,117,49,18,,3,難以升遷,2,工時長到爆,allow,,,,,
2025-10-06,彰化縣,區域醫院,秀傳醫療社團法人秀傳紀念醫院,急診醫學部,副護理長,中度級,重症區、一般診療區（內／外科）、兒科急診,,5,1:4,1:4,1:9-10,1:11-12,30 位以上,混合制,400,400,800,無,否,不清楚,否,有,白班（D）、小夜（E）,,6-12 個月,僅部分給假,完全自費,,60+,一律不給,1-5 次,4,無，靠護理人員自己,普通,2,6,105,44,16,年度自強活動,2,難以升遷,1,人力極端不足,allow,,allow,,,
2025-10-06,台北市,區域醫院,振興醫療財團法人振興醫院,急診醫學部,N3,中度級,檢傷、一般診療區（內／外科）、留觀區,中,,1:2,1:2,1:9-10,1:13-15,20-30 位,兩班制,500,300,無,無,是,有,是,有,白班（D）,,6-12 個月,需用自己休假（放假天去上課）,全額公費,2-3 小時,50-55,合理範圍給,11-20 次,2,無，靠護理人員自己,不太足夠,4,10,107,45,16,員工旅遊補助,4,機會多,3,,,,allow,,,
2025-10-06,台北市,醫學中心,三軍總醫院附設民眾診療服務處及其汀州院區,急診部,N1,中度級,急診加護（EICU）,,,1:2,1:4,1:9-10,1:9-10,10-20 位,兩班制,500,500,500,無,是,無,是,,,1-2 個月,6-12 個月,僅部分給假,完全自費,2-3 小時,45-50,合理範圍給,1-5 次,4,有，但常需等待,,4,4,102,43,15,,4,普通,4,安寧團隊互相 support,allow,,,,,
2025-10-06,台中市,地區醫院,新太平澄清醫院,急診室,護理長,一般級,一般診療區（內／外科）、留觀區、急診加護（EICU）,,5,1:3,1:4,1:9-10,1:9-10,沒待過此區,兩班制,無,200,1200,1200,否,不清楚,是,,,1 個月內,3-6 個月,需用自己休假（放假天去上課）,全額公費,,55-60,一律不給,11-20 次,,有，但常需等待,,8,11,108,45,16,,3,普通,2,,,,,,,
2025-10-06,台東縣,區域醫院,台灣基督長老教會馬偕醫療財團法人台東馬偕紀念醫院,急診中心,副護理長,中度級,檢傷、急救區（復甦室）,,4,1:4,1:4,1:9-10,1:13-15,10 位以下,混合制,300,200,無,600,是,有,否,無,,3 個月以上,1 年以上,全程給公假,完全自費,2-3 小時,50-55,一律給,完全沒有,3,,,1,6,112,47,17,,4,普通,4,,,,,,,
2025-10-05 22:30,桃園市,區域醫院,長庚醫療財團法人桃園長庚紀念醫院及其長青院區,急診中心,N0,一般級,重症區、一般診療區（內／外科）,低（容易通報滿床）,1,1:2,1:4,1:9-10,1:13-15,10 位以下,兩班制,300,400,1200,無,是,不清楚,是,,,,3-6 個月,全程給公假,部分補助,,50-55,主管判斷,幾乎每天,,有，隨叫隨到,,4,6,77,32,12,,4,機會多,3,夜班輪轉公平,allow,,,,,
2025-10-05 16:44,新北市,地區醫院,益民醫院,急診中心,N3,一般級,兒科急診、留觀區,,,1:4,沒待過此區,1:6 以下,1:9-10,10 位以下,三班制,無,無,600,無,否,,是,有,白班（D）、小夜（E）、大夜（N）,3 個月以上,6-12 個月,僅部分給假,完全自費,,50-55,合理範圍給,6-10 次,5,有，但常需等待,,6,9,85,36,13,進修學分補助、國外研討會補助,4,機會多,4,兒科氣氛溫暖,allow,,allow,,,
2025-10-05,彰化縣,醫學中心,彰化基督教醫療財團法人彰化基督教醫院,急診部,N3,重度級,檢傷、急救區（復甦室）、重症區,中,1,1:2,1:3,1:6 以下,1:6 以下,30 位以上,三班制,250,無,無,1200,是,,否,有,大夜（N）,,3-6 個月,需用自己休假（放假天去上課）,部分補助,4 小時,60+,一律不給,幾乎每天,4,無，靠護理人員自己,良好,2,2,122,51,18,,3,普通,2,沒人沒錢沒尊重,allow,,,,,
2025-10-05,台北市,醫學中心,國立台灣大學醫學院附設醫院,急診部,專科護理師,重度級,檢傷、急救區（復甦室）,高（極嚴格／很難報滿）,5,1:2,1:2,1:7-8,1:9-10,30 位以上,兩班制,無,400,1000,500,是,不清楚,是,無,,1 個月內,1 年以上,僅部分給假,部分補助,1 小時內,50-55,一律給,11-20 次,4,,非常完善,1,1,125,53,19,,4,機會多,4,主管支持度高,allow,,,,,
2025-10-05,台北市,醫學中心,長庚醫療財團法人台北長庚紀念醫院,急診室,護理長,中度級,一般診療區（內／外科）、兒科急診,,,1:2,1:3,1:7-8,1:11-12,20-30 位,兩班制,200,無,400,無,是,,否,有,白班（D）,3 個月以上,6-12 個月,需用自己休假（放假天去上課）,全額公費,1 小時內,55-60,主管判斷,1-5 次,2,有，隨叫隨到,非常完善,2,5,128,54,19,,3,機會多,3,可學到很多技術,allow,,,,,
2025-10-05,新北市,區域醫院,行天宮醫療志業醫療財團法人恩主公醫院,急診部,N3,中度級,重症區、一般診療區（內／外科）、兒科急診,低（容易通報滿床）,4,1:4,1:5 以上,1:7-8,1:9-10,20-30 位,混合制,無,600,無,無,否,有,否,,,,3-6 個月,需用自己休假（放假天去上課）,全額公費,1-2 小時,50-55,主管判斷,11-20 次,2,無，靠護理人員自己,,3,7,100,42,15,員工旅遊補助,4,普通,4,安寧團隊互相 support,allow,,allow,,,
2025-10-04 19:04,新竹縣,區域醫院,國立臺灣大學醫學院附設醫院新竹臺大分院生醫醫院,急診醫學部,N1,中度級,重症區、一般診療區（內／外科）、留觀區,低（容易通報滿床）,,1:3,1:4,1:6 以下,1:7-8,20-30 位,三班制,500,250,1000,1000,否,不清楚,是,無,,不一定,,需用自己休假（放假天去上課）,部分補助,,45-50,合理範圍給,1-5 次,3,無，靠護理人員自己,非常不足,5,10,86,36,13,,3,難以升遷,2,,,,,,,
2025-10-04,雲林縣,區域醫院,國立臺灣大學醫學院附設醫院雲林分院及其虎尾院區,急診室,護理長,中度級,重症區,不清楚,2,1:3,1:3,1:6 以下,1:6 以下,30 位以上,兩班制,250,500,500,800,是,有,否,有,大夜（N）,1 個月內,,僅部分給假,全額公費,1 小時內,60+,一律不給,1-5 次,1,無，靠護理人員自己,非常不足,4,6,121,51,18,員工旅遊補助,3,普通,2,加班頻率可接受,allow,,allow,,,
2025-10-04,台北市,醫學中心,國泰醫療財團法人國泰綜合醫院,急診醫學部,N0,重度級,檢傷、留觀區、急診加護（EICU）,不清楚,3,1:4,沒待過此區,1:6 以下,1:7-8,10-20 位,混合制,200,無,500,600,否,,是,無,,3 個月以上,,僅部分給假,完全自費,,50-55,合理範圍給,幾乎每天,,,普通,2,6,90,38,14,,3,難以升遷,2,主管偏心嚴重,allow,,,,,
2025-10-04,桃園市,區域醫院,國軍桃園總醫院附設民眾診療服務處,急診部,N2,中度級,檢傷、一般診療區（內／外科）,低（容易通報滿床）,2,1:2,1:4,1:6 以下,1:9-10,30 位以上,三班制,200,無,500,600,是,有,否,,,不一定,6-12 個月,全程給公假,完全自費,,50-55,合理範圍給,完全沒有,2,有，但常需等待,非常不足,3,4,84,35,13,年度自強活動,3,難以升遷,2,中部醫院 case 量適中,allow,,allow,,,
2025-10-04,屏東縣,區域醫院,屏基醫療財團法人屏東基督教醫院及其瑞光院區,急診中心,專科護理師,一般級,急診加護（EICU）,低（容易通報滿床）,1,1:3,1:3,1:6 以下,1:9-10,20-30 位,兩班制,300,200,1000,無,是,,是,無,,1-2 個月,3-6 個月,僅部分給假,完全自費,2-3 小時,50-55,合理範圍給,11-20 次,3,,,8,10,113,47,17,員工健檢自費項目補助,3,難以升遷,2,工時長到爆,allow,,allow,,,
2025-10-04,嘉義市,區域醫院,天主教中華聖母修女會醫療財團法人天主教聖馬爾定醫,急診部,N2,一般級,兒科急診,,,1:3,1:5 以上,1:7-8,1:7-8,30 位以上,混合制,無,600,1000,1200,否,有,是,無,,1-2 個月,3-6 個月,僅部分給假,完全自費,4 小時,55-60,一律不給,6-10 次,,有，但常需等待,,7,11,91,38,14,,3,難以升遷,2,加班頻率可接受,allow,,,,,
2025-10-03 16:15,雲林縣,地區醫院,全生醫院,急診室,N1,一般級,檢傷、兒科急診,中,,1:2,1:4,1:7-8,1:7-8,30 位以上,混合制,400,250,500,500,否,無,否,,,2-3 個月,,全程給公假,全額公費,無,55-60,一律不給,完全沒有,,有，隨叫隨到,良好,6,10,67,28,10,醫療費用員工優惠,2,難以升遷,1,工時長到爆,allow,,allow,,,
2025-10-03 13:22,台北市,醫學中心,台灣基督長老教會馬偕醫療財團法人馬偕紀念醫院,急診部,副護理長,中度級,急診加護（EICU）,,2,1:2,1:4,1:7-8,1:9-10,10 位以下,三班制,無,200,無,800,否,無,否,無,,,3-6 個月,僅部分給假,部分補助,2-3 小時,55-60,一律不給,6-10 次,3,有，隨叫隨到,非常不足,8,12,125,53,19,,3,難以升遷,2,案件量大但有規矩,allow,,,,,
2025-10-03 11:49,新竹縣,區域醫院,國立臺灣大學醫學院附設醫院新竹臺大分院生醫醫院,急診室,副護理長,一般級,急診加護（EICU）,低（容易通報滿床）,1,1:3,1:4,1:7-8,1:11-12,沒待過此區,混合制,600,400,1200,800,否,有,是,,,,不排夜班,需用自己休假（放假天去上課）,部分補助,2-3 小時,45-50,合理範圍給,完全沒有,,,普通,4,9,103,43,15,,4,普通,3,新人訓練紮實,allow,,,,,
2025-10-03 08:58,高雄市,區域醫院,高雄市立聯合醫院,急診室,N1,一般級,急救區（復甦室）、重症區、一般診療區（內／外科）,高（極嚴格／很難報滿）,4,1:3,1:3,1:7-8,1:11-12,沒待過此區,混合制,500,無,800,600,否,,是,有,白班（D）、小夜（E）,3 個月以上,,僅部分給假,完全自費,無,50-55,一律給,完全沒有,,,,1,3,93,39,14,,5,普通,4,專科很強值得待,allow,,,,,
2025-10-03,彰化縣,醫學中心,彰化基督教醫療財團法人彰化基督教兒童醫院,急診中心,N2,重度級,重症區,中,2,1:2,1:3,1:9-10,1:9-10,10 位以下,兩班制,無,300,600,400,否,不清楚,否,有,白班（D）、小夜（E）、大夜（N）,1 個月內,1 年以上,僅部分給假,部分補助,4 小時,60+,主管判斷,11-20 次,4,無，靠護理人員自己,非常完善,5,10,101,42,15,生日禮金、三節禮券,3,難以升遷,2,案件量大但有規矩,allow,,allow,,,
2025-10-03,新北市,區域醫院,輔仁大學學校財團法人輔仁大學附設醫院,急診中心,專科護理師,中度級,一般診療區（內／外科）、急診加護（EICU）,不清楚,5,1:3,1:5 以上,1:7-8,1:9-10,30 位以上,兩班制,250,600,600,1200,否,,否,有,白班（D）,,到職 3 個月內,僅部分給假,部分補助,4 小時,50-55,合理範圍給,完全沒有,2,,,5,10,102,43,15,,3,難以升遷,1,常被臨時調班,allow,,,,,
2025-10-03,新竹縣,區域醫院,國立臺灣大學醫學院附設醫院新竹臺大分院生醫醫院,急診部,N0,中度級,檢傷、急救區（復甦室）、急診加護（EICU）,低（容易通報滿床）,2,1:3,1:5 以上,1:7-8,1:11-12,沒待過此區,混合制,300,無,1200,1200,是,不清楚,是,有,大夜（N）,不一定,,僅部分給假,完全自費,,50-55,合理範圍給,6-10 次,,有，隨叫隨到,普通,3,5,75,32,11,員工旅遊補助,4,機會多,3,新人訓練紮實,allow,,allow,,,
2025-10-03,台北市,區域醫院,臺北市立聯合醫院仁愛院區,急診中心,N0,一般級,兒科急診、留觀區,中,2,1:4,沒待過此區,1:6 以下,1:6 以下,30 位以上,三班制,200,200,1200,400,否,有,是,有,大夜（N）,1-2 個月,3-6 個月,全程給公假,全額公費,1-2 小時,60+,主管判斷,完全沒有,1,無，靠護理人員自己,,5,7,80,34,12,生日禮金、三節禮券,2,難以升遷,1,leader 形同虛設,allow,,allow,,,
2025-10-03,高雄市,區域醫院,高雄市立大同醫院,急診中心,專科護理師,中度級,急救區（復甦室）,高（極嚴格／很難報滿）,4,1:2,1:2,1:7-8,1:11-12,沒待過此區,兩班制,無,200,無,500,是,有,否,無,,,不排夜班,需用自己休假（放假天去上課）,部分補助,,55-60,一律不給,1-5 次,5,,普通,2,3,101,42,15,,3,機會多,3,可學到很多技術,allow,,,,,
2025-10-03,台南市,醫學中心,國立成功大學醫學院附設醫院,急診醫學部,N4,中度級,重症區、一般診療區（內／外科）、留觀區,高（極嚴格／很難報滿）,,1:4,1:5 以上,1:6 以下,1:7-8,30 位以上,兩班制,400,400,無,無,是,無,是,無,,不一定,,僅部分給假,部分補助,4 小時,60+,一律不給,1-5 次,,有，但常需等待,不太足夠,3,6,138,58,21,年度自強活動,3,機會多,3,,,,allow,,,
2025-10-03,彰化縣,地區醫院,皓生醫院,急診中心,專科護理師,一般級,重症區、一般診療區（內／外科）、兒科急診,中,,1:3,1:4,1:6 以下,1:6 以下,沒待過此區,三班制,300,500,無,400,是,有,是,有,小夜（E）、大夜（N）,1 個月內,不排夜班,需用自己休假（放假天去上課）,部分補助,無,50-55,主管判斷,6-10 次,1,,非常完善,2,5,91,38,14,,4,機會多,3,,,,,,,
2025-10-02 23:05,花蓮縣,區域醫院,國軍花蓮總醫院附設民眾診療服務處,急診中心,專科護理師,中度級,檢傷,不清楚,3,1:2,1:2,1:7-8,1:11-12,沒待過此區,三班制,無,300,1000,600,否,有,是,無,,1-2 個月,1 年以上,全程給公假,完全自費,1 小時內,50-55,一律給,完全沒有,1,,非常不足,8,12,106,45,16,,3,機會多,3,可學到很多技術,allow,,,,,
2025-10-02,台北市,醫學中心,三軍總醫院附設民眾診療服務處及其汀州院區,急診醫學部,N3,重度級,檢傷,低（容易通報滿床）,2,1:2,1:2,1:7-8,1:11-12,沒待過此區,混合制,250,250,800,無,是,無,否,無,,1-2 個月,,需用自己休假（放假天去上課）,全額公費,1 小時內,50-55,合理範圍給,1-5 次,3,有，但常需等待,不太足夠,7,8,109,46,16,,5,機會多,4,排班相對人性化,allow,,,,,
2025-10-02,台北市,醫學中心,國立台灣大學醫學院附設醫院,急診部,N1,重度級,留觀區、急診加護（EICU）,低（容易通報滿床）,4,1:2,1:2,1:9-10,1:9-10,沒待過此區,三班制,500,250,1200,600,是,無,否,無,,,,全程給公假,部分補助,1 小時內,50-55,合理範圍給,幾乎每天,,無，靠護理人員自己,,5,8,108,45,16,,3,難以升遷,1,新人零保護,allow,,,,,
2025-10-02,新竹市,區域醫院,新竹市立馬偕兒童醫院(委託台灣基督長老教會馬偕醫療財團法人興建經營),急診部,副護理長,中度級,兒科急診、留觀區,低（容易通報滿床）,,1:2,1:4,1:9-10,1:11-12,20-30 位,三班制,400,無,1200,800,否,有,否,有,白班（D）、小夜（E）、大夜（N）,不一定,6-12 個月,需用自己休假（放假天去上課）,部分補助,無,50-55,合理範圍給,6-10 次,2,無，靠護理人員自己,不太足夠,4,4,105,44,16,,4,機會多,3,,,,,,,
2025-10-02,雲林縣,地區醫院,北港仁一醫院,急診部,N0,一般級,留觀區,低（容易通報滿床）,3,1:2,1:4,1:7-8,1:7-8,沒待過此區,三班制,600,300,800,1200,是,不清楚,否,,,1 個月內,,全程給公假,完全自費,無,60+,一律不給,完全沒有,1,有，但常需等待,,4,9,65,27,10,宿舍（單人房）,3,難以升遷,2,人力嚴重不足,allow,,allow,,,
2025-10-01,台北市,醫學中心,長庚醫療財團法人台北長庚紀念醫院,急診部,副護理長,中度級,一般診療區（內／外科）、兒科急診、留觀區,不清楚,2,1:3,1:5 以上,1:6 以下,1:7-8,30 位以上,三班制,300,無,400,1000,否,不清楚,否,無,,不一定,,全程給公假,全額公費,,55-60,主管判斷,11-20 次,4,,,7,12,132,55,20,員工餐廳伙食補助,3,難以升遷,2,加班頻率可接受,allow,,allow,,,
2025-10-01,台中市,區域醫院,澄清綜合醫院中港分院,急診室,N2,中度級,一般診療區（內／外科）,低（容易通報滿床）,,1:3,1:3,1:7-8,1:7-8,10-20 位,三班制,600,300,600,1000,否,無,否,無,,1 個月內,3-6 個月,僅部分給假,完全自費,2-3 小時,50-55,一律給,幾乎每天,1,,良好,5,8,92,39,14,,5,普通,5,同事關係好,allow,,,,,
2025-09-30 19:41,台北市,醫學中心,台灣基督長老教會馬偕醫療財團法人馬偕兒童醫院,急診中心,N1,重度級,檢傷、重症區,,3,1:3,1:4,1:7-8,1:11-12,20-30 位,三班制,無,無,500,1200,是,,是,無,,2-3 個月,,全程給公假,全額公費,,45-50,合理範圍給,幾乎每天,4,有，隨叫隨到,,2,5,96,40,14,,4,機會多,4,安寧團隊互相 support,allow,,,,,
2025-09-30,台中市,醫學中心,臺中榮民總醫院,急診醫學部,護理長,重度級,檢傷、留觀區、急診加護（EICU）,低（容易通報滿床）,2,1:3,1:4,1:6 以下,1:7-8,10 位以下,三班制,200,200,800,400,否,,否,,,,1 年以上,僅部分給假,全額公費,2-3 小時,55-60,一律不給,6-10 次,4,無，靠護理人員自己,,6,10,129,54,19,托兒補助,3,普通,1,常被臨時調班,allow,,allow,,,
2025-09-30,高雄市,區域醫院,國軍高雄總醫院附設民眾診療服務處,急診醫學部,N1,中度級,檢傷、急救區（復甦室）、重症區,,,1:3,1:3,1:6 以下,1:7-8,20-30 位,混合制,200,500,400,500,是,無,否,,,1 個月內,到職 3 個月內,全程給公假,全額公費,,50-55,一律給,完全沒有,3,有，但常需等待,非常完善,8,9,89,37,13,,5,機會多,4,上次那個 32 床肝癌末期的阿伯家屬一直來吵，護理師被罵到哭。,block,病人個案資訊,,,,
2025-09-30,台北市,醫學中心,臺北榮民總醫院,急診中心,N2,重度級,檢傷、一般診療區（內／外科）,不清楚,4,1:3,1:5 以上,1:6 以下,1:6 以下,10 位以下,兩班制,300,無,1200,1000,是,,否,有,白班（D）、小夜（E）、大夜（N）,3 個月以上,3-6 個月,需用自己休假（放假天去上課）,全額公費,無,50-55,合理範圍給,1-5 次,,,非常完善,3,3,100,42,15,生日禮金、三節禮券,3,機會多,3,薪資與制度都優,allow,,allow,,,
2025-09-30,台北市,醫學中心,新光醫療財團法人新光吳火獅紀念醫院,急診部,N2,重度級,兒科急診,中,5,1:2,1:3,1:6 以下,1:6 以下,10 位以下,兩班制,無,500,600,500,是,無,是,,,3 個月以上,,需用自己休假（放假天去上課）,全額公費,無,50-55,合理範圍給,完全沒有,5,有，隨叫隨到,普通,7,12,108,45,16,,4,機會多,4,訓練體系完整,allow,,,,,
2025-09-29,新竹市,醫學中心,國立臺灣大學醫學院附設醫院新竹臺大分院新竹醫院,急診室,專科護理師,重度級,重症區、一般診療區（內／外科）,,,1:4,沒待過此區,1:6 以下,1:9-10,30 位以上,三班制,200,400,500,400,否,,否,有,大夜（N）,1 個月內,,需用自己休假（放假天去上課）,部分補助,,60+,一律不給,11-20 次,,有，隨叫隨到,非常不足,1,2,112,47,17,,2,普通,1,,,,,,,
2025-09-28 13:16,台北市,醫學中心,新光醫療財團法人新光吳火獅紀念醫院,急診部,N2,重度級,檢傷,不清楚,1,1:3,1:4,1:7-8,1:9-10,10 位以下,兩班制,500,600,800,1200,是,不清楚,否,無,,不一定,6-12 個月,需用自己休假（放假天去上課）,全額公費,1-2 小時,45-50,主管判斷,6-10 次,4,有，隨叫隨到,非常不足,4,10,108,45,16,,3,機會多,3,,,,,,,
2025-09-28 07:41,台北市,醫學中心,國立臺灣大學醫學院附設醫院兒童醫院,急診室,N3,重度級,急診加護（EICU）,,1,1:3,1:5 以上,1:6 以下,1:6 以下,30 位以上,混合制,600,無,600,1000,否,,否,無,,,6-12 個月,全程給公假,部分補助,無,60+,主管判斷,1-5 次,,無，靠護理人員自己,非常不足,5,6,117,49,18,員工旅遊補助,3,難以升遷,1,人力極端不足,allow,,allow,,,
2025-09-28,台東縣,區域醫院,台灣基督長老教會馬偕醫療財團法人台東馬偕紀念醫院,急診醫學部,護理長,中度級,重症區、一般診療區（內／外科）,,,1:3,1:3,1:7-8,1:9-10,沒待過此區,三班制,200,無,400,400,是,不清楚,否,有,白班（D）、小夜（E）、大夜（N）,3 個月以上,,僅部分給假,部分補助,,50-55,一律給,1-5 次,4,無，靠護理人員自己,,6,10,114,48,17,,4,機會多,3,門診作息穩定,allow,,,,,
2025-09-28,桃園市,地區醫院,龍潭敏盛醫院,急診醫學部,N2,一般級,重症區、一般診療區（內／外科）,不清楚,3,1:3,1:5 以上,1:7-8,1:11-12,10 位以下,混合制,200,無,600,1000,否,,是,有,白班（D）、小夜（E）、大夜（N）,,6-12 個月,僅部分給假,部分補助,,50-55,合理範圍給,完全沒有,5,有，隨叫隨到,良好,6,10,75,32,11,,4,機會多,4,可學到很多技術,allow,,,,,
2025-09-28,新竹市,醫學中心,國立臺灣大學醫學院附設醫院新竹臺大分院新竹醫院,急診醫學部,N1,重度級,重症區、一般診療區（內／外科）、急診加護（EICU）,不清楚,4,1:3,1:4,1:7-8,1:11-12,30 位以上,兩班制,200,600,1000,1200,是,有,否,,,1-2 個月,3-6 個月,全程給公假,完全自費,1-2 小時,50-55,一律給,6-10 次,5,有，但常需等待,,8,9,102,43,15,,4,機會多,3,薪資與制度都優,allow,,,,,
2025-09-28,高雄市,區域醫院,國軍高雄總醫院附設民眾診療服務處,急診室,N1,中度級,留觀區,不清楚,3,1:4,1:4,1:9-10,1:13-15,30 位以上,混合制,600,400,1200,400,是,,否,,,1 個月內,不排夜班,僅部分給假,全額公費,4 小時,45-50,合理範圍給,1-5 次,2,,,5,11,90,38,14,,4,普通,3,資深領班受重視,allow,,,,,
2025-09-28,高雄市,醫學中心,財團法人私立高雄醫學大學附設中和紀念醫院,急診中心,N3,重度級,急診加護（EICU）,,,1:4,1:5 以上,1:9-10,1:13-15,沒待過此區,兩班制,200,無,無,800,否,無,否,,,1-2 個月,,全程給公假,部分補助,2-3 小時,45-50,主管判斷,1-5 次,3,,,5,7,119,50,18,宿舍（單人房）,4,機會多,4,氣氛輕鬆,allow,,allow,,,
2025-09-27 15:34,基隆市,區域醫院,衛生福利部基隆醫院,急診中心,專科護理師,中度級,留觀區,不清楚,5,1:3,1:3,1:7-8,1:9-10,20-30 位,三班制,250,400,1200,1200,是,無,否,無,,3 個月以上,到職 3 個月內,僅部分給假,完全自費,,50-55,主管判斷,11-20 次,,無，靠護理人員自己,普通,4,5,97,41,15,,4,機會多,4,專科很強值得待,allow,,,,,
2025-09-27 13:42,台北市,醫學中心,台灣基督長老教會馬偕醫療財團法人馬偕兒童醫院,急診部,N3,重度級,重症區、一般診療區（內／外科）,高（極嚴格／很難報滿）,4,1:3,1:4,1:7-8,1:7-8,沒待過此區,混合制,400,400,600,無,否,,是,無,,,,僅部分給假,全額公費,2-3 小時,50-55,合理範圍給,幾乎每天,4,有，但常需等待,,8,13,111,47,17,宿舍（單人房）,3,普通,3,專科氣氛 OK,allow,,allow,,,
2025-09-27 11:05,高雄市,地區醫院,瑞祥醫院,急診室,N4,一般級,急救區（復甦室）、重症區、一般診療區（內／外科）,高（極嚴格／很難報滿）,3,1:3,1:4,1:7-8,1:11-12,10 位以下,混合制,無,400,無,500,是,有,是,無,,2-3 個月,1 年以上,僅部分給假,部分補助,1-2 小時,50-55,主管判斷,6-10 次,4,有，但常需等待,良好,8,11,99,42,15,,5,普通,5,,,,,,,
2025-09-27,新竹市,地區醫院,財團法人台灣省私立桃園仁愛之家附設新竹新生醫院,急診室,N4,一般級,檢傷、急救區（復甦室）、重症區,高（極嚴格／很難報滿）,,1:2,1:3,1:9-10,1:13-15,10 位以下,混合制,200,250,1200,無,是,有,否,有,白班（D）、小夜（E）,,不排夜班,僅部分給假,完全自費,1-2 小時,60+,一律不給,6-10 次,3,無，靠護理人員自己,良好,8,14,100,42,15,員工健檢自費項目補助,3,難以升遷,2,夜班暴力事件多,allow,,allow,,,
2025-09-27,新竹縣,區域醫院,東元醫療社團法人東元綜合醫院,急診室,N1,中度級,留觀區,中,,1:3,1:3,1:6 以下,1:9-10,20-30 位,兩班制,600,300,1000,500,是,無,是,無,,1-2 個月,3-6 個月,需用自己休假（放假天去上課）,完全自費,1-2 小時,50-55,合理範圍給,1-5 次,4,,,4,7,92,39,14,員工餐廳伙食補助,3,普通,3,安寧團隊互相 support,allow,,allow,,,
2025-09-26 13:56,高雄市,地區醫院,三聖醫院,急診醫學部,副護理長,一般級,急救區（復甦室）,中,4,1:4,1:5 以上,1:9-10,1:13-15,10-20 位,兩班制,500,500,800,1000,是,無,是,,,2-3 個月,3-6 個月,全程給公假,全額公費,,45-50,合理範圍給,6-10 次,,無，靠護理人員自己,,3,8,95,40,14,宿舍（單人房）,4,機會多,4,可學到很多技術,allow,,allow,,,
2025-09-26,高雄市,地區醫院,健仁醫院,急診醫學部,N1,一般級,重症區、留觀區,低（容易通報滿床）,,1:2,1:3,1:7-8,1:9-10,30 位以上,混合制,400,200,600,600,是,無,否,有,白班（D）、小夜（E）、大夜（N）,1 個月內,,僅部分給假,全額公費,,50-55,主管判斷,完全沒有,1,,非常完善,5,10,75,32,11,員工健檢自費項目補助,3,難以升遷,2,常被臨時調班,allow,,allow,,,
2025-09-26,花蓮縣,醫學中心,佛教慈濟醫療財團法人花蓮慈濟醫院,急診中心,N1,重度級,檢傷、留觀區、急診加護（EICU）,,4,1:4,1:4,1:7-8,1:7-8,20-30 位,兩班制,200,300,1200,無,否,無,否,無,,,不排夜班,全程給公假,部分補助,1 小時內,50-55,一律給,1-5 次,,有，隨叫隨到,非常不足,7,12,98,41,15,年度自強活動,4,機會多,3,資深領班受重視,allow,,allow,,,
2025-09-26,台南市,地區醫院,信一骨科醫院,急診醫學部,N2,一般級,檢傷,高（極嚴格／很難報滿）,,1:2,1:3,1:9-10,1:13-15,20-30 位,三班制,200,250,400,600,否,不清楚,否,,,1-2 個月,到職 3 個月內,僅部分給假,完全自費,,45-50,主管判斷,幾乎每天,4,,非常完善,7,9,83,35,12,員工健檢自費項目補助,4,機會多,3,案件多但學得快,allow,,allow,,,
2025-09-25 18:40,台中市,醫學中心,中國醫藥大學兒童醫院,急診醫學部,副護理長,重度級,檢傷、急救區（復甦室）、留觀區,,,1:2,1:4,1:7-8,1:11-12,10 位以下,混合制,500,400,無,1000,否,不清楚,否,有,白班（D）、小夜（E）,3 個月以上,到職 3 個月內,僅部分給假,完全自費,1 小時內,60+,一律不給,6-10 次,,無，靠護理人員自己,,2,6,126,53,19,,2,普通,1,,,,,,,
2025-09-25 12:56,台南市,醫學中心,國立成功大學醫學院附設醫院,急診醫學部,N4,重度級,急診加護（EICU）,中,3,1:2,1:2,1:9-10,1:9-10,10 位以下,兩班制,600,無,無,500,是,,否,有,白班（D）、小夜（E）,不一定,6-12 個月,僅部分給假,部分補助,4 小時,50-55,一律給,11-20 次,3,,不太足夠,6,8,122,51,18,員工旅遊補助,4,普通,3,,,,allow,,,
2025-09-25,台北市,醫學中心,國立臺灣大學醫學院附設醫院兒童醫院,急診醫學部,專科護理師,中度級,檢傷、急救區（復甦室）、急診加護（EICU）,,,1:2,1:3,1:6 以下,1:6 以下,沒待過此區,混合制,無,無,800,1000,是,,是,,,,,需用自己休假（放假天去上課）,全額公費,4 小時,55-60,一律不給,幾乎每天,,有，隨叫隨到,非常不足,8,14,116,49,17,,3,普通,2,新人訓練紮實,allow,,,,,
2025-09-25,雲林縣,地區醫院,長庚醫療財團法人雲林長庚紀念醫院,急診中心,N3,一般級,急救區（復甦室）、重症區,,2,1:2,1:3,1:9-10,1:13-15,20-30 位,混合制,200,無,無,無,否,,是,,,1 個月內,不排夜班,需用自己休假（放假天去上課）,完全自費,2-3 小時,50-55,合理範圍給,幾乎每天,5,有，但常需等待,普通,8,10,79,33,12,生日禮金、三節禮券,5,機會多,4,資深領班受重視,allow,,allow,,,
2025-09-25,台北市,醫學中心,台灣基督長老教會馬偕醫療財團法人馬偕兒童醫院,急診部,N2,重度級,重症區、一般診療區（內／外科）,,3,1:2,1:3,1:7-8,1:9-10,10 位以下,三班制,250,400,600,500,是,,是,有,大夜（N）,,3-6 個月,需用自己休假（放假天去上課）,部分補助,無,50-55,合理範圍給,6-10 次,1,無，靠護理人員自己,不太足夠,8,9,113,47,17,員工健檢自費項目補助,5,普通,5,同事關係好,allow,,allow,,,
2025-09-24 14:57,台中市,醫學中心,中國醫藥大學附設醫院,急診醫學部,副護理長,重度級,檢傷,不清楚,4,1:3,1:3,1:9-10,1:9-10,20-30 位,兩班制,200,200,1000,500,是,,否,,,,不排夜班,全程給公假,全額公費,4 小時,60+,一律不給,11-20 次,,無，靠護理人員自己,非常不足,6,9,119,50,18,,3,普通,3,資深領班受重視,allow,,,,,
2025-09-24 14:36,新北市,醫學中心,醫療財團法人徐元智先生醫藥基金會亞東紀念醫院,急診中心,N1,重度級,重症區、留觀區,,4,1:2,1:4,1:6 以下,1:7-8,10-20 位,兩班制,300,400,500,1000,是,不清楚,否,無,,1-2 個月,,僅部分給假,全額公費,,60+,一律不給,6-10 次,5,無，靠護理人員自己,,5,9,104,44,16,,3,難以升遷,2,夜班輪轉公平,allow,,,,,
2025-09-24 14:22,高雄市,醫學中心,高雄榮民總醫院,急診中心,N4,重度級,急診加護（EICU）,低（容易通報滿床）,2,1:2,1:4,1:7-8,1:7-8,10 位以下,三班制,200,500,400,無,是,,是,無,,1-2 個月,到職 3 個月內,僅部分給假,部分補助,,50-55,合理範圍給,6-10 次,,,非常完善,8,14,127,53,19,進修學分補助、國外研討會補助,4,機會多,3,團隊互助強,allow,,allow,,,
2025-09-24 09:56,高雄市,區域醫院,阮綜合醫療社團法人阮綜合醫院,急診醫學部,N2,中度級,重症區、留觀區,不清楚,4,1:3,1:5 以上,1:6 以下,1:7-8,30 位以上,混合制,500,無,500,1200,否,,是,,,2-3 個月,,僅部分給假,部分補助,,60+,一律不給,11-20 次,,有，隨叫隨到,,3,5,83,35,12,年度自強活動,3,普通,2,訓練體系完整,allow,,allow,,,
2025-09-24,台北市,醫學中心,長庚醫療財團法人台北長庚紀念醫院,急診中心,N1,中度級,急診加護（EICU）,低（容易通報滿床）,,1:3,1:5 以上,1:9-10,1:11-12,30 位以上,三班制,200,600,1200,無,是,無,是,,,,6-12 個月,僅部分給假,完全自費,1-2 小時,55-60,一律不給,幾乎每天,4,,,4,5,101,42,15,,3,普通,2,leader 形同虛設,allow,,,,,
2025-09-24,台南市,區域醫院,台南市立醫院(委託秀傳醫療社團法人經營),急診室,N1,一般級,重症區,高（極嚴格／很難報滿）,1,1:2,1:2,1:9-10,1:13-15,20-30 位,混合制,250,600,600,1200,是,無,否,有,白班（D）,,到職 3 個月內,全程給公假,全額公費,無,50-55,一律給,1-5 次,,有，但常需等待,普通,7,13,93,39,14,,3,難以升遷,2,被當打雜,allow,,,,,
2025-09-24,桃園市,醫學中心,長庚醫療財團法人林口長庚紀念醫院,急診醫學部,副護理長,中度級,重症區、急診加護（EICU）,,3,1:4,1:5 以上,1:7-8,1:9-10,沒待過此區,混合制,200,600,1000,無,是,無,是,無,,1 個月內,不排夜班,需用自己休假（放假天去上課）,全額公費,,60+,主管判斷,11-20 次,1,,非常不足,3,3,121,51,18,,4,機會多,3,,,,,,,
2025-09-24,台中市,地區醫院,長安醫院,急診醫學部,N1,一般級,急救區（復甦室）、急診加護（EICU）,,,1:2,1:4,1:9-10,1:9-10,20-30 位,三班制,400,600,1000,無,是,無,否,無,,不一定,,需用自己休假（放假天去上課）,部分補助,無,60+,一律不給,11-20 次,,,普通,6,6,64,27,10,醫療費用員工優惠,3,難以升遷,2,leader 形同虛設,allow,,allow,,,
2025-09-24,台南市,區域醫院,臺南市立安南醫院-委託中國醫藥大學興建經營,急診醫學部,N2,中度級,急救區（復甦室）、一般診療區（內／外科）、兒科急診,低（容易通報滿床）,,1:2,1:4,1:6 以下,1:9-10,10 位以下,三班制,400,無,1000,500,是,有,否,無,,3 個月以上,,僅部分給假,部分補助,無,60+,一律不給,1-5 次,1,有，但常需等待,非常不足,5,10,96,40,14,宿舍（單人房）,2,普通,1,主管偏心嚴重,allow,,allow,,,
2025-09-24,台南市,醫學中心,奇美醫療財團法人奇美醫院及其樹林院區,急診醫學部,N3,中度級,一般診療區（內／外科）,,,1:3,1:4,1:7-8,1:9-10,10-20 位,三班制,無,無,600,600,否,無,是,,,1 個月內,1 年以上,全程給公假,完全自費,,50-55,合理範圍給,完全沒有,,,,4,10,122,51,18,托兒補助,5,機會多,5,排班相對人性化,allow,,allow,,,
2025-09-24,台南市,區域醫院,衛生福利部臺南醫院,急診醫學部,N2,中度級,一般診療區（內／外科）,高（極嚴格／很難報滿）,,1:2,1:4,1:6 以下,1:7-8,10-20 位,混合制,無,500,400,800,是,無,否,,,,1 年以上,僅部分給假,完全自費,1-2 小時,50-55,主管判斷,完全沒有,2,有，隨叫隨到,良好,5,10,90,38,14,進修學分補助、國外研討會補助,3,難以升遷,2,案件量大但有規矩,allow,,allow,,,
2025-09-24,新竹市,醫學中心,國立臺灣大學醫學院附設醫院新竹臺大分院新竹醫院,急診中心,N3,重度級,兒科急診、留觀區,高（極嚴格／很難報滿）,,1:4,1:4,1:6 以下,1:6 以下,10-20 位,三班制,600,500,1200,400,否,不清楚,否,無,,1-2 個月,6-12 個月,全程給公假,完全自費,1-2 小時,50-55,主管判斷,幾乎每天,2,有，隨叫隨到,非常完善,2,2,115,48,17,宿舍（單人房）,4,機會多,3,可學到很多技術,allow,,allow,,,
2025-09-23 23:08,屏東縣,區域醫院,寶建醫療社團法人寶建醫院,急診中心,N3,中度級,重症區、一般診療區（內／外科）,中,4,1:2,1:2,1:9-10,1:11-12,沒待過此區,混合制,400,250,800,無,是,,否,無,,,不排夜班,需用自己休假（放假天去上課）,部分補助,,50-55,主管判斷,6-10 次,5,有，隨叫隨到,普通,7,8,101,42,15,,3,普通,3,專科很強值得待,allow,,,,,
2025-09-23 16:58,新北市,醫學中心,衛生福利部雙和醫院(委託臺北醫學大學興建經營),急診中心,N3,重度級,檢傷、兒科急診,,,1:3,1:5 以上,1:7-8,1:9-10,30 位以上,兩班制,300,400,400,1200,否,無,是,有,小夜（E）,不一定,3-6 個月,全程給公假,完全自費,無,50-55,合理範圍給,6-10 次,,有，隨叫隨到,不太足夠,1,2,113,47,17,,3,普通,3,新人訓練紮實,allow,,,,,
2025-09-23,高雄市,區域醫院,國軍高雄總醫院附設民眾診療服務處,急診中心,護理長,中度級,急救區（復甦室）、急診加護（EICU）,低（容易通報滿床）,,1:2,1:2,1:6 以下,1:7-8,沒待過此區,兩班制,無,250,無,無,否,有,否,,,,到職 3 個月內,僅部分給假,全額公費,2-3 小時,60+,一律不給,1-5 次,2,有，但常需等待,,4,9,113,47,17,,4,機會多,3,,,,,,,
2025-09-22 20:33,雲林縣,區域醫院,中國醫藥大學北港附設醫院,急診室,護理長,一般級,檢傷、急診加護（EICU）,高（極嚴格／很難報滿）,1,1:2,1:3,1:7-8,1:11-12,20-30 位,兩班制,無,250,1000,800,否,,是,有,小夜（E）、大夜（N）,不一定,不排夜班,僅部分給假,部分補助,2-3 小時,60+,一律不給,完全沒有,,有，但常需等待,,6,11,119,50,18,托兒補助,3,普通,2,可學到很多技術,allow,,allow,,,
2025-09-22 20:03,台中市,地區醫院,中國醫藥大學附設醫院台中東區分院,急診室,N1,一般級,急救區（復甦室）、重症區、一般診療區（內／外科）,,,1:3,1:5 以上,1:6 以下,1:9-10,10 位以下,三班制,400,300,400,無,是,有,是,無,,1-2 個月,1 年以上,全程給公假,全額公費,,45-50,合理範圍給,6-10 次,,有，隨叫隨到,,4,6,67,28,10,員工餐廳伙食補助,5,普通,5,氣氛輕鬆,allow,,allow,,,
2025-09-22 17:55,桃園市,區域醫院,聯新國際醫院,急診部,N0,中度級,重症區、一般診療區（內／外科）、急診加護（EICU）,不清楚,,1:3,1:4,1:9-10,1:13-15,20-30 位,混合制,400,400,1000,1200,否,無,否,,,2-3 個月,6-12 個月,需用自己休假（放假天去上課）,完全自費,2-3 小時,60+,主管判斷,完全沒有,,無，靠護理人員自己,,5,5,77,32,12,,3,普通,2,被當打雜,allow,,,,,
2025-09-22 17:45,台北市,醫學中心,台灣基督長老教會馬偕醫療財團法人馬偕兒童醫院,急診醫學部,N2,中度級,留觀區,不清楚,5,1:2,1:4,1:7-8,1:7-8,20-30 位,三班制,400,400,600,400,否,有,是,無,,1 個月內,1 年以上,需用自己休假（放假天去上課）,完全自費,,50-55,合理範圍給,1-5 次,4,,非常完善,1,2,105,44,16,,4,機會多,4,案件多但學得快,allow,,,,,
2025-09-22 08:43,台北市,區域醫院,臺北市立聯合醫院忠孝院區,急診室,專科護理師,一般級,一般診療區（內／外科）,高（極嚴格／很難報滿）,4,1:2,1:2,1:9-10,1:13-15,10-20 位,兩班制,300,無,400,1200,是,不清楚,是,無,,2-3 個月,1 年以上,需用自己休假（放假天去上課）,全額公費,1-2 小時,50-55,主管判斷,11-20 次,,,不太足夠,2,3,105,44,16,員工旅遊補助,4,機會多,4,安寧團隊互相 support,allow,,allow,,,
2025-09-22,彰化縣,醫學中心,彰化基督教醫療財團法人彰化基督教醫院,急診部,N3,中度級,一般診療區（內／外科）、兒科急診、留觀區,,4,1:3,1:4,1:7-8,1:11-12,沒待過此區,混合制,600,500,500,800,是,無,否,,,3 個月以上,,需用自己休假（放假天去上課）,部分補助,無,45-50,主管判斷,6-10 次,,有，但常需等待,良好,7,7,121,51,18,生日禮金、三節禮券,3,機會多,3,排班相對人性化,allow,,allow,,,
2025-09-22,高雄市,區域醫院,阮綜合醫療社團法人阮綜合醫院,急診室,N2,中度級,急救區（復甦室）、重症區,高（極嚴格／很難報滿）,2,1:3,1:4,1:7-8,1:9-10,20-30 位,混合制,500,400,1200,600,是,無,否,,,1-2 個月,6-12 個月,僅部分給假,全額公費,無,50-55,合理範圍給,幾乎每天,,,不太足夠,4,10,90,38,14,宿舍（單人房）,4,機會多,5,安寧團隊互相 support,allow,,allow,,,
2025-09-22,台中市,區域醫院,國軍臺中總醫院附設民眾診療服務處,急診部,N2,一般級,檢傷、急救區（復甦室）、重症區,高（極嚴格／很難報滿）,3,1:2,1:2,1:6 以下,1:9-10,30 位以上,兩班制,250,無,1200,1200,是,不清楚,否,,,,3-6 個月,需用自己休假（放假天去上課）,完全自費,1-2 小時,45-50,合理範圍給,6-10 次,2,有，但常需等待,非常完善,8,10,89,37,13,,4,普通,4,案件多但學得快,allow,,,,,
2025-09-22,新北市,醫學中心,台灣基督長老教會馬偕醫療財團法人淡水馬偕紀念醫院,急診部,專科護理師,中度級,檢傷、急救區（復甦室）、重症區,中,1,1:2,1:4,1:6 以下,1:9-10,10 位以下,三班制,300,250,無,400,否,無,是,無,,,不排夜班,需用自己休假（放假天去上課）,完全自費,4 小時,50-55,一律給,11-20 次,4,有，隨叫隨到,非常完善,6,9,123,52,18,年度自強活動,5,機會多,4,安寧團隊互相 support,allow,,allow,,,
2025-09-21 12:12,新竹市,區域醫院,台灣基督長老教會馬偕醫療財團法人新竹馬偕紀念醫院,急診醫學部,N2,中度級,檢傷、急診加護（EICU）,不清楚,5,1:3,1:3,1:6 以下,1:7-8,30 位以上,兩班制,無,500,1200,無,否,不清楚,是,有,白班（D）、小夜（E）,,不排夜班,僅部分給假,全額公費,1-2 小時,55-60,一律不給,6-10 次,,,非常不足,3,9,83,35,12,進修學分補助、國外研討會補助,2,難以升遷,1,主管偏心嚴重,allow,,allow,,,
2025-09-21,台北市,醫學中心,臺北榮民總醫院,急診醫學部,專科護理師,中度級,急救區（復甦室）,,4,1:2,1:3,1:7-8,1:11-12,沒待過此區,三班制,600,400,500,無,否,不清楚,是,有,小夜（E）、大夜（N）,,1 年以上,僅部分給假,部分補助,無,45-50,合理範圍給,6-10 次,,無，靠護理人員自己,良好,2,2,117,49,18,進修學分補助、國外研討會補助,3,難以升遷,2,那個資深的〇姐超級機車，看到她就想吐，真的很垃圾。,block,人身攻擊或威脅,allow,,,
2025-09-21,新北市,區域醫院,國泰醫療財團法人汐止國泰綜合醫院,急診室,N1,中度級,檢傷、急診加護（EICU）,中,,1:3,1:3,1:7-8,1:9-10,10 位以下,混合制,無,無,1200,800,否,無,是,無,,,不排夜班,需用自己休假（放假天去上課）,全額公費,無,50-55,合理範圍給,6-10 次,2,,良好,4,9,82,34,12,,4,機會多,3,,,,,,,
2025-09-20 19:53,新北市,區域醫院,行天宮醫療志業醫療財團法人恩主公醫院,急診中心,N1,中度級,重症區、急診加護（EICU）,中,,1:2,1:4,1:7-8,1:9-10,20-30 位,混合制,200,250,1000,1200,是,不清楚,是,,,1 個月內,不排夜班,僅部分給假,完全自費,4 小時,50-55,主管判斷,6-10 次,2,有，但常需等待,,7,7,79,33,12,員工餐廳伙食補助,3,普通,2,人力穩定但行政會議多,allow,,allow,,,
2025-09-20,彰化縣,醫學中心,彰化基督教醫療財團法人彰化基督教醫院,急診室,N0,重度級,一般診療區（內／外科）,,1,1:4,1:4,1:7-8,1:11-12,沒待過此區,混合制,300,200,1200,1000,否,不清楚,否,有,小夜（E）,,6-12 個月,需用自己休假（放假天去上課）,部分補助,無,55-60,主管判斷,11-20 次,,,,1,6,94,39,14,年度自強活動,4,普通,3,專科很強值得待,allow,,allow,,,
2025-09-20,台北市,醫學中心,國立台灣大學醫學院附設醫院,急診部,N1,中度級,急救區（復甦室）、重症區,中,5,1:3,1:4,1:6 以下,1:9-10,10 位以下,混合制,600,500,400,400,是,有,否,有,白班（D）,不一定,6-12 個月,需用自己休假（放假天去上課）,完全自費,4 小時,50-55,合理範圍給,完全沒有,3,有，但常需等待,,8,13,106,45,16,員工餐廳伙食補助,5,普通,5,薪資與制度都優,allow,,allow,,,
2025-09-20,台北市,醫學中心,台灣基督長老教會馬偕醫療財團法人馬偕兒童醫院,急診醫學部,N4,重度級,留觀區,高（極嚴格／很難報滿）,,1:2,1:3,1:9-10,1:9-10,10 位以下,三班制,500,250,600,600,是,,否,無,,,,全程給公假,全額公費,1-2 小時,50-55,合理範圍給,完全沒有,1,有，但常需等待,,7,11,131,55,20,,3,機會多,3,團隊互助強,allow,,,,,
2025-09-20,屏東縣,地區醫院,國仁醫院,急診醫學部,N3,一般級,檢傷、兒科急診、留觀區,高（極嚴格／很難報滿）,1,1:2,1:2,1:6 以下,1:7-8,沒待過此區,三班制,300,400,1000,400,否,,是,,,1 個月內,6-12 個月,全程給公假,全額公費,,45-50,合理範圍給,6-10 次,5,無，靠護理人員自己,非常不足,4,8,93,39,14,,4,普通,3,資深領班受重視,allow,,,,,
2025-09-19,雲林縣,區域醫院,國立臺灣大學醫學院附設醫院雲林分院及其虎尾院區,急診室,N1,中度級,留觀區、急診加護（EICU）,不清楚,,1:3,1:4,1:7-8,1:11-12,10-20 位,兩班制,無,400,1200,400,是,有,否,有,白班（D）、小夜（E）,,到職 3 個月內,全程給公假,部分補助,,45-50,合理範圍給,完全沒有,1,,不太足夠,7,9,84,35,13,員工餐廳伙食補助,4,普通,4,,,,allow,,,
2025-09-19,台北市,醫學中心,台灣基督長老教會馬偕醫療財團法人馬偕兒童醫院,急診醫學部,N1,重度級,急診加護（EICU）,,1,1:3,1:3,1:7-8,1:11-12,10-20 位,三班制,無,400,800,1000,是,有,是,有,白班（D）、小夜（E）、大夜（N）,,不排夜班,僅部分給假,全額公費,2-3 小時,50-55,合理範圍給,完全沒有,,,非常不足,2,3,92,39,14,,3,難以升遷,2,夜班輪轉公平,allow,,,,,
2025-09-19,高雄市,地區醫院,四季台安醫院,急診室,N0,一般級,留觀區、急診加護（EICU）,,,1:4,1:4,1:6 以下,1:9-10,沒待過此區,混合制,無,200,1200,1200,否,有,否,無,,,,僅部分給假,完全自費,1 小時內,50-55,合理範圍給,幾乎每天,2,有，但常需等待,非常完善,7,7,59,25,9,進修學分補助、國外研討會補助,4,機會多,4,兒科氣氛溫暖,allow,,allow,,,
2025-09-19,台北市,區域醫院,臺北市立聯合醫院陽明院區,急診中心,N2,中度級,兒科急診、留觀區、急診加護（EICU）,低（容易通報滿床）,3,1:2,1:4,1:7-8,1:11-12,10 位以下,混合制,200,300,1200,400,是,有,否,有,大夜（N）,,3-6 個月,需用自己休假（放假天去上課）,全額公費,,45-50,合理範圍給,6-10 次,1,有，隨叫隨到,不太足夠,3,6,90,38,14,,4,機會多,3,專科氣氛 OK,allow,,,,,
2025-09-18 10:04,台北市,醫學中心,台灣基督長老教會馬偕醫療財團法人馬偕兒童醫院,急診部,專科護理師,重度級,檢傷、一般診療區（內／外科）,低（容易通報滿床）,2,1:2,1:4,1:7-8,1:7-8,30 位以上,三班制,250,500,500,400,是,,否,有,小夜（E）、大夜（N）,1-2 個月,3-6 個月,全程給公假,完全自費,1 小時內,50-55,合理範圍給,11-20 次,5,有，隨叫隨到,,4,6,116,49,17,,3,普通,2,人力極端不足,allow,,,,,
2025-09-18 07:39,桃園市,區域醫院,臺北榮民總醫院桃園分院,急診部,N2,中度級,重症區、一般診療區（內／外科）,低（容易通報滿床）,2,1:4,沒待過此區,1:6 以下,1:7-8,沒待過此區,混合制,500,600,無,800,否,,否,無,,,不排夜班,全程給公假,全額公費,,50-55,一律給,11-20 次,2,無，靠護理人員自己,非常不足,7,8,84,35,13,,4,機會多,4,,,,,,,
2025-09-18,台北市,醫學中心,三軍總醫院附設民眾診療服務處及其汀州院區,急診部,N3,重度級,檢傷、急診加護（EICU）,中,5,1:2,1:3,1:7-8,1:9-10,10-20 位,兩班制,400,300,無,500,否,有,是,有,白班（D）、小夜（E）、大夜（N）,,3-6 個月,全程給公假,部分補助,2-3 小時,50-55,主管判斷,6-10 次,4,,良好,4,8,112,47,17,醫療費用員工優惠,4,機會多,4,兒科氣氛溫暖,allow,,allow,,,
2025-09-18,桃園市,區域醫院,天成醫療社團法人天晟醫院,急診醫學部,N4,中度級,急救區（復甦室）,高（極嚴格／很難報滿）,4,1:4,1:4,1:9-10,1:9-10,沒待過此區,三班制,200,無,400,1200,否,有,是,有,小夜（E）、大夜（N）,,,需用自己休假（放假天去上課）,全額公費,1-2 小時,50-55,合理範圍給,1-5 次,2,,非常完善,2,2,116,49,17,,4,機會多,4,薪資與制度都優,allow,,,,,
2025-09-17 21:13,花蓮縣,區域醫院,臺灣基督教門諾會醫療財團法人門諾醫院,急診室,護理長,中度級,急救區（復甦室）、重症區、留觀區,中,3,1:3,1:5 以上,1:7-8,1:11-12,30 位以上,三班制,無,500,1000,500,否,無,否,有,白班（D）、小夜（E）、大夜（N）,,3-6 個月,僅部分給假,完全自費,無,45-50,合理範圍給,6-10 次,,有，但常需等待,非常完善,3,9,115,48,17,年度自強活動,4,普通,5,主管支持度高,allow,,allow,,,
2025-09-17 14:57,台中市,區域醫院,國軍臺中總醫院附設民眾診療服務處,急診醫學部,專科護理師,中度級,檢傷、重症區、急診加護（EICU）,,3,1:3,1:3,1:6 以下,1:6 以下,30 位以上,三班制,300,200,無,1200,否,,是,有,白班（D）、小夜（E）、大夜（N）,1 個月內,,需用自己休假（放假天去上課）,部分補助,,55-60,一律不給,幾乎每天,1,,普通,2,7,110,46,17,,3,難以升遷,2,夜班暴力事件多,allow,,,,,
2025-09-17 12:35,嘉義市,區域醫院,臺中榮民總醫院嘉義分院,急診醫學部,副護理長,一般級,急救區（復甦室）、一般診療區（內／外科）,,,1:2,1:3,1:6 以下,1:7-8,10 位以下,兩班制,500,500,1200,600,否,,否,無,,1 個月內,1 年以上,全程給公假,部分補助,2-3 小時,45-50,合理範圍給,11-20 次,,,,2,3,107,45,16,員工旅遊補助,4,機會多,3,兒科氣氛溫暖,allow,,allow,,,
2025-09-17 08:07,新竹縣,區域醫院,東元醫療社團法人東元綜合醫院,急診中心,護理長,中度級,急救區（復甦室）、兒科急診,不清楚,5,1:2,1:2,1:7-8,1:7-8,10-20 位,混合制,400,400,1200,400,否,有,否,,,,6-12 個月,僅部分給假,部分補助,,50-55,合理範圍給,11-20 次,2,,非常不足,6,10,112,47,17,生日禮金、三節禮券,4,普通,3,專科很強值得待,allow,,allow,,,
2025-09-17,台北市,醫學中心,臺北市立萬芳醫院-委託臺北醫學大學辦理,急診醫學部,N2,中度級,一般診療區（內／外科）、急診加護（EICU）,不清楚,,1:3,1:5 以上,1:7-8,1:11-12,20-30 位,兩班制,300,400,1000,600,是,有,否,有,白班（D）、大夜（N）,3 個月以上,,需用自己休假（放假天去上課）,完全自費,,45-50,合理範圍給,6-10 次,2,有，但常需等待,非常完善,3,7,113,47,17,,4,普通,4,資深領班受重視,allow,,,,,
2025-09-17,嘉義市,區域醫院,臺中榮民總醫院嘉義分院,急診中心,N2,中度級,留觀區、急診加護（EICU）,高（極嚴格／很難報滿）,,1:3,1:3,1:6 以下,1:6 以下,沒待過此區,混合制,200,500,500,1200,是,不清楚,是,無,,,到職 3 個月內,需用自己休假（放假天去上課）,完全自費,4 小時,45-50,一律給,1-5 次,4,無，靠護理人員自己,普通,7,10,87,37,13,員工餐廳伙食補助,4,機會多,4,排班相對人性化,allow,,allow,,,
2025-09-17,高雄市,醫學中心,財團法人私立高雄醫學大學附設中和紀念醫院,急診中心,N0,中度級,檢傷、急救區（復甦室）、留觀區,不清楚,1,1:2,1:2,1:6 以下,1:6 以下,沒待過此區,混合制,250,500,400,600,否,不清楚,是,無,,1-2 個月,6-12 個月,僅部分給假,完全自費,4 小時,45-50,合理範圍給,6-10 次,2,有，但常需等待,,8,10,91,38,14,,5,機會多,4,,,,,,,
2025-09-16 13:43,基隆市,區域醫院,長庚醫療財團法人基隆長庚紀念醫院及其情人湖院區,急診中心,專科護理師,中度級,留觀區,,,1:3,1:5 以上,1:6 以下,1:7-8,10-20 位,三班制,500,無,800,500,是,無,否,無,,1-2 個月,6-12 個月,需用自己休假（放假天去上課）,全額公費,1-2 小時,55-60,主管判斷,幾乎每天,,,非常完善,7,11,108,45,16,員工健檢自費項目補助,2,難以升遷,1,主管偏心嚴重,allow,,allow,,,
2025-09-16 13:43,台中市,醫學中心,中國醫藥大學附設醫院,急診醫學部,N1,重度級,重症區、急診加護（EICU）,低（容易通報滿床）,2,1:2,1:4,1:6 以下,1:6 以下,20-30 位,兩班制,無,200,600,500,是,,是,,,2-3 個月,,全程給公假,完全自費,無,50-55,合理範圍給,6-10 次,4,,普通,8,8,94,39,14,宿舍（單人房）,4,機會多,3,門診作息穩定,allow,,allow,,,
2025-09-16,桃園市,區域醫院,國軍桃園總醫院附設民眾診療服務處,急診醫學部,N1,中度級,檢傷、急救區（復甦室）、急診加護（EICU）,低（容易通報滿床）,4,1:2,1:2,1:6 以下,1:9-10,沒待過此區,兩班制,300,500,500,600,否,無,是,無,,1 個月內,,僅部分給假,全額公費,4 小時,60+,主管判斷,11-20 次,5,無，靠護理人員自己,,7,7,91,38,14,,3,普通,3,,,,,,,
2025-09-16,台中市,地區醫院,澄清復健醫院,急診室,N2,一般級,重症區,中,,1:4,沒待過此區,1:6 以下,1:9-10,沒待過此區,混合制,500,300,500,1000,是,,是,無,,,不排夜班,需用自己休假（放假天去上課）,完全自費,無,55-60,主管判斷,1-5 次,5,,非常完善,5,10,76,32,11,,3,普通,2,工時超長,allow,,,,,
2025-09-16,新竹市,醫學中心,國立臺灣大學醫學院附設醫院新竹臺大分院新竹醫院,急診醫學部,N2,中度級,急診加護（EICU）,,5,1:4,1:5 以上,1:6 以下,1:7-8,10 位以下,混合制,400,無,1000,800,否,,是,無,,2-3 個月,1 年以上,僅部分給假,完全自費,4 小時,50-55,一律給,完全沒有,,,普通,4,6,110,46,17,進修學分補助、國外研討會補助,4,機會多,4,案件多但學得快,allow,,allow,,,
2025-09-16,台北市,區域醫院,醫療財團法人辜公亮基金會和信治癌中心醫院,急診中心,N2,中度級,一般診療區（內／外科）、留觀區,中,1,1:4,1:4,1:9-10,1:9-10,20-30 位,三班制,500,300,無,1000,是,無,是,無,,不一定,,需用自己休假（放假天去上課）,部分補助,2-3 小時,55-60,一律不給,11-20 次,5,有，隨叫隨到,,3,3,91,38,14,,2,難以升遷,1,工時長到爆,allow,,,,,
2025-09-16,台中市,區域醫院,澄清綜合醫院,急診室,N1,一般級,檢傷、急救區（復甦室）、一般診療區（內／外科）,不清楚,3,1:2,1:3,1:7-8,1:7-8,沒待過此區,兩班制,500,500,1200,600,是,無,否,,,3 個月以上,3-6 個月,僅部分給假,全額公費,1-2 小時,60+,主管判斷,幾乎每天,3,無，靠護理人員自己,普通,8,12,90,38,14,,3,難以升遷,2,夜班輪轉公平,allow,,,,,
2025-09-16,台北市,醫學中心,台灣基督長老教會馬偕醫療財團法人馬偕兒童醫院,急診部,N1,中度級,急診加護（EICU）,,1,1:3,1:4,1:6 以下,1:6 以下,沒待過此區,兩班制,400,600,1200,400,否,,否,有,小夜（E）、大夜（N）,3 個月以上,1 年以上,全程給公假,全額公費,2-3 小時,60+,一律不給,1-5 次,,無，靠護理人員自己,,3,7,92,39,14,年度自強活動,2,難以升遷,1,沒人沒錢沒尊重,allow,,allow,,,
2025-09-16,台中市,區域醫院,光田醫療社團法人光田綜合醫院及其大甲院區,急診醫學部,N3,中度級,檢傷、急救區（復甦室）、重症區,不清楚,2,1:3,1:5 以上,1:9-10,1:13-15,20-30 位,混合制,600,250,無,800,否,無,是,無,,1 個月內,3-6 個月,僅部分給假,部分補助,1-2 小時,55-60,一律不給,11-20 次,5,有，隨叫隨到,不太足夠,4,10,98,41,15,,3,普通,3,氣氛輕鬆,allow,,,,,
