timestamp,location,institutionType,institutionName,unitName,jobTitle,bedbathFreq,ppCareFreq,dayShiftRatio,dayPeakRatio,eveningShiftRatio,eveningPeakRatio,nightShiftRatio,nightPeakRatio,shiftSystem,eveningAllowanceNonPack,eveningAllowancePack,nightAllowanceNonPack,nightAllowancePack,hasOnCall,dailyOvertime,weeklyHours,overtimePolicy,icuTrainingRequired,icuTrainingContract,icuTrainingPeriod,promotionReport,advancedTherapyTraining,yearsCurrent,yearsTotal,annualSalary,monthlyBase,annualBonus,specialBenefits,workAtmosphere,promotion,recommendIndex,comment,modComment,modCommentCode,modSpecialBenefits,modSpecialBenefitsCode,modOnCallPattern,modOnCallPatternCode
2025-11-15 10:19,高雄市,區域醫院,國軍高雄總醫院附設民眾診療服務處,神經外科加護病房 (NSICU),N1,,QOD & PRN,1:2,1:3,1:3,1:2,1:5 以上,1:4,三班制,500,無,400,800,是,2-3 小時,35-40,合理範圍給,是,是,1 個月以內,強制要求、有加給,,3,8,81,34,12,宿舍（單人房）,4,普通,3,資深領班受重視,allow,,allow,,,
2025-11-15 09:05,彰化縣,醫學中心,彰化基督教醫療財團法人彰化基督教醫院,加護中心,N4,QD & PRN,,1:3,1:3,1:4,1:3,1:3,1:4,三班制,無,600,500,1000,否,1-2 小時,50-55,合理範圍給,不清楚,無 ICU Training,3-6 個月,無此制度,CVVH、IABP、ECMO,7,9,127,53,19,員工旅遊補助,4,機會多,3,門診作息穩定,allow,,allow,,,
2025-11-15,新竹縣,區域醫院,東元醫療社團法人東元綜合醫院,MICU,N2,QOD & PRN,QD & PRN,1:3,1:2,1:3,1:4,1:3,1:4,三班制,無,200,400,無,是,1-2 小時,45-50,合理範圍給,不清楚,是,不一定／依個人進度,強制要求、無加給,CVVH、IABP、ECMO,7,12,87,37,13,,3,難以升遷,2,新人訓練紮實,allow,,,,,
2025-11-15,桃園市,區域醫院,沙爾德聖保祿修女會醫療財團法人聖保祿醫院,心臟內科加護病房 (CCU),N4,QD & PRN,,1:3,1:2,1:3,1:3,1:2,1:4,兩班制,500,無,500,600,是,,60+,主管判斷,,無 ICU Training,1-3 個月,自願參加、有加給,,5,5,112,47,17,,3,機會多,3,人力穩定但行政會議多,allow,,,,,
2025-11-15,桃園市,區域醫院,臺北榮民總醫院桃園分院,心臟外科加護病房 (CVICU),N2,QD & PRN,QOD & PRN,1:1,1:3,1:2,1:3,1:4,1:4,混合制,600,200,600,無,否,,50-55,合理範圍給,否,否,不一定／依個人進度,無此制度,,3,4,95,40,14,,3,難以升遷,2,新人零保護,allow,,,,,
2025-11-15,台北市,醫學中心,長庚醫療財團法人台北長庚紀念醫院,燒燙傷加護病房,護理長,QD & PRN,QD & PRN,1:1,1:4,1:3,1:2,1:3,1:4,其他,200,無,500,500,否,2-3 小時,45-50,合理範圍給,,,,強制要求、有加給,ECMO,8,11,142,60,21,,3,難以升遷,2,主管常 stand-by 不夠,allow,,,,,
2025-11-15,新北市,醫學中心,衛生福利部雙和醫院(委託臺北醫學大學興建經營),呼吸加護病房 (RICU),N2,,QD & PRN,1:3,1:3,1:3,1:3,1:2,1:4,混合制,無,300,500,800,否,1-2 小時,45-50,合理範圍給,,無 ICU Training,1 個月以內,,CVVH、IABP、ECMO,5,9,110,46,17,員工健檢自費項目補助,4,普通,3,案件多但學得快,allow,,allow,,,
2025-11-15,花蓮縣,區域醫院,國軍花蓮總醫院附設民眾診療服務處,MICU,N2,,QD & PRN,1:2,1:2,1:4,1:4,1:4,1:4,混合制,500,200,800,500,是,,35-40,主管判斷,是,否,,自願參加、無加給,,1,3,88,37,13,,4,機會多,3,資深領班受重視,allow,,,,,
2025-11-15,台北市,區域醫院,醫療財團法人辜公亮基金會和信治癌中心醫院,燒燙傷加護病房,副護理長,QOD & PRN,QD & PRN,1:1,1:4,1:4,1:3,1:4,1:4,三班制,無,500,500,1000,是,無,50-55,合理範圍給,,是,3-6 個月,自願參加、有加給,,7,7,114,48,17,醫療費用員工優惠,4,機會多,3,,,,allow,,,
2025-11-14 17:33,桃園市,醫學中心,長庚醫療財團法人林口長庚紀念醫院,心臟外科加護病房 (CVICU),N3,,QD & PRN,1:2,1:2,1:3,1:3,1:3,1:3,三班制,250,無,1000,400,否,1 小時內,45-50,主管判斷,否,否,1-3 個月,,,1,4,113,47,17,員工旅遊補助,3,難以升遷,1,,,,allow,,,
2025-11-14,嘉義縣,地區醫院,衛生福利部朴子醫院,兒童加護病房 (PICU),N1,QOD & PRN,QD & PRN,1:3,1:2,1:3,1:3,1:3,1:3,三班制,無,200,400,無,否,無,45-50,一律給,否,否,3-6 個月,強制要求、無加給,,4,6,62,30,9,員工餐廳伙食補助,3,機會多,3,薪資與制度都優,allow,,allow,,,
2025-11-14,桃園市,地區醫院,大明醫院,心臟內科加護病房 (CCU),N3,,QOD & PRN,1:3,1:3,1:4,1:4,1:4,1:4,三班制,200,300,400,無,是,4 小時,45-50,合理範圍給,不清楚,是,,強制要求、有加給,IABP,1,7,78,33,12,醫療費用員工優惠,4,普通,4,同事關係好,allow,,allow,,,
2025-11-13,台中市,地區醫院,明德醫院,兒童加護病房 (PICU),N1,,QD & PRN,1:2,1:3,1:3,1:3,1:5 以上,1:4,混合制,600,200,500,1200,是,1-2 小時,40-45,合理範圍給,不清楚,無 ICU Training,1 個月以內,強制要求、有加給,CVVH,2,6,72,30,11,托兒補助,3,難以升遷,2,工時長到爆,allow,,allow,,,
2025-11-13,彰化縣,醫學中心,彰化基督教醫療財團法人彰化基督教兒童醫院,綜合加護病房,副護理長,,QD & PRN,1:2,1:2,1:2,1:3,1:3,1:5 以上,三班制,300,200,1000,無,是,1-2 小時,40-45,一律給,否,,無 ICU Training,無此制度,IABP,3,7,133,56,20,生日禮金、三節禮券,4,機會多,3,可學到很多技術,allow,,allow,,,
2025-11-13,台中市,區域醫院,國軍臺中總醫院附設民眾診療服務處,燒燙傷加護病房,護理長,QD & PRN,QOD & PRN,1:2,1:3,1:3,1:3,1:2,1:4,三班制,250,400,400,600,是,4 小時,60+,主管判斷,不清楚,,,,CVVH,8,9,119,50,18,,3,難以升遷,2,新人零保護,allow,,,,,
2025-11-13,台南市,醫學中心,國立成功大學醫學院附設醫院,神經內科加護病房,N1,,,1:3,1:3,1:2,1:4,1:3,1:3,其他,無,250,600,無,否,1-2 小時,50-55,一律給,否,是,1-3 個月,,,7,10,96,40,14,,3,難以升遷,2,人力嚴重不足,allow,,,,,
2025-11-12 19:18,台中市,區域醫院,佛教慈濟醫療財團法人台中慈濟醫院,神經內科加護病房,N0,,QD & PRN,1:2,1:2,1:3,1:3,1:3,1:5 以上,混合制,500,500,1000,600,是,2-3 小時,35-40,主管判斷,否,是,不一定／依個人進度,強制要求、無加給,CVVH,5,7,78,33,12,員工旅遊補助,4,機會多,4,訓練體系完整,allow,,allow,,,
2025-11-12 18:31,新竹市,區域醫院,台灣基督長老教會馬偕醫療財團法人新竹馬偕紀念醫院,神經外科加護病房 (NSICU),N0,QOD & PRN,QOD & PRN,1:2,1:3,1:3,1:2,1:2,1:4,三班制,200,無,500,1000,否,2-3 小時,55-60,主管判斷,不清楚,是,無 ICU Training,強制要求、無加給,CVVH、IABP、ECMO,5,6,73,31,11,,4,普通,3,兒科氣氛溫暖,allow,,,,,
2025-11-12 12:33,台南市,區域醫院,台南市立醫院(委託秀傳醫療社團法人經營),兒童加護病房 (PICU),N1,,QOD & PRN,1:3,1:2,1:2,1:3,1:3,1:3,混合制,200,無,500,無,是,,55-60,主管判斷,,是,,強制要求、有加給,,5,5,89,37,13,宿舍（單人房）,2,普通,1,人力極端不足,allow,,allow,,,
2025-11-12 07:59,彰化縣,醫學中心,彰化基督教醫療財團法人彰化基督教兒童醫院,SICU,N3,QD & PRN,QD & PRN,1:4,1:4,1:3,1:4,1:4,1:4,混合制,400,400,無,600,是,2-3 小時,60+,一律不給,,是,,強制要求、有加給,IABP,8,9,109,46,16,員工旅遊補助,3,難以升遷,2,人力極端不足,allow,,allow,,,
2025-11-12,台中市,醫學中心,中國醫藥大學兒童醫院,綜合加護病房,N2,QOD & PRN,QD & PRN,1:2,1:3,1:4,1:3,1:2,1:3,其他,400,無,800,無,否,無,55-60,一律不給,是,無 ICU Training,1-3 個月,強制要求、無加給,IABP、ECMO,2,3,111,47,17,年度自強活動,3,普通,2,加班沒給,allow,,allow,,,
2025-11-12,嘉義市,區域醫院,戴德森醫療財團法人嘉義基督教醫院,MICU,N3,QD & PRN,QOD & PRN,1:3,1:3,1:2,1:2,1:3,1:4,混合制,500,600,600,600,是,,45-50,主管判斷,否,是,,強制要求、有加給,CVVH、ECMO,2,3,99,42,15,,3,普通,2,人力穩定但行政會議多,allow,,,,,
2025-11-12,高雄市,區域醫院,義大醫療財團法人義大癌治療醫院,新生兒加護病房 (NICU),N2,,,1:3,1:3,1:2,1:3,1:2,1:5 以上,兩班制,無,400,600,500,是,,35-40,合理範圍給,,否,不一定／依個人進度,無此制度,,4,4,93,39,14,員工健檢自費項目補助,4,機會多,5,團隊互助強,allow,,allow,,,
2025-11-12,台南市,地區醫院,大安婦幼醫院,加護中心,N4,QD & PRN,QOD & PRN,1:4,1:2,1:3,1:3,1:4,1:4,三班制,300,300,500,800,否,無,50-55,合理範圍給,是,否,3-6 個月,,CVVH,5,8,97,41,15,,3,普通,2,工時長但待遇可,allow,,,,,
2025-11-12,高雄市,醫學中心,財團法人私立高雄醫學大學附設中和紀念醫院,加護中心,N3,,QOD & PRN,1:1,1:2,1:4,1:3,1:5 以上,1:3,三班制,500,250,無,500,是,,55-60,一律不給,,否,3-6 個月,,,8,14,107,45,16,醫療費用員工優惠,4,機會多,3,,,,allow,,,
2025-11-11 21:33,宜蘭縣,地區醫院,宜蘭仁愛醫療財團法人宜蘭仁愛醫院,神經外科加護病房 (NSICU),N0,QOD & PRN,QOD & PRN,1:2,1:2,1:3,1:2,1:4,1:4,其他,600,無,500,1000,否,4 小時,45-50,一律給,是,,1-3 個月,自願參加、有加給,ECMO,7,7,67,30,10,,4,普通,4,團隊互助強,allow,,,,,
2025-11-11 17:47,新北市,醫學中心,佛教慈濟醫療財團法人台北慈濟醫院,內科加護病房,N2,QOD & PRN,,1:3,1:2,1:2,1:2,1:2,1:5 以上,混合制,500,無,無,1200,否,2-3 小時,40-45,一律給,否,否,不一定／依個人進度,強制要求、無加給,CVVH、IABP,6,11,108,45,16,托兒補助,2,普通,1,常被臨時調班,allow,,allow,,,
2025-11-11 09:35,高雄市,醫學中心,高雄榮民總醫院,外科加護病房,副護理長,QD & PRN,QOD & PRN,1:3,1:2,1:3,1:3,1:2,1:4,三班制,無,250,1200,1200,否,2-3 小時,50-55,合理範圍給,不清楚,否,6 個月以上,,,6,11,125,53,19,,3,難以升遷,2,門診作息穩定,allow,,,,,
2025-11-11,台北市,地區醫院,秀傳醫院,加護中心,N1,QD & PRN,,1:4,1:2,1:4,1:4,1:4,1:4,兩班制,300,500,600,無,否,4 小時,55-60,主管判斷,是,,,,,3,7,64,30,10,,3,普通,2,工時長到爆,allow,,,,,
2025-11-11,台東縣,區域醫院,台灣基督長老教會馬偕醫療財團法人台東馬偕紀念醫院,心臟外科加護病房 (CVICU),N3,QOD & PRN,QOD & PRN,1:3,1:2,1:3,1:4,1:2,1:4,三班制,500,300,1200,1200,否,2-3 小時,40-45,一律給,否,,1-3 個月,強制要求、有加給,IABP、ECMO,6,7,95,40,14,員工健檢自費項目補助,3,機會多,3,訓練體系完整,allow,,allow,,,
2025-11-11,新北市,醫學中心,佛教慈濟醫療財團法人台北慈濟醫院,心臟外科加護病房 (CVICU),N3,QD & PRN,QOD & PRN,1:3,1:3,1:2,1:4,1:3,1:4,三班制,無,無,400,500,否,1-2 小時,50-55,一律給,否,,1-3 個月,自願參加、有加給,CVVH、IABP、ECMO,8,10,108,45,16,宿舍（單人房）,4,普通,4,主管支持度高,allow,,allow,,,
2025-11-10,花蓮縣,醫學中心,佛教慈濟醫療財團法人花蓮慈濟醫院,燒燙傷加護病房,N1,,QOD & PRN,1:2,1:3,1:2,1:3,1:5 以上,1:4,兩班制,400,400,1200,600,是,1-2 小時,40-45,合理範圍給,不清楚,無 ICU Training,1-3 個月,,,3,9,108,45,16,醫療費用員工優惠,4,機會多,3,可學到很多技術,allow,,allow,,,
2025-11-10,台中市,醫學中心,中山醫學大學附設醫院,外科加護病房,N3,QOD & PRN,,1:4,1:3,1:3,1:3,1:2,1:4,兩班制,250,無,無,600,否,4 小時,55-60,一律不給,,無 ICU Training,不一定／依個人進度,,CVVH、IABP、ECMO,1,5,108,45,16,員工餐廳伙食補助,2,難以升遷,1,加班沒給,allow,,allow,,,
2025-11-10,台北市,醫學中心,長庚醫療財團法人台北長庚紀念醫院,心臟外科加護病房 (CVICU),護理長,,QOD & PRN,1:2,1:3,1:4,1:3,1:3,1:4,三班制,600,400,600,1000,是,,45-50,一律給,是,,6 個月以上,無此制度,CVVH、IABP、ECMO,6,8,140,59,21,年度自強活動,4,機會多,4,兒科氣氛溫暖,allow,,allow,,,
2025-11-09 21:15,彰化縣,醫學中心,彰化基督教醫療財團法人彰化基督教兒童醫院,MICU,N0,,QOD & PRN,1:1,1:2,1:3,1:3,1:5 以上,1:4,三班制,600,600,600,1000,是,1 小時內,35-40,一律給,否,是,3-6 個月,,CVVH,1,7,91,38,14,員工餐廳伙食補助,3,機會多,3,兒科氣氛溫暖,allow,,allow,,,
2025-11-09 20:23,台中市,醫學中心,中國醫藥大學附設醫院,神經外科加護病房 (NSICU),N2,QOD & PRN,,1:3,1:2,1:2,1:3,1:5 以上,1:4,兩班制,600,600,400,無,否,,40-45,合理範圍給,不清楚,,,無此制度,CVVH、IABP,4,8,108,45,16,醫療費用員工優惠,4,普通,4,主管支持度高,allow,,allow,,,
2025-11-09 09:52,台北市,醫學中心,臺北市立萬芳醫院-委託臺北醫學大學辦理,心臟內科加護病房 (CCU),N1,QOD & PRN,QD & PRN,1:3,1:2,1:3,1:4,1:3,1:4,三班制,250,無,800,600,是,1 小時內,40-45,主管判斷,不清楚,,不一定／依個人進度,強制要求、有加給,,4,8,104,44,16,宿舍（單人房）,4,機會多,3,主管管太細,allow,,allow,,,
2025-11-09,新北市,醫學中心,醫療財團法人徐元智先生醫藥基金會亞東紀念醫院,心臟內科加護病房 (CCU),護理長,QOD & PRN,,1:2,1:2,1:3,1:2,1:4,1:4,三班制,200,200,500,無,是,1-2 小時,40-45,一律給,,是,1-3 個月,強制要求、無加給,CVVH、IABP,7,8,138,58,21,醫療費用員工優惠,3,難以升遷,2,夜班暴力事件多,allow,,allow,,,
2025-11-09,高雄市,區域醫院,阮綜合醫療社團法人阮綜合醫院,MICU,N1,QOD & PRN,QD & PRN,1:1,1:2,1:2,1:2,1:2,1:4,三班制,250,400,500,1000,否,2-3 小時,45-50,一律給,,否,,強制要求、有加給,,6,8,80,34,12,醫療費用員工優惠,4,機會多,4,同事關係好,allow,,allow,,,
2025-11-09,高雄市,醫學中心,長庚醫療財團法人高雄長庚紀念醫院,MICU,N1,QOD & PRN,,1:2,1:3,1:2,1:3,1:4,1:5 以上,混合制,200,500,500,1200,是,無,35-40,合理範圍給,,,,無此制度,CVVH、IABP,6,8,96,40,14,員工餐廳伙食補助,4,機會多,4,主管支持度高,allow,,allow,,,
2025-11-08 15:01,高雄市,醫學中心,財團法人私立高雄醫學大學附設中和紀念醫院,心臟外科加護病房 (CVICU),N1,,,1:1,1:2,1:3,1:3,1:2,1:3,三班制,250,600,無,500,否,2-3 小時,50-55,主管判斷,不清楚,,1-3 個月,自願參加、無加給,IABP、ECMO,8,11,106,45,16,員工餐廳伙食補助,4,機會多,3,工時長但待遇可,allow,,allow,,,
2025-11-08 12:21,新北市,區域醫院,衛生福利部臺北醫院,綜合加護病房,N3,QOD & PRN,QD & PRN,1:3,1:2,1:3,1:2,1:4,1:5 以上,混合制,250,200,400,400,否,1 小時內,50-55,主管判斷,,,1 個月以內,強制要求、有加給,CVVH、IABP、ECMO,7,10,104,44,16,,4,普通,4,,,,,,,
2025-11-08,台南市,區域醫院,台灣基督長老教會新樓醫療財團法人台南新樓醫院,加護中心,N1,QD & PRN,QD & PRN,1:3,1:2,1:4,1:2,1:2,1:3,三班制,200,無,1200,1000,是,1-2 小時,45-50,一律給,是,否,不一定／依個人進度,,CVVH、IABP,3,3,90,38,14,員工旅遊補助,3,普通,3,主管支持度高,allow,,allow,,,
2025-11-08,高雄市,地區醫院,新上琳醫院,神經內科加護病房,護理長,,QD & PRN,1:2,1:3,1:3,1:3,1:5 以上,1:4,其他,600,600,無,800,否,,45-50,主管判斷,否,是,不一定／依個人進度,自願參加、無加給,CVVH、IABP、ECMO,1,6,103,43,15,員工餐廳伙食補助,4,機會多,3,,,,allow,,,
2025-11-07 19:39,高雄市,地區醫院,劉嘉修醫院,神經內科加護病房,N1,QD & PRN,QD & PRN,1:3,1:2,1:2,1:4,1:5 以上,1:3,混合制,500,600,800,500,否,1-2 小時,40-45,合理範圍給,否,無 ICU Training,,,,3,9,65,30,10,員工餐廳伙食補助,5,機會多,4,,,,allow,,,
2025-11-07 16:20,台南市,區域醫院,台南市立醫院(委託秀傳醫療社團法人經營),神經外科加護病房 (NSICU),N1,QD & PRN,,1:3,1:2,1:3,1:3,1:2,1:5 以上,兩班制,200,200,600,1200,否,2-3 小時,45-50,主管判斷,否,否,3-6 個月,自願參加、無加給,,8,13,78,33,12,員工餐廳伙食補助,3,普通,3,排班相對人性化,allow,,allow,,,
2025-11-07 07:37,台中市,區域醫院,童綜合醫療社團法人童綜合醫院及其沙鹿院區,MICU,N2,,,1:4,1:2,1:4,1:4,1:5 以上,1:5 以上,三班制,600,300,500,無,否,,60+,一律不給,,,1-3 個月,自願參加、無加給,IABP,6,7,98,41,15,,3,普通,2,人力嚴重不足,allow,,,,,
2025-11-07,高雄市,區域醫院,國軍高雄總醫院附設民眾診療服務處,呼吸加護病房 (RICU),N0,,QOD & PRN,1:4,1:2,1:3,1:4,1:4,1:4,兩班制,300,500,無,600,是,,50-55,合理範圍給,,無 ICU Training,不一定／依個人進度,自願參加、無加給,IABP、ECMO,6,6,79,33,12,進修學分補助、國外研討會補助,4,普通,3,排班相對人性化,allow,,allow,,,
2025-11-07,新北市,區域醫院,衛生福利部臺北醫院,新生兒加護病房 (NICU),N1,QOD & PRN,QOD & PRN,1:2,1:2,1:4,1:4,1:4,1:3,三班制,500,300,400,500,否,4 小時,35-40,主管判斷,是,是,1 個月以內,自願參加、無加給,IABP、ECMO,7,7,90,38,14,員工旅遊補助,5,機會多,4,專科很強值得待,allow,,allow,,,
2025-11-07,台中市,區域醫院,光田醫療社團法人光田綜合醫院及其大甲院區,新生兒加護病房 (NICU),N3,QOD & PRN,QD & PRN,1:3,1:3,1:2,1:3,1:3,1:3,其他,500,500,500,500,否,無,50-55,合理範圍給,否,是,3-6 個月,強制要求、無加給,CVVH、IABP、ECMO,3,9,101,42,15,醫療費用員工優惠,4,普通,4,主管支持度高,allow,,allow,,,
2025-11-06 16:09,台北市,醫學中心,臺北榮民總醫院,MICU,N1,QOD & PRN,,1:1,1:3,1:3,1:2,1:2,1:3,三班制,500,無,600,1000,否,,50-55,一律給,,無 ICU Training,1 個月以內,自願參加、無加給,CVVH、IABP、ECMO,3,7,99,42,15,員工旅遊補助,3,難以升遷,2,加班頻率可接受,allow,,allow,,,
2025-11-06,高雄市,醫學中心,財團法人私立高雄醫學大學附設中和紀念醫院,神經內科加護病房,N1,,QD & PRN,1:2,1:3,1:2,1:3,1:4,1:4,三班制,無,300,600,600,是,1-2 小時,45-50,一律給,否,,6 個月以上,自願參加、無加給,ECMO,8,10,108,45,16,年度自強活動,5,機會多,4,,,,allow,,,
2025-11-06,桃園市,地區醫院,龍潭敏盛醫院,綜合加護病房,N2,,,1:2,1:4,1:3,1:3,1:3,1:3,三班制,無,400,600,600,是,,40-45,主管判斷,,否,6 個月以上,自願參加、有加給,,1,4,79,33,12,,3,難以升遷,2,leader 形同虛設,allow,,,,,
2025-11-06,基隆市,區域醫院,衛生福利部基隆醫院,MICU,副護理長,,,1:2,1:2,1:3,1:2,1:2,1:4,三班制,500,400,500,1000,否,4 小時,55-60,一律不給,不清楚,,,自願參加、無加給,,8,12,104,44,16,,3,難以升遷,2,,,,,,,
2025-11-05 16:58,新北市,醫學中心,台灣基督長老教會馬偕醫療財團法人淡水馬偕紀念醫院,心臟內科加護病房 (CCU),N3,QD & PRN,,1:2,1:4,1:3,1:3,1:3,1:3,三班制,400,300,800,400,否,,55-60,一律不給,不清楚,是,,自願參加、有加給,IABP、ECMO,7,9,108,45,16,,3,機會多,3,中部醫院 case 量適中,allow,,,,,
2025-11-05 11:57,新北市,地區醫院,板橋國泰醫院,神經外科加護病房 (NSICU),N4,QOD & PRN,,1:3,1:2,1:3,1:4,1:5 以上,1:4,兩班制,400,250,800,無,否,,60+,一律不給,否,無 ICU Training,,強制要求、無加給,,1,7,94,39,14,,4,普通,3,訓練體系完整,allow,,,,,
2025-11-05 08:26,花蓮縣,地區醫院,衛生福利部玉里醫院,外科加護病房,N3,QD & PRN,QOD & PRN,1:3,1:4,1:3,1:4,1:2,1:4,兩班制,300,400,600,800,否,,40-45,合理範圍給,否,,,強制要求、有加給,CVVH、IABP、ECMO,2,7,86,36,13,,3,機會多,3,夜班輪轉公平,allow,,,,,
2025-11-05,新北市,區域醫院,天主教耕莘醫療財團法人耕莘醫院,心臟內科加護病房 (CCU),N1,,,1:4,1:3,1:4,1:2,1:4,1:5 以上,三班制,600,200,800,無,否,,60+,主管判斷,是,否,6 個月以上,,IABP、ECMO,8,9,81,34,12,,3,普通,3,安寧團隊互相 support,allow,,,,,
2025-11-05,高雄市,醫學中心,財團法人私立高雄醫學大學附設中和紀念醫院,心臟內科加護病房 (CCU),N3,QOD & PRN,QOD & PRN,1:2,1:4,1:3,1:4,1:3,1:4,三班制,500,300,600,800,否,,45-50,主管判斷,,是,1-3 個月,自願參加、有加給,IABP,7,9,118,50,18,員工健檢自費項目補助,3,普通,2,主管偏心嚴重,allow,,allow,,,
2025-11-05,彰化縣,醫學中心,彰化基督教醫療財團法人彰化基督教兒童醫院,外科加護病房,N0,,QOD & PRN,1:4,1:4,1:3,1:3,1:4,1:5 以上,其他,600,600,400,500,否,1 小時內,45-50,合理範圍給,,,,,CVVH,8,13,93,39,14,員工餐廳伙食補助,3,普通,2,訓練體系完整,allow,,allow,,,
2025-11-05,台北市,區域醫院,臺北市立聯合醫院忠孝院區,心臟外科加護病房 (CVICU),N2,QOD & PRN,QOD & PRN,1:4,1:3,1:3,1:3,1:4,1:3,混合制,250,600,1200,600,否,2-3 小時,50-55,合理範圍給,,,無 ICU Training,自願參加、無加給,IABP、ECMO,5,8,90,38,14,,4,普通,4,主管支持度高,allow,,,,,
2025-11-05,新北市,醫學中心,佛教慈濟醫療財團法人台北慈濟醫院,神經外科加護病房 (NSICU),N1,QD & PRN,QD & PRN,1:2,1:2,1:2,1:3,1:4,1:4,三班制,無,200,600,800,是,無,45-50,主管判斷,是,,無 ICU Training,強制要求、無加給,CVVH、IABP、ECMO,5,11,92,39,14,,4,機會多,4,兒科氣氛溫暖,allow,,,,,
2025-11-04 07:06,台中市,區域醫院,林新醫療社團法人林新醫院,燒燙傷加護病房,N3,QOD & PRN,QD & PRN,1:4,1:2,1:3,1:3,1:3,1:5 以上,其他,200,250,400,無,是,4 小時,50-55,合理範圍給,是,是,不一定／依個人進度,自願參加、無加給,CVVH、ECMO,1,3,94,39,14,,3,難以升遷,2,主管管太細,allow,,,,,
2025-11-04,花蓮縣,地區醫院,衛生福利部玉里醫院,心臟外科加護病房 (CVICU),N2,QD & PRN,,1:2,1:3,1:2,1:2,1:3,1:3,三班制,600,600,1200,1200,否,,55-60,一律不給,不清楚,,1-3 個月,自願參加、無加給,CVVH、IABP、ECMO,7,9,80,34,12,,3,難以升遷,2,,,,,,,
2025-11-04,台中市,醫學中心,中山醫學大學附設醫院,MICU,N1,QD & PRN,,1:2,1:3,1:2,1:3,1:4,1:3,三班制,500,無,1000,1000,否,,40-45,主管判斷,,,,,IABP,5,10,92,39,14,醫療費用員工優惠,4,普通,4,,,,allow,,,
2025-11-04,台中市,區域醫院,澄清綜合醫院中港分院,兒童加護病房 (PICU),N4,,QOD & PRN,1:2,1:3,1:2,1:3,1:3,1:3,混合制,200,300,無,500,否,,50-55,合理範圍給,是,無 ICU Training,1-3 個月,無此制度,CVVH,3,7,113,47,17,年度自強活動,3,普通,2,常被臨時調班,allow,,allow,,,
2025-11-04,花蓮縣,醫學中心,佛教慈濟醫療財團法人花蓮慈濟醫院,心臟內科加護病房 (CCU),副護理長,QOD & PRN,QD & PRN,1:2,1:2,1:2,1:3,1:2,1:3,混合制,250,400,500,1200,是,,40-45,合理範圍給,否,否,不一定／依個人進度,,CVVH、IABP,5,8,128,54,19,,3,機會多,3,,,,,,,
2025-11-03 20:39,台北市,醫學中心,國泰醫療財團法人國泰綜合醫院,綜合加護病房,N4,QOD & PRN,,1:1,1:4,1:4,1:2,1:4,1:5 以上,三班制,200,500,400,1200,否,,55-60,一律不給,不清楚,是,1 個月以內,強制要求、有加給,,8,8,132,55,20,,4,普通,3,可學到很多技術,allow,,,,,
2025-11-03 17:41,台中市,區域醫院,仁愛醫療財團法人大里仁愛醫院,加護中心,N2,QOD & PRN,,1:3,1:2,1:3,1:3,1:3,1:3,兩班制,無,300,無,1000,否,1-2 小時,40-45,合理範圍給,否,是,無 ICU Training,,IABP、ECMO,7,11,96,40,14,員工餐廳伙食補助,4,機會多,3,加班頻率可接受,allow,,allow,,,
2025-11-03 13:36,高雄市,醫學中心,長庚醫療財團法人高雄長庚紀念醫院,內科加護病房,N1,QD & PRN,QD & PRN,1:2,1:4,1:3,1:3,1:4,1:3,兩班制,300,300,無,800,是,,40-45,合理範圍給,否,否,,,,8,8,107,45,16,,4,機會多,3,案件量大但有規矩,allow,,,,,
2025-11-03,台南市,區域醫院,台灣基督長老教會新樓醫療財團法人台南新樓醫院,兒童加護病房 (PICU),N1,QD & PRN,QOD & PRN,1:4,1:2,1:3,1:2,1:3,1:3,兩班制,250,200,1000,800,是,1-2 小時,45-50,一律給,否,否,,,CVVH、IABP,2,8,93,39,14,,4,機會多,4,資深領班受重視,allow,,,,,
2025-11-03,台中市,區域醫院,衛生福利部豐原醫院,MICU,N2,QD & PRN,QOD & PRN,1:3,1:3,1:3,1:3,1:3,1:3,兩班制,600,300,無,800,是,無,40-45,一律給,,是,,無此制度,ECMO,2,2,86,36,13,醫療費用員工優惠,3,機會多,3,專科很強值得待,allow,,allow,,,
2025-11-03,台北市,醫學中心,台灣基督長老教會馬偕醫療財團法人馬偕紀念醫院,內科加護病房,N3,QOD & PRN,,1:3,1:3,1:3,1:2,1:2,1:4,混合制,無,500,1000,400,是,4 小時,55-60,主管判斷,,,6 個月以上,自願參加、無加給,IABP、ECMO,4,10,115,48,17,,3,難以升遷,1,常被臨時調班,allow,,,,,
2025-11-03,南投縣,區域醫院,衛生福利部南投醫院及其中興院區,外科加護病房,N1,,QD & PRN,1:2,1:3,1:2,1:4,1:3,1:3,三班制,200,600,400,無,是,1 小時內,35-40,合理範圍給,,無 ICU Training,,強制要求、無加給,CVVH、IABP、ECMO,8,13,91,38,14,托兒補助,4,機會多,4,aaaaaaa 測試測試 123456,block,亂填或無關,allow,,,
2025-11-03,台中市,醫學中心,臺中榮民總醫院,燒燙傷加護病房,N1,,QOD & PRN,1:2,1:2,1:3,1:3,1:4,1:3,兩班制,600,600,1200,1000,是,,40-45,合理範圍給,不清楚,,,,CVVH、IABP,7,7,108,45,16,醫療費用員工優惠,4,普通,3,團隊互助強,allow,,allow,,,
2025-11-03,台北市,醫學中心,國立台灣大學醫學院附設醫院,SICU,N3,,QOD & PRN,1:3,1:4,1:3,1:2,1:5 以上,1:3,三班制,600,300,1000,無,是,4 小時,40-45,合理範圍給,否,是,1-3 個月,無此制度,,6,11,112,47,17,生日禮金、三節禮券,4,機會多,3,兒科氣氛溫暖,allow,,allow,,,
2025-11-02 18:09,台東縣,區域醫院,台灣基督長老教會馬偕醫療財團法人台東馬偕紀念醫院,神經外科加護病房 (NSICU),N3,QOD & PRN,QOD & PRN,1:2,1:2,1:3,1:3,1:2,1:4,混合制,500,600,800,1200,是,1 小時內,40-45,一律給,否,是,1 個月以內,強制要求、有加給,,2,7,96,40,14,,4,機會多,3,,,,,,,
2025-11-02 16:15,苗栗縣,區域醫院,為恭醫療財團法人為恭紀念醫院及其東興院區,燒燙傷加護病房,N3,,QOD & PRN,1:2,1:3,1:2,1:3,1:3,1:5 以上,混合制,400,400,1000,500,是,1-2 小時,60+,一律不給,不清楚,是,,自願參加、無加給,CVVH、IABP、ECMO,3,3,101,42,15,托兒補助,3,普通,2,專科氣氛 OK,allow,,allow,,,
2025-11-02 13:02,台北市,醫學中心,台灣基督長老教會馬偕醫療財團法人馬偕紀念醫院,綜合加護病房,N1,QOD & PRN,,1:2,1:2,1:3,1:3,1:4,1:4,三班制,無,250,1200,1200,否,2-3 小時,50-55,合理範圍給,否,,3-6 個月,,,1,1,102,43,15,進修學分補助、國外研討會補助,4,普通,4,排班相對人性化,allow,,allow,,,
2025-11-02,台中市,地區醫院,台新醫院,呼吸加護病房 (RICU),N1,,QD & PRN,1:2,1:3,1:4,1:4,1:5 以上,1:4,混合制,500,400,800,400,是,,45-50,合理範圍給,否,,6 個月以上,自願參加、無加給,CVVH、IABP、ECMO,7,7,67,30,10,員工健檢自費項目補助,3,難以升遷,2,主管常 stand-by 不夠,allow,,allow,,,
2025-11-02,台北市,區域醫院,三軍總醫院松山分院附設民眾診療服務處,兒童加護病房 (PICU),N2,QD & PRN,QD & PRN,1:1,1:2,1:2,1:4,1:3,1:5 以上,兩班制,250,無,無,無,否,1 小時內,60+,一律不給,,否,,無此制度,ECMO,5,11,95,40,14,,3,機會多,3,訓練體系完整,allow,,,,,
2025-11-02,新北市,區域醫院,行天宮醫療志業醫療財團法人恩主公醫院,綜合加護病房,護理長,,QD & PRN,1:2,1:3,1:4,1:3,1:4,1:4,三班制,400,400,無,1000,是,,45-50,一律給,不清楚,是,無 ICU Training,,,4,9,126,53,19,員工餐廳伙食補助,3,難以升遷,2,主管常 stand-by 不夠,allow,,allow,,,
2025-11-02,桃園市,醫學中心,長庚醫療財團法人林口長庚紀念醫院,燒燙傷加護病房,N3,QD & PRN,,1:3,1:3,1:2,1:4,1:2,1:4,兩班制,250,200,400,500,否,1-2 小時,50-55,主管判斷,不清楚,無 ICU Training,3-6 個月,強制要求、無加給,,1,1,114,48,17,,4,機會多,4,,,,,,,
2025-11-02,新北市,地區醫院,全民醫院,MICU,N1,QD & PRN,QD & PRN,1:2,1:4,1:2,1:4,1:5 以上,1:4,混合制,無,300,無,600,否,2-3 小時,45-50,一律給,,是,3-6 個月,自願參加、有加給,CVVH、IABP、ECMO,8,12,68,30,10,,3,普通,2,常被臨時調班,allow,,,,,
2025-11-01 21:15,新竹市,區域醫院,新竹市立馬偕兒童醫院(委託台灣基督長老教會馬偕醫療財團法人興建經營),MICU,N3,,QOD & PRN,1:2,1:3,1:3,1:2,1:4,1:3,三班制,無,無,400,400,是,,45-50,合理範圍給,,,3-6 個月,強制要求、有加給,CVVH,7,7,93,39,14,生日禮金、三節禮券,4,機會多,4,安寧團隊互相 support,allow,,allow,,,
2025-11-01 08:30,台北市,醫學中心,長庚醫療財團法人台北長庚紀念醫院,神經內科加護病房,N0,,QOD & PRN,1:3,1:3,1:3,1:3,1:5 以上,1:3,三班制,200,無,400,600,是,,45-50,主管判斷,,否,3-6 個月,,CVVH、IABP、ECMO,6,10,89,37,13,,4,普通,4,專科很強值得待,allow,,,,,
2025-11-01 08:17,新北市,區域醫院,衛生福利部臺北醫院,綜合加護病房,副護理長,QD & PRN,QOD & PRN,1:3,1:2,1:3,1:4,1:5 以上,1:3,三班制,400,250,800,800,否,1 小時內,40-45,主管判斷,不清楚,,6 個月以上,強制要求、有加給,,6,8,104,44,16,員工健檢自費項目補助,4,機會多,4,主管支持度高,allow,,allow,,,
2025-11-01 07:53,新北市,地區醫院,仁愛醫院,綜合加護病房,N1,,QOD & PRN,1:2,1:4,1:4,1:2,1:5 以上,1:4,三班制,200,無,600,500,是,4 小時,45-50,一律給,不清楚,無 ICU Training,3-6 個月,,CVVH、IABP、ECMO,1,2,65,30,10,,4,機會多,3,專科氣氛 OK,allow,,,,,
2025-11-01,屏東縣,地區醫院,衛生福利部恆春旅遊醫院,神經內科加護病房,N2,QD & PRN,QD & PRN,1:1,1:2,1:2,1:3,1:3,1:4,三班制,200,200,600,1200,否,1 小時內,50-55,合理範圍給,,否,1-3 個月,自願參加、無加給,CVVH、IABP、ECMO,8,14,69,30,10,員工餐廳伙食補助,4,機會多,4,訓練體系完整,allow,,allow,,,
2025-10-31 23:35,台北市,區域醫院,三軍總醫院松山分院附設民眾診療服務處,神經外科加護病房 (NSICU),副護理長,,QD & PRN,1:3,1:3,1:2,1:3,1:3,1:4,三班制,200,250,600,無,是,4 小時,40-45,一律給,是,是,,,,1,3,113,47,17,,4,普通,3,人力穩定但行政會議多,allow,,,,,
2025-10-31 21:11,新北市,醫學中心,衛生福利部雙和醫院(委託臺北醫學大學興建經營),呼吸加護病房 (RICU),副護理長,,QD & PRN,1:4,1:2,1:3,1:2,1:5 以上,1:3,兩班制,300,250,1000,500,否,4 小時,60+,一律不給,是,無 ICU Training,不一定／依個人進度,無此制度,,2,7,128,54,19,,3,普通,2,被當打雜,allow,,,,,
2025-10-31 21:10,高雄市,區域醫院,國軍高雄總醫院附設民眾診療服務處,神經外科加護病房 (NSICU),N1,QD & PRN,QD & PRN,1:2,1:3,1:2,1:2,1:3,1:4,混合制,600,無,800,500,否,1 小時內,55-60,一律不給,否,是,不一定／依個人進度,,,8,14,85,36,13,員工旅遊補助,3,難以升遷,1,主管常 stand-by 不夠,allow,,allow,,,
2025-10-31 19:37,台北市,醫學中心,三軍總醫院附設民眾診療服務處及其汀州院區,心臟內科加護病房 (CCU),N1,,,1:3,1:2,1:2,1:4,1:4,1:4,三班制,400,600,400,1000,否,,45-50,主管判斷,否,否,,,,6,8,103,43,15,醫療費用員工優惠,4,機會多,4,排班相對人性化,allow,,allow,,,
2025-10-31 14:56,台南市,醫學中心,奇美醫療財團法人奇美醫院及其樹林院區,呼吸加護病房 (RICU),副護理長,,QOD & PRN,1:4,1:3,1:2,1:3,1:2,1:4,三班制,600,400,800,1200,否,,35-40,合理範圍給,不清楚,是,3-6 個月,無此制度,,3,6,129,54,19,醫療費用員工優惠,4,機會多,3,新人訓練紮實,allow,,allow,,,
2025-10-31 09:33,台中市,醫學中心,中山醫學大學附設醫院,MICU,N2,QD & PRN,,1:2,1:3,1:2,1:3,1:5 以上,1:3,兩班制,無,無,無,600,是,,45-50,主管判斷,是,否,6 個月以上,無此制度,IABP,2,5,110,46,17,員工健檢自費項目補助,4,普通,3,訓練體系完整,allow,,allow,,,
2025-10-31,桃園市,醫學中心,長庚醫療財團法人林口長庚紀念醫院,呼吸加護病房 (RICU),N3,QOD & PRN,QD & PRN,1:2,1:3,1:2,1:2,1:4,1:4,混合制,500,無,800,600,是,1 小時內,55-60,一律不給,,,,無此制度,CVVH、IABP、ECMO,4,8,121,51,18,年度自強活動,3,普通,2,,,,allow,,,
2025-10-31,台中市,醫學中心,中山醫學大學附設醫院,加護中心,N3,QOD & PRN,,1:2,1:3,1:4,1:3,1:2,1:5 以上,三班制,600,500,1200,1000,否,1 小時內,50-55,一律給,是,,,強制要求、無加給,CVVH,3,4,113,47,17,醫療費用員工優惠,4,機會多,4,氣氛輕鬆,allow,,allow,,,
2025-10-31,桃園市,區域醫院,衛生福利部桃園醫院,燒燙傷加護病房,N2,QOD & PRN,QOD & PRN,1:4,1:4,1:3,1:4,1:5 以上,1:4,三班制,200,400,1000,400,是,無,45-50,合理範圍給,是,,6 個月以上,自願參加、無加給,,1,6,82,34,12,生日禮金、三節禮券,5,機會多,5,薪資與制度都優,allow,,allow,,,
2025-10-30 21:45,彰化縣,地區醫院,道周醫療社團法人道周醫院,心臟內科加護病房 (CCU),N1,QD & PRN,QOD & PRN,1:3,1:3,1:2,1:2,1:3,1:3,混合制,600,無,600,400,是,1 小時內,40-45,主管判斷,是,否,不一定／依個人進度,無此制度,CVVH、IABP,8,12,63,30,9,員工健檢自費項目補助,3,普通,2,專科氣氛 OK,allow,,allow,,,
2025-10-30 15:47,台中市,區域醫院,佛教慈濟醫療財團法人台中慈濟醫院,新生兒加護病房 (NICU),副護理長,,QD & PRN,1:4,1:2,1:3,1:3,1:4,1:4,三班制,無,200,無,1200,否,2-3 小時,45-50,合理範圍給,,是,3-6 個月,強制要求、無加給,,2,2,115,48,17,,3,難以升遷,2,,,,,,,
2025-10-30 10:00,台北市,區域醫院,臺北市立聯合醫院陽明院區,心臟內科加護病房 (CCU),N4,,QD & PRN,1:2,1:3,1:3,1:2,1:4,1:5 以上,混合制,400,無,600,1200,是,2-3 小時,50-55,一律給,,否,3-6 個月,自願參加、無加給,CVVH,2,8,121,51,18,年度自強活動,3,難以升遷,2,人力嚴重不足,allow,,allow,,,
2025-10-30 08:50,台中市,地區醫院,新太平澄清醫院,外科加護病房,N0,QOD & PRN,QOD & PRN,1:2,1:3,1:3,1:4,1:2,1:4,三班制,無,300,無,1000,是,2-3 小時,40-45,合理範圍給,,否,,自願參加、有加給,CVVH、IABP、ECMO,4,10,73,31,11,,4,機會多,4,aaaaaaa 測試測試 123456,block,亂填或無關,,,,
2025-10-30,新北市,醫學中心,醫療財團法人徐元智先生醫藥基金會亞東紀念醫院,內科加護病房,N3,QD & PRN,QOD & PRN,1:2,1:2,1:3,1:2,1:2,1:4,三班制,250,300,500,無,是,,40-45,合理範圍給,,是,,,,1,5,117,49,18,,4,機會多,4,資深領班受重視,allow,,,,,
2025-10-30,台中市,醫學中心,臺中榮民總醫院,新生兒加護病房 (NICU),N4,QOD & PRN,QOD & PRN,1:3,1:2,1:4,1:3,1:5 以上,1:4,三班制,300,300,800,1200,否,無,40-45,主管判斷,否,是,3-6 個月,無此制度,CVVH、IABP,8,14,123,52,18,,3,難以升遷,2,夜班輪轉公平,allow,,,,,
2025-10-30,屏東縣,區域醫院,輔英科技大學附設醫院,兒童加護病房 (PICU),N1,QD & PRN,,1:2,1:3,1:2,1:2,1:5 以上,1:3,混合制,250,600,500,500,否,無,40-45,主管判斷,不清楚,無 ICU Training,不一定／依個人進度,,,1,1,91,38,14,生日禮金、三節禮券,4,機會多,3,排班相對人性化,allow,,allow,,,
2025-10-30,台中市,區域醫院,澄清綜合醫院中港分院,MICU,N2,QD & PRN,,1:4,1:2,1:2,1:4,1:3,1:4,三班制,400,無,400,500,是,無,40-45,合理範圍給,,否,1-3 個月,自願參加、有加給,,2,3,95,40,14,,4,普通,4,可學到很多技術,allow,,,,,
2025-10-29 17:17,台北市,醫學中心,三軍總醫院附設民眾診療服務處及其汀州院區,新生兒加護病房 (NICU),N1,,QD & PRN,1:3,1:3,1:3,1:2,1:3,1:4,混合制,400,300,600,無,否,無,55-60,一律不給,,否,,自願參加、無加給,CVVH、IABP,4,5,102,43,15,員工旅遊補助,3,機會多,3,主管管太細,allow,,allow,,,
2025-10-29,高雄市,地區醫院,建佑醫院,神經外科加護病房 (NSICU),N1,QOD & PRN,QD & PRN,1:4,1:2,1:3,1:2,1:5 以上,1:3,三班制,400,200,600,1000,否,1 小時內,45-50,合理範圍給,是,,1 個月以內,無此制度,,2,5,72,30,11,員工旅遊補助,5,機會多,4,資深領班受重視,allow,,allow,,,
2025-10-29,台北市,區域醫院,臺北市立聯合醫院中興院區,外科加護病房,N3,QD & PRN,QD & PRN,1:2,1:3,1:3,1:4,1:4,1:5 以上,其他,500,600,500,無,是,,40-45,一律給,是,無 ICU Training,3-6 個月,自願參加、無加給,,3,7,99,42,15,,4,機會多,4,訓練體系完整,allow,,,,,
2025-10-29,新北市,醫學中心,醫療財團法人徐元智先生醫藥基金會亞東紀念醫院,外科加護病房,N1,QD & PRN,,1:3,1:3,1:2,1:3,1:4,1:5 以上,兩班制,200,300,500,400,否,,45-50,主管判斷,否,無 ICU Training,1 個月以內,,IABP、ECMO,8,9,96,40,14,,3,難以升遷,2,訓練體系完整,allow,,,,,
2025-10-29,新北市,醫學中心,佛教慈濟醫療財團法人台北慈濟醫院,神經外科加護病房 (NSICU),N2,QOD & PRN,,1:4,1:3,1:3,1:3,1:3,1:4,兩班制,400,250,無,無,否,1-2 小時,35-40,主管判斷,否,無 ICU Training,1-3 個月,,CVVH、IABP、ECMO,7,11,111,47,17,年度自強活動,5,機會多,4,專科很強值得待,allow,,allow,,,
2025-10-29,新竹縣,地區醫院,中國醫藥大學新竹附設醫院,心臟內科加護病房 (CCU),護理長,QD & PRN,,1:2,1:4,1:4,1:2,1:3,1:5 以上,兩班制,400,300,400,無,是,無,45-50,主管判斷,,是,,,,5,6,99,42,15,醫療費用員工優惠,4,機會多,4,資深領班受重視,allow,,allow,,,
2025-10-29,高雄市,區域醫院,衛生福利部旗山醫院,神經外科加護病房 (NSICU),N2,QD & PRN,,1:3,1:4,1:3,1:2,1:3,1:3,三班制,600,600,400,1200,是,,55-60,主管判斷,,,,強制要求、無加給,ECMO,3,4,87,37,13,員工健檢自費項目補助,3,普通,1,工時超長,allow,,allow,,,
2025-10-28 23:23,彰化縣,醫學中心,彰化基督教醫療財團法人彰化基督教醫院,加護中心,副護理長,QD & PRN,QOD & PRN,1:2,1:2,1:2,1:2,1:4,1:5 以上,三班制,500,無,1000,無,是,,50-55,一律給,是,是,不一定／依個人進度,,,5,8,133,56,20,生日禮金、三節禮券,4,機會多,4,氣氛輕鬆,allow,,allow,,,
2025-10-28 23:21,彰化縣,醫學中心,彰化基督教醫療財團法人彰化基督教兒童醫院,呼吸加護病房 (RICU),N4,QOD & PRN,,1:2,1:2,1:3,1:2,1:3,1:4,三班制,200,無,無,400,否,1 小時內,45-50,合理範圍給,,是,1 個月以內,強制要求、無加給,,4,10,135,57,20,進修學分補助、國外研討會補助,3,機會多,3,主管支持度高,allow,,allow,,,
2025-10-28 17:32,台北市,區域醫院,臺北市立聯合醫院中興院區,外科加護病房,N3,,QOD & PRN,1:4,1:4,1:2,1:2,1:2,1:5 以上,混合制,400,200,1200,600,否,無,45-50,一律給,,否,無 ICU Training,強制要求、無加給,CVVH、IABP、ECMO,5,9,100,42,15,,4,普通,4,訓練體系完整,allow,,,,,
2025-10-28 08:39,台北市,區域醫院,基督復臨安息日會醫療財團法人臺安醫院,內科加護病房,N1,QOD & PRN,QD & PRN,1:1,1:4,1:2,1:2,1:4,1:3,三班制,250,200,800,1000,否,4 小時,40-45,主管判斷,否,,1-3 個月,無此制度,,3,5,79,33,12,,3,機會多,3,,,,,,,
2025-10-28,嘉義縣,區域醫院,佛教慈濟醫療財團法人大林慈濟醫院,加護中心,N4,QD & PRN,,1:4,1:4,1:2,1:3,1:5 以上,1:3,兩班制,500,400,400,400,否,無,45-50,合理範圍給,是,否,,自願參加、有加給,,5,11,109,46,16,員工餐廳伙食補助,3,普通,2,,,,allow,,,
2025-10-28,桃園市,地區醫院,怡仁綜合醫院,SICU,N2,QOD & PRN,QOD & PRN,1:1,1:4,1:3,1:3,1:4,1:4,三班制,300,無,800,無,是,1 小時內,60+,主管判斷,不清楚,無 ICU Training,,強制要求、無加給,CVVH,1,3,73,31,11,員工餐廳伙食補助,3,難以升遷,2,新人訓練紮實,allow,,allow,,,
2025-10-28,雲林縣,區域醫院,中國醫藥大學北港附設醫院,神經內科加護病房,N1,QOD & PRN,,1:2,1:3,1:4,1:3,1:3,1:4,三班制,500,無,600,無,否,無,45-50,主管判斷,是,否,6 個月以上,,CVVH、IABP、ECMO,7,10,89,37,13,,4,普通,4,兒科氣氛溫暖,allow,,,,,
2025-10-27 15:08,新北市,區域醫院,輔仁大學學校財團法人輔仁大學附設醫院,心臟外科加護病房 (CVICU),N2,QD & PRN,QD & PRN,1:2,1:2,1:4,1:2,1:2,1:5 以上,混合制,無,無,500,無,是,4 小時,40-45,一律給,,否,1-3 個月,,,8,13,84,35,13,生日禮金、三節禮券,4,機會多,3,排班相對人性化,allow,,allow,,,
2025-10-27,嘉義縣,區域醫院,長庚醫療財團法人嘉義長庚紀念醫院,神經內科加護病房,N1,QD & PRN,,1:3,1:3,1:2,1:4,1:4,1:3,三班制,250,500,無,600,是,4 小時,50-55,一律給,否,,6 個月以上,無此制度,CVVH、IABP、ECMO,7,7,85,36,13,,4,機會多,4,訓練體系完整,allow,,,,,
2025-10-27,台中市,區域醫院,光田醫療社團法人光田綜合醫院及其大甲院區,燒燙傷加護病房,N2,QOD & PRN,QD & PRN,1:2,1:2,1:4,1:3,1:3,1:4,三班制,200,無,1200,無,是,2-3 小時,45-50,主管判斷,是,無 ICU Training,1 個月以內,自願參加、無加給,,1,1,85,36,13,,4,普通,4,兒科氣氛溫暖,allow,,,,,
2025-10-27,彰化縣,區域醫院,衛生福利部彰化醫院,燒燙傷加護病房,N3,QOD & PRN,QOD & PRN,1:3,1:2,1:4,1:2,1:4,1:3,混合制,300,200,400,1000,否,,45-50,合理範圍給,,,1 個月以內,,CVVH、IABP、ECMO,7,10,104,44,16,,3,難以升遷,2,,,,,,,
2025-10-27,台中市,區域醫院,仁愛醫療財團法人大里仁愛醫院,加護中心,N0,QOD & PRN,,1:3,1:2,1:3,1:4,1:2,1:4,混合制,無,600,1000,1200,否,1-2 小時,35-40,主管判斷,不清楚,是,,自願參加、無加給,CVVH,3,6,77,32,12,,3,普通,2,工時長但待遇可,allow,,,,,
2025-10-26 22:59,嘉義縣,區域醫院,長庚醫療財團法人嘉義長庚紀念醫院,SICU,N2,QD & PRN,,1:2,1:2,1:3,1:4,1:5 以上,1:4,兩班制,600,300,無,800,否,2-3 小時,40-45,合理範圍給,不清楚,否,3-6 個月,自願參加、有加給,ECMO,6,9,90,38,14,,3,難以升遷,2,,,,,,,
2025-10-26 19:38,彰化縣,醫學中心,彰化基督教醫療財團法人彰化基督教醫院,綜合加護病房,N2,,QD & PRN,1:2,1:2,1:2,1:4,1:3,1:5 以上,三班制,無,400,1200,無,是,4 小時,45-50,合理範圍給,是,無 ICU Training,無 ICU Training,自願參加、無加給,CVVH、IABP,3,6,107,45,16,進修學分補助、國外研討會補助,5,機會多,4,排班相對人性化,allow,,allow,,,
2025-10-26 14:06,桃園市,區域醫院,國軍桃園總醫院附設民眾診療服務處,MICU,N0,QD & PRN,QOD & PRN,1:3,1:2,1:3,1:3,1:5 以上,1:3,三班制,250,300,無,1000,否,,50-55,合理範圍給,否,否,6 個月以上,自願參加、有加給,CVVH、IABP、ECMO,6,10,76,32,11,,4,普通,3,兒科氣氛溫暖,allow,,,,,
2025-10-26 07:42,台北市,區域醫院,國立臺灣大學醫學院附設醫院癌醫中心分院,心臟內科加護病房 (CCU),N3,QOD & PRN,,1:2,1:4,1:3,1:3,1:3,1:4,其他,500,250,400,1200,是,,60+,一律不給,是,是,,,CVVH、IABP、ECMO,5,11,96,40,14,,2,難以升遷,1,工時長到爆,allow,,,,,
2025-10-26,新北市,醫學中心,衛生福利部雙和醫院(委託臺北醫學大學興建經營),SICU,N1,QOD & PRN,QD & PRN,1:3,1:3,1:3,1:2,1:3,1:5 以上,三班制,300,200,800,600,是,4 小時,50-55,合理範圍給,是,無 ICU Training,無 ICU Training,強制要求、無加給,CVVH、IABP、ECMO,4,8,104,44,16,,5,普通,5,專科很強值得待,allow,,,,,
2025-10-26,雲林縣,地區醫院,國立成功大學醫學院附設醫院斗六分院,兒童加護病房 (PICU),N0,,,1:3,1:2,1:4,1:2,1:3,1:3,兩班制,200,300,無,無,是,,40-45,合理範圍給,否,否,1 個月以內,自願參加、有加給,IABP、ECMO,2,7,60,30,9,,3,普通,2,被當打雜,allow,,,,,
2025-10-26,台北市,醫學中心,臺北榮民總醫院,燒燙傷加護病房,N3,QOD & PRN,QD & PRN,1:2,1:4,1:4,1:3,1:4,1:5 以上,其他,200,200,600,600,是,4 小時,55-60,一律不給,是,否,3-6 個月,自願參加、有加給,CVVH、IABP、ECMO,8,14,122,51,18,,3,難以升遷,2,工時超長,allow,,,,,
2025-10-26,台北市,醫學中心,台灣基督長老教會馬偕醫療財團法人馬偕兒童醫院,神經內科加護病房,護理長,QD & PRN,QD & PRN,1:3,1:3,1:3,1:2,1:3,1:4,兩班制,400,500,800,500,否,1 小時內,50-55,主管判斷,是,,,自願參加、有加給,ECMO,3,9,129,54,19,托兒補助,4,機會多,4,資深領班受重視,allow,,allow,,,
2025-10-26,桃園市,醫學中心,長庚醫療財團法人林口長庚紀念醫院,神經外科加護病房 (NSICU),N2,,QOD & PRN,1:4,1:3,1:2,1:3,1:4,1:4,混合制,500,無,1000,1200,否,1 小時內,45-50,主管判斷,是,,1-3 個月,強制要求、無加給,CVVH,6,7,101,42,15,宿舍（單人房）,4,普通,3,訓練體系完整,allow,,allow,,,
2025-10-25 22:51,彰化縣,醫學中心,彰化基督教醫療財團法人彰化基督教醫院,新生兒加護病房 (NICU),N2,QOD & PRN,,1:3,1:2,1:3,1:2,1:4,1:4,三班制,500,無,1000,500,否,2-3 小時,35-40,合理範圍給,,是,,自願參加、無加給,CVVH、IABP、ECMO,8,13,113,47,17,,4,機會多,3,,,,,,,
2025-10-25 18:38,桃園市,區域醫院,臺北榮民總醫院桃園分院,呼吸加護病房 (RICU),N0,QD & PRN,,1:2,1:2,1:2,1:3,1:4,1:4,三班制,400,300,1200,無,是,無,50-55,合理範圍給,,否,1-3 個月,強制要求、有加給,ECMO,7,7,75,32,11,,5,普通,5,兒科氣氛溫暖,allow,,,,,
2025-10-25,台南市,區域醫院,衛生福利部臺南醫院,內科加護病房,N2,QOD & PRN,QD & PRN,1:1,1:2,1:4,1:4,1:4,1:4,三班制,無,200,800,800,否,,45-50,主管判斷,,是,無 ICU Training,自願參加、無加給,CVVH、ECMO,1,4,86,36,13,,4,普通,4,,,,,,,
2025-10-25,台北市,醫學中心,臺北市立萬芳醫院-委託臺北醫學大學辦理,神經外科加護病房 (NSICU),N2,QOD & PRN,,1:3,1:3,1:4,1:3,1:3,1:4,混合制,500,250,500,800,否,,50-55,一律給,,是,無 ICU Training,,,6,8,112,47,17,宿舍（單人房）,4,機會多,3,安寧團隊互相 support,allow,,allow,,,
2025-10-25,南投縣,區域醫院,衛生福利部南投醫院及其中興院區,神經內科加護病房,N2,QOD & PRN,QD & PRN,1:2,1:3,1:2,1:3,1:3,1:4,其他,無,500,1200,無,是,無,55-60,一律不給,,否,3-6 個月,強制要求、無加給,CVVH、IABP、ECMO,8,9,94,39,14,,4,機會多,3,,,,,,,
2025-10-24 12:51,雲林縣,區域醫院,國立臺灣大學醫學院附設醫院雲林分院及其虎尾院區,神經內科加護病房,N2,QOD & PRN,QOD & PRN,1:3,1:4,1:2,1:4,1:2,1:3,三班制,250,無,600,1000,是,1-2 小時,40-45,一律給,是,是,,自願參加、有加給,,8,9,89,37,13,進修學分補助、國外研討會補助,3,難以升遷,2,工時長但待遇可,allow,,allow,,,
2025-10-24 11:05,台北市,醫學中心,國立台灣大學醫學院附設醫院,外科加護病房,N4,,QD & PRN,1:4,1:2,1:4,1:2,1:2,1:4,兩班制,400,200,600,無,是,4 小時,35-40,一律給,是,無 ICU Training,3-6 個月,自願參加、無加給,CVVH,4,9,122,51,18,,4,普通,4,同事關係好,allow,,,,,
2025-10-24,高雄市,區域醫院,阮綜合醫療社團法人阮綜合醫院,心臟內科加護病房 (CCU),N2,QD & PRN,QD & PRN,1:2,1:2,1:3,1:4,1:4,1:4,三班制,500,250,無,1000,否,無,35-40,合理範圍給,否,無 ICU Training,不一定／依個人進度,無此制度,,6,12,83,35,12,,4,機會多,3,,,,,,,
2025-10-24,台北市,醫學中心,台灣基督長老教會馬偕醫療財團法人馬偕兒童醫院,神經內科加護病房,N3,,QOD & PRN,1:2,1:4,1:3,1:3,1:4,1:5 以上,三班制,500,300,800,600,是,2-3 小時,40-45,一律給,否,無 ICU Training,不一定／依個人進度,強制要求、無加給,,6,7,121,51,18,,4,機會多,4,兒科氣氛溫暖,allow,,,,,
2025-10-24,台南市,地區醫院,永和醫院,新生兒加護病房 (NICU),N3,QOD & PRN,,1:4,1:3,1:3,1:3,1:3,1:3,兩班制,無,600,1000,800,是,1 小時內,50-55,主管判斷,是,是,無 ICU Training,強制要求、有加給,CVVH、IABP,6,7,87,37,13,員工健檢自費項目補助,4,機會多,3,專科很強值得待,allow,,allow,,,
2025-10-23 22:39,新北市,醫學中心,醫療財團法人徐元智先生醫藥基金會亞東紀念醫院,綜合加護病房,N4,QD & PRN,QD & PRN,1:3,1:3,1:3,1:2,1:4,1:4,三班制,無,250,800,400,是,,55-60,主管判斷,是,否,,,CVVH、IABP、ECMO,6,6,134,56,20,,3,普通,3,門診作息穩定,allow,,,,,
2025-10-23 12:51,台中市,醫學中心,中山醫學大學附設醫院,外科加護病房,N4,,QD & PRN,1:4,1:4,1:3,1:3,1:5 以上,1:5 以上,三班制,400,200,500,600,否,無,40-45,一律給,是,是,6 個月以上,自願參加、有加給,IABP、ECMO,8,9,133,56,20,,4,機會多,4,專科很強值得待,allow,,,,,
2025-10-23 12:06,新北市,醫學中心,佛教慈濟醫療財團法人台北慈濟醫院,MICU,N0,,QD & PRN,1:2,1:2,1:2,1:3,1:2,1:5 以上,混合制,400,600,1000,800,是,2-3 小時,40-45,合理範圍給,否,是,3-6 個月,自願參加、有加給,IABP、ECMO,1,7,102,43,15,,5,機會多,4,安寧團隊互相 support,allow,,,,,
2025-10-23 11:38,台中市,區域醫院,李綜合醫療社團法人大甲李綜合醫院,SICU,N1,QOD & PRN,,1:2,1:2,1:3,1:3,1:4,1:4,兩班制,無,250,無,無,否,1 小時內,45-50,合理範圍給,,無 ICU Training,1-3 個月,自願參加、有加給,,4,9,80,34,12,,4,普通,4,,,,,,,
2025-10-23,台中市,區域醫院,光田醫療社團法人光田綜合醫院及其大甲院區,心臟內科加護病房 (CCU),N2,QOD & PRN,QD & PRN,1:4,1:3,1:3,1:3,1:2,1:3,其他,300,600,1000,600,是,1-2 小時,40-45,合理範圍給,,無 ICU Training,1-3 個月,自願參加、有加給,CVVH,3,8,87,37,13,年度自強活動,3,機會多,3,資深領班受重視,allow,,allow,,,
2025-10-23,桃園市,醫學中心,長庚醫療財團法人林口長庚紀念醫院,神經內科加護病房,副護理長,,,1:4,1:3,1:3,1:3,1:3,1:3,兩班制,400,250,1200,400,是,,45-50,一律給,否,否,1-3 個月,自願參加、無加給,,5,11,132,55,20,員工旅遊補助,3,普通,3,案件多但學得快,allow,,allow,,,
2025-10-23,台中市,區域醫院,澄清綜合醫院中港分院,MICU,N1,QOD & PRN,QD & PRN,1:2,1:2,1:3,1:2,1:5 以上,1:4,混合制,250,400,1200,500,是,,40-45,合理範圍給,不清楚,,3-6 個月,強制要求、有加給,,8,11,78,33,12,,3,機會多,3,加班頻率可接受,allow,,,,,
2025-10-22 18:05,高雄市,醫學中心,長庚醫療財團法人高雄長庚紀念醫院,MICU,N1,QOD & PRN,QD & PRN,1:3,1:2,1:4,1:2,1:4,1:4,三班制,400,600,800,600,是,,40-45,合理範圍給,,是,3-6 個月,,CVVH、ECMO,6,12,107,45,16,,5,普通,4,氣氛輕鬆,allow,,,,,
2025-10-22 07:54,台中市,區域醫院,澄清綜合醫院中港分院,內科加護病房,N0,QOD & PRN,QOD & PRN,1:1,1:2,1:2,1:4,1:4,1:3,三班制,400,250,1200,800,否,1 小時內,40-45,主管判斷,是,是,,,ECMO,2,7,85,36,13,,4,機會多,4,訓練體系完整,allow,,,,,
2025-10-22,台北市,醫學中心,臺北市立萬芳醫院-委託臺北醫學大學辦理,MICU,N4,,QD & PRN,1:2,1:4,1:3,1:3,1:2,1:4,三班制,200,250,1000,1200,否,,50-55,一律給,否,無 ICU Training,,自願參加、無加給,CVVH、IABP,5,9,130,55,20,年度自強活動,3,普通,2,常被臨時調班,allow,,allow,,,
2025-10-22,台南市,地區醫院,郭綜合醫院,MICU,N2,,QD & PRN,1:2,1:3,1:2,1:3,1:5 以上,1:3,三班制,400,250,1200,600,否,4 小時,45-50,主管判斷,是,否,,,CVVH、IABP、ECMO,4,8,78,33,12,,4,普通,4,氣氛輕鬆,allow,,,,,
2025-10-22,台北市,區域醫院,臺北市立聯合醫院中興院區,燒燙傷加護病房,N1,QOD & PRN,QD & PRN,1:2,1:4,1:3,1:3,1:4,1:3,兩班制,400,600,600,無,是,1 小時內,55-60,主管判斷,,無 ICU Training,,,CVVH、IABP、ECMO,7,12,83,35,12,,3,普通,3,資深領班受重視,allow,,,,,
2025-10-21 15:46,台北市,區域醫院,臺北市立聯合醫院陽明院區,SICU,護理長,,QOD & PRN,1:3,1:4,1:2,1:3,1:2,1:4,混合制,600,300,1200,800,是,,55-60,一律不給,是,,無 ICU Training,自願參加、有加給,CVVH、ECMO,5,6,121,51,18,進修學分補助、國外研討會補助,2,難以升遷,1,主管偏心嚴重,allow,,allow,,,
2025-10-21 12:58,高雄市,地區醫院,新華醫院,兒童加護病房 (PICU),N2,QOD & PRN,QD & PRN,1:3,1:2,1:3,1:4,1:3,1:3,三班制,無,無,500,600,是,,50-55,合理範圍給,是,是,,,,3,7,69,30,10,員工餐廳伙食補助,4,機會多,3,新人訓練紮實,allow,,allow,,,
2025-10-21 10:46,新北市,醫學中心,衛生福利部雙和醫院(委託臺北醫學大學興建經營),兒童加護病房 (PICU),N1,QD & PRN,,1:3,1:2,1:4,1:3,1:4,1:3,其他,600,200,1000,800,否,2-3 小時,60+,一律不給,不清楚,否,,自願參加、有加給,,7,7,102,43,15,,3,難以升遷,2,主管偏心嚴重,allow,,,,,
2025-10-21 07:12,台中市,醫學中心,中山醫學大學附設醫院,加護中心,N1,QOD & PRN,,1:4,1:3,1:4,1:3,1:5 以上,1:3,三班制,無,600,400,600,是,1 小時內,40-45,一律給,否,否,不一定／依個人進度,強制要求、無加給,CVVH,5,10,96,40,14,,4,機會多,4,案件多但學得快,allow,,,,,
2025-10-21,雲林縣,地區醫院,長庚醫療財團法人雲林長庚紀念醫院,呼吸加護病房 (RICU),N4,QOD & PRN,QD & PRN,1:1,1:3,1:3,1:3,1:4,1:5 以上,兩班制,無,無,600,500,否,2-3 小時,40-45,主管判斷,不清楚,,3-6 個月,,ECMO,4,9,95,40,14,,3,難以升遷,2,主管管太細,allow,,,,,
2025-10-21,高雄市,區域醫院,國軍左營總醫院附設民眾診療服務處,心臟外科加護病房 (CVICU),N2,QOD & PRN,QD & PRN,1:3,1:3,1:3,1:3,1:4,1:3,混合制,250,200,1200,800,是,1 小時內,55-60,一律不給,不清楚,是,6 個月以上,自願參加、有加給,IABP、ECMO,6,11,91,38,14,生日禮金、三節禮券,3,機會多,3,,,,allow,,,
2025-10-21,高雄市,醫學中心,高雄榮民總醫院,呼吸加護病房 (RICU),N1,QD & PRN,QOD & PRN,1:4,1:4,1:2,1:3,1:3,1:3,混合制,300,300,無,1200,是,1-2 小時,45-50,主管判斷,,無 ICU Training,1 個月以內,無此制度,IABP,1,3,95,40,14,年度自強活動,4,普通,4,排班相對人性化,allow,,allow,,,
2025-10-21,宜蘭縣,區域醫院,國立陽明交通大學附設醫院及其新民院區,兒童加護病房 (PICU),N3,QOD & PRN,QOD & PRN,1:1,1:3,1:3,1:4,1:3,1:3,兩班制,400,250,600,600,是,4 小時,40-45,合理範圍給,是,否,無 ICU Training,,,3,5,105,44,16,托兒補助,3,普通,2,leader 形同虛設,allow,,allow,,,
2025-10-21,台北市,醫學中心,新光醫療財團法人新光吳火獅紀念醫院,呼吸加護病房 (RICU),N3,QD & PRN,,1:3,1:3,1:3,1:3,1:4,1:4,三班制,300,400,500,600,是,,40-45,主管判斷,,是,,,CVVH、IABP、ECMO,8,14,120,50,18,員工餐廳伙食補助,3,機會多,3,夜班輪轉公平,allow,,allow,,,
2025-10-20 21:57,苗栗縣,區域醫院,衛生福利部苗栗醫院,加護中心,副護理長,,QOD & PRN,1:2,1:2,1:3,1:2,1:3,1:4,混合制,300,無,1200,400,是,4 小時,45-50,主管判斷,否,無 ICU Training,不一定／依個人進度,強制要求、無加給,CVVH、IABP、ECMO,2,5,116,49,17,進修學分補助、國外研討會補助,4,機會多,3,氣氛輕鬆,allow,,allow,,,
2025-10-20 19:21,台中市,醫學中心,臺中榮民總醫院,燒燙傷加護病房,N2,,QOD & PRN,1:2,1:2,1:2,1:2,1:4,1:3,兩班制,300,300,400,600,是,,40-45,合理範圍給,否,,不一定／依個人進度,強制要求、有加給,,4,10,106,45,16,,4,機會多,4,資深領班受重視,allow,,,,,
2025-10-20,高雄市,醫學中心,財團法人私立高雄醫學大學附設中和紀念醫院,加護中心,N3,QD & PRN,QD & PRN,1:2,1:3,1:4,1:3,1:2,1:4,三班制,200,200,1000,800,是,1-2 小時,50-55,合理範圍給,,否,1-3 個月,,,6,8,107,45,16,員工旅遊補助,4,機會多,4,主管支持度高,allow,,allow,,,
2025-10-20,彰化縣,地區醫院,卓醫院,神經內科加護病房,N2,QD & PRN,QOD & PRN,1:1,1:2,1:3,1:3,1:2,1:4,三班制,300,300,800,無,否,無,55-60,一律不給,,是,3-6 個月,自願參加、無加給,,5,5,74,31,11,,3,機會多,3,加班頻率可接受,allow,,,,,
2025-10-19 20:08,新北市,區域醫院,天主教耕莘醫療財團法人耕莘醫院,MICU,N0,QD & PRN,,1:3,1:3,1:2,1:3,1:4,1:4,混合制,400,無,1000,800,否,1-2 小時,35-40,主管判斷,,無 ICU Training,1-3 個月,強制要求、有加給,IABP、ECMO,4,7,82,34,12,,4,機會多,4,兒科氣氛溫暖,allow,,,,,
2025-10-19 14:49,桃園市,區域醫院,長庚醫療財團法人桃園長庚紀念醫院及其長青院區,MICU,N3,,QOD & PRN,1:3,1:2,1:3,1:3,1:2,1:5 以上,其他,無,250,500,1200,是,,45-50,一律給,否,無 ICU Training,3-6 個月,,CVVH,4,10,92,39,14,,4,機會多,3,加班頻率可接受,allow,,,,,
2025-10-19,高雄市,醫學中心,長庚醫療財團法人高雄長庚紀念醫院,MICU,N2,,QOD & PRN,1:2,1:3,1:3,1:3,1:5 以上,1:4,其他,500,400,800,1000,否,4 小時,55-60,主管判斷,不清楚,,無 ICU Training,強制要求、有加給,CVVH、IABP、ECMO,3,4,106,45,16,,3,難以升遷,2,主管管太細,allow,,,,,
2025-10-19,屏東縣,區域醫院,屏東榮民總醫院,MICU,N1,QOD & PRN,,1:4,1:3,1:2,1:4,1:2,1:3,混合制,400,無,800,600,否,2-3 小時,40-45,合理範圍給,不清楚,否,無 ICU Training,,,7,8,79,33,12,,4,機會多,4,同事關係好,allow,,,,,
2025-10-19,新竹市,地區醫院,國泰醫療財團法人新竹國泰綜合醫院,內科加護病房,N4,QOD & PRN,,1:2,1:4,1:4,1:2,1:2,1:4,三班制,400,無,1000,500,是,4 小時,60+,一律不給,,無 ICU Training,,,,8,12,108,45,16,年度自強活動,3,難以升遷,2,人力極端不足,allow,,allow,,,
2025-10-19,嘉義縣,區域醫院,長庚醫療財團法人嘉義長庚紀念醫院,神經外科加護病房 (NSICU),N3,QD & PRN,,1:2,1:3,1:4,1:3,1:3,1:3,其他,200,無,1000,600,是,,35-40,一律給,不清楚,無 ICU Training,,,,7,13,106,45,16,進修學分補助、國外研討會補助,3,難以升遷,2,主管管太細,allow,,allow,,,
2025-10-19,桃園市,區域醫院,國軍桃園總醫院附設民眾診療服務處,加護中心,護理長,QD & PRN,QOD & PRN,1:1,1:3,1:3,1:3,1:5 以上,1:3,兩班制,400,200,無,1000,是,4 小時,50-55,合理範圍給,是,,不一定／依個人進度,,IABP,3,7,113,47,17,托兒補助,4,機會多,3,安寧團隊互相 support,allow,,allow,,,
2025-10-19,桃園市,醫學中心,長庚醫療財團法人林口長庚紀念醫院,加護中心,N2,QOD & PRN,QOD & PRN,1:2,1:3,1:4,1:4,1:3,1:4,三班制,200,200,無,無,是,1-2 小時,60+,一律不給,是,是,,,CVVH、IABP、ECMO,7,10,100,42,15,,3,普通,1,新人零保護,allow,,,,,
2025-10-19,彰化縣,區域醫院,秀傳醫療社團法人秀傳紀念醫院,加護中心,護理長,QD & PRN,QD & PRN,1:1,1:4,1:3,1:4,1:5 以上,1:5 以上,混合制,200,400,1000,1200,是,2-3 小時,55-60,主管判斷,,,3-6 個月,,,7,11,113,47,17,宿舍（單人房）,3,普通,3,可學到很多技術,allow,,allow,,,
2025-10-19,高雄市,區域醫院,高雄市立小港醫院（委託財團法人私立高雄醫學大學經營）,綜合加護病房,護理長,QOD & PRN,QOD & PRN,1:3,1:3,1:3,1:4,1:5 以上,1:4,三班制,500,600,800,600,是,1-2 小時,50-55,合理範圍給,是,是,不一定／依個人進度,無此制度,,4,10,117,49,18,,3,機會多,3,夜班輪轉公平,allow,,,,,
2025-10-19,台北市,醫學中心,國立臺灣大學醫學院附設醫院兒童醫院,內科加護病房,N3,,QD & PRN,1:3,1:2,1:4,1:3,1:4,1:3,混合制,無,200,500,無,是,1-2 小時,40-45,合理範圍給,否,否,,自願參加、無加給,CVVH、IABP、ECMO,8,9,115,48,17,,4,機會多,4,訓練體系完整,allow,,,,,
2025-10-18 20:19,桃園市,區域醫院,國軍桃園總醫院附設民眾診療服務處,心臟內科加護病房 (CCU),護理長,QOD & PRN,QOD & PRN,1:2,1:4,1:3,1:2,1:5 以上,1:3,混合制,600,600,400,1200,是,1-2 小時,35-40,一律給,不清楚,,,,CVVH、IABP,8,13,116,49,17,員工健檢自費項目補助,4,機會多,3,同事關係好,allow,,allow,,,
2025-10-18 19:31,台中市,醫學中心,中山醫學大學附設醫院,神經內科加護病房,N3,,QD & PRN,1:3,1:2,1:3,1:4,1:3,1:5 以上,三班制,無,600,400,1200,是,1-2 小時,60+,主管判斷,,,3-6 個月,,,5,7,120,50,18,,3,難以升遷,2,,,,,,,
2025-10-18 12:46,新北市,醫學中心,佛教慈濟醫療財團法人台北慈濟醫院,燒燙傷加護病房,N2,,,1:3,1:2,1:3,1:2,1:3,1:4,其他,300,600,1200,500,是,1-2 小時,35-40,合理範圍給,否,是,,,CVVH,1,4,103,43,15,,4,機會多,3,案件多但學得快,allow,,,,,
2025-10-18 12:19,南投縣,區域醫院,衛生福利部南投醫院及其中興院區,燒燙傷加護病房,N2,QD & PRN,QD & PRN,1:2,1:2,1:2,1:3,1:2,1:4,混合制,250,250,400,600,否,2-3 小時,55-60,主管判斷,是,無 ICU Training,,無此制度,CVVH、IABP、ECMO,7,12,90,38,14,年度自強活動,3,普通,3,,,,allow,,,
2025-10-18 11:08,台南市,區域醫院,衛生福利部臺南醫院,內科加護病房,N1,QOD & PRN,QOD & PRN,1:3,1:2,1:3,1:3,1:4,1:4,混合制,400,200,400,400,否,,40-45,一律給,否,無 ICU Training,不一定／依個人進度,強制要求、無加給,CVVH,2,6,83,35,12,,4,普通,4,,,,,,,
2025-10-18 10:27,台北市,醫學中心,臺北榮民總醫院,內科加護病房,N1,,QOD & PRN,1:3,1:2,1:3,1:2,1:3,1:3,三班制,無,無,1000,1200,否,2-3 小時,60+,一律不給,是,,,,CVVH、IABP,4,10,105,44,16,,3,難以升遷,2,門診作息穩定,allow,,,,,
2025-10-18 09:10,新竹縣,地區醫院,國立臺灣大學醫學院附設醫院新竹臺大分院生醫醫院竹東院區,綜合加護病房,N2,,QOD & PRN,1:1,1:4,1:4,1:3,1:3,1:3,三班制,500,300,600,無,是,,45-50,合理範圍給,否,無 ICU Training,1-3 個月,強制要求、無加給,CVVH、IABP、ECMO,7,13,78,33,12,托兒補助,5,普通,5,,,,allow,,,
2025-10-18,高雄市,醫學中心,高雄榮民總醫院,SICU,N2,,QD & PRN,1:1,1:3,1:3,1:3,1:2,1:4,三班制,250,400,無,600,否,1 小時內,40-45,合理範圍給,,無 ICU Training,3-6 個月,自願參加、無加給,IABP、ECMO,8,12,97,41,15,年度自強活動,4,機會多,5,專科很強值得待,allow,,allow,,,
2025-10-18,桃園市,地區醫院,長慎醫院,燒燙傷加護病房,N2,QOD & PRN,QD & PRN,1:1,1:3,1:2,1:3,1:3,1:3,混合制,無,無,1000,400,否,,35-40,合理範圍給,不清楚,是,無 ICU Training,自願參加、無加給,IABP、ECMO,1,4,77,32,12,員工健檢自費項目補助,3,難以升遷,2,leader 形同虛設,allow,,allow,,,
2025-10-18,台中市,地區醫院,醫療財團法人正德癌症醫療基金會佛教正德醫院,呼吸加護病房 (RICU),N1,QOD & PRN,QOD & PRN,1:2,1:3,1:3,1:2,1:3,1:4,兩班制,500,250,500,400,是,1 小時內,55-60,一律不給,不清楚,否,無 ICU Training,自願參加、有加給,IABP、ECMO,3,8,66,30,10,進修學分補助、國外研討會補助,3,難以升遷,2,新人訓練紮實,allow,,allow,,,
2025-10-18,台北市,醫學中心,國泰醫療財團法人國泰綜合醫院,神經外科加護病房 (NSICU),N3,QD & PRN,,1:3,1:2,1:3,1:3,1:3,1:4,混合制,600,無,600,800,是,,40-45,主管判斷,,,,,CVVH、IABP,1,2,120,50,18,,5,普通,4,氣氛輕鬆,allow,,,,,
2025-10-18,台中市,地區醫院,豐安醫院,加護中心,N2,QD & PRN,QOD & PRN,1:3,1:3,1:3,1:2,1:3,1:3,三班制,400,300,1200,1000,否,4 小時,50-55,合理範圍給,不清楚,,,強制要求、無加給,CVVH、ECMO,2,4,70,30,11,進修學分補助、國外研討會補助,3,難以升遷,2,人力過勞且無加班費,allow,,allow,,,
2025-10-17 14:48,台北市,醫學中心,國立台灣大學醫學院附設醫院,加護中心,副護理長,QD & PRN,QD & PRN,1:2,1:2,1:3,1:4,1:4,1:3,三班制,500,500,500,600,是,1-2 小時,60+,主管判斷,不清楚,無 ICU Training,,無此制度,,4,8,123,52,18,醫療費用員工優惠,3,普通,2,主管偏心嚴重,allow,,allow,,,
2025-10-17,花蓮縣,醫學中心,佛教慈濟醫療財團法人花蓮慈濟醫院,心臟外科加護病房 (CVICU),護理長,QD & PRN,QD & PRN,1:3,1:2,1:2,1:3,1:3,1:5 以上,兩班制,200,無,500,500,是,4 小時,55-60,一律不給,否,否,無 ICU Training,,CVVH,1,5,130,55,20,宿舍（單人房）,3,難以升遷,2,,,,allow,,,
2025-10-17,台中市,區域醫院,澄清綜合醫院,外科加護病房,N0,QD & PRN,,1:2,1:3,1:2,1:4,1:3,1:4,兩班制,200,600,500,無,否,,40-45,合理範圍給,,無 ICU Training,不一定／依個人進度,強制要求、有加給,CVVH、ECMO,3,9,84,35,13,,4,機會多,4,同事關係好,allow,,,,,
2025-10-17,台東縣,區域醫院,台灣基督長老教會馬偕醫療財團法人台東馬偕紀念醫院,心臟內科加護病房 (CCU),N1,QOD & PRN,QD & PRN,1:2,1:2,1:3,1:3,1:4,1:4,其他,200,無,1000,600,是,,45-50,合理範圍給,,否,6 個月以上,強制要求、無加給,,8,12,90,38,14,,4,機會多,3,,,,,,,
2025-10-17,台中市,醫學中心,中國醫藥大學附設醫院,綜合加護病房,副護理長,QOD & PRN,,1:2,1:3,1:3,1:2,1:5 以上,1:5 以上,三班制,無,無,無,400,是,2-3 小時,60+,一律不給,,否,1-3 個月,,CVVH、IABP、ECMO,4,9,131,55,20,進修學分補助、國外研討會補助,2,普通,1,人力過勞且無加班費,allow,,allow,,,
2025-10-17,台北市,醫學中心,國立台灣大學醫學院附設醫院,加護中心,N2,,QOD & PRN,1:4,1:3,1:3,1:2,1:4,1:4,兩班制,200,400,無,無,否,,40-45,合理範圍給,,無 ICU Training,1 個月以內,自願參加、無加給,CVVH、ECMO,3,3,113,47,17,宿舍（單人房）,4,機會多,4,資深領班受重視,allow,,allow,,,
2025-10-17,桃園市,區域醫院,衛生福利部桃園醫院,燒燙傷加護病房,N1,,,1:4,1:3,1:2,1:2,1:3,1:3,三班制,500,300,600,800,否,1-2 小時,50-55,一律給,不清楚,無 ICU Training,不一定／依個人進度,,IABP、ECMO,4,9,82,34,12,進修學分補助、國外研討會補助,4,普通,4,氣氛輕鬆,allow,,allow,,,
2025-10-17,台南市,地區醫院,營新醫院,兒童加護病房 (PICU),副護理長,QD & PRN,QOD & PRN,1:4,1:2,1:2,1:3,1:4,1:4,三班制,400,600,600,800,是,1-2 小時,40-45,合理範圍給,,是,不一定／依個人進度,自願參加、無加給,,2,5,92,39,14,員工旅遊補助,4,機會多,3,案件多但學得快,allow,,allow,,,
2025-10-17,台中市,地區醫院,忠港醫院,心臟內科加護病房 (CCU),護理長,,,1:2,1:2,1:2,1:3,1:2,1:5 以上,混合制,400,無,1000,500,否,,55-60,主管判斷,是,無 ICU Training,6 個月以上,強制要求、無加給,CVVH、IABP,4,7,105,44,16,員工旅遊補助,3,難以升遷,1,工時超長,allow,,allow,,,
2025-10-16 19:36,彰化縣,區域醫院,秀傳醫療財團法人彰濱秀傳紀念醫院,外科加護病房,N2,,QD & PRN,1:2,1:3,1:4,1:3,1:5 以上,1:3,三班制,400,250,無,1200,是,4 小時,40-45,合理範圍給,,無 ICU Training,1-3 個月,,IABP,5,11,92,39,14,,4,機會多,3,案件多但學得快,allow,,,,,
2025-10-16 18:36,台北市,醫學中心,三軍總醫院附設民眾診療服務處及其汀州院區,綜合加護病房,N2,QOD & PRN,QOD & PRN,1:3,1:3,1:2,1:2,1:4,1:5 以上,其他,300,600,800,無,是,,40-45,合理範圍給,是,否,1 個月以內,強制要求、有加給,CVVH、IABP、ECMO,1,2,113,47,17,,4,機會多,3,主管管太細,allow,,,,,
2025-10-16 11:35,台北市,區域醫院,臺北醫學大學附設醫院,兒童加護病房 (PICU),N2,,QOD & PRN,1:4,1:3,1:4,1:4,1:4,1:3,兩班制,300,250,800,1000,是,,40-45,一律給,不清楚,無 ICU Training,1 個月以內,自願參加、有加給,,7,11,94,39,14,,4,機會多,3,專科很強值得待,allow,,,,,
2025-10-16 10:01,宜蘭縣,區域醫院,醫療財團法人羅許基金會羅東博愛醫院,神經外科加護病房 (NSICU),N0,,QD & PRN,1:4,1:4,1:3,1:4,1:5 以上,1:5 以上,三班制,500,600,800,無,否,,40-45,一律給,,否,,無此制度,IABP、ECMO,7,10,84,35,13,年度自強活動,4,普通,4,安寧團隊互相 support,allow,,allow,,,
2025-10-16 07:36,台北市,醫學中心,國立臺灣大學醫學院附設醫院兒童醫院,呼吸加護病房 (RICU),N2,,,1:3,1:2,1:3,1:2,1:5 以上,1:3,兩班制,無,無,500,1000,是,,35-40,一律給,是,無 ICU Training,6 個月以上,,IABP,5,10,108,45,16,生日禮金、三節禮券,4,機會多,4,排班相對人性化,allow,,allow,,,
2025-10-16 07:07,高雄市,區域醫院,國軍高雄總醫院附設民眾診療服務處,神經外科加護病房 (NSICU),N2,QD & PRN,QD & PRN,1:1,1:4,1:4,1:2,1:3,1:4,三班制,500,無,1200,1200,是,,45-50,主管判斷,不清楚,是,,自願參加、有加給,,5,9,84,35,13,,3,機會多,3,安寧團隊互相 support,allow,,,,,
2025-10-16,花蓮縣,醫學中心,佛教慈濟醫療財團法人花蓮慈濟醫院,內科加護病房,副護理長,,,1:1,1:3,1:2,1:3,1:2,1:5 以上,混合制,500,600,800,500,否,2-3 小時,50-55,合理範圍給,是,無 ICU Training,1-3 個月,,CVVH、IABP、ECMO,6,9,118,50,18,,4,機會多,4,訓練體系完整,allow,,,,,
2025-10-16,新北市,醫學中心,佛教慈濟醫療財團法人台北慈濟醫院,呼吸加護病房 (RICU),N1,,,1:3,1:3,1:2,1:3,1:4,1:5 以上,混合制,500,無,無,600,是,4 小時,50-55,合理範圍給,否,否,不一定／依個人進度,無此制度,CVVH、IABP,7,10,95,40,14,,4,機會多,3,專科氣氛 OK,allow,,,,,
2025-10-15 16:33,桃園市,地區醫院,天祥醫院,神經內科加護病房,護理長,QD & PRN,QD & PRN,1:1,1:2,1:3,1:3,1:4,1:4,混合制,無,600,800,1000,是,4 小時,40-45,合理範圍給,,否,6 個月以上,無此制度,,7,11,103,43,15,,4,普通,3,,,,,,,
2025-10-15 15:17,台北市,區域醫院,基督復臨安息日會醫療財團法人臺安醫院,外科加護病房,N2,QD & PRN,QOD & PRN,1:2,1:2,1:2,1:2,1:3,1:4,三班制,250,250,500,400,是,1 小時內,60+,主管判斷,是,否,1-3 個月,,CVVH,2,6,88,37,13,,3,難以升遷,2,,,,,,,
2025-10-15 10:48,宜蘭縣,區域醫院,天主教靈醫會醫療財團法人羅東聖母醫院,新生兒加護病房 (NICU),N1,QOD & PRN,QD & PRN,1:4,1:3,1:3,1:2,1:3,1:5 以上,混合制,無,500,1000,400,否,,40-45,一律給,是,無 ICU Training,,強制要求、有加給,ECMO,2,6,78,33,12,員工健檢自費項目補助,3,普通,3,資深領班受重視,allow,,allow,,,
2025-10-15 08:50,桃園市,醫學中心,長庚醫療財團法人林口長庚紀念醫院,神經外科加護病房 (NSICU),N4,QD & PRN,QOD & PRN,1:2,1:2,1:3,1:3,1:4,1:5 以上,三班制,200,無,1000,無,否,4 小時,50-55,一律給,不清楚,是,3-6 個月,自願參加、無加給,,6,9,127,53,19,員工餐廳伙食補助,3,機會多,3,訓練體系完整,allow,,allow,,,
2025-10-15,台北市,區域醫院,臺北市立聯合醫院中興院區,兒童加護病房 (PICU),N4,QD & PRN,QOD & PRN,1:3,1:3,1:3,1:3,1:5 以上,1:4,混合制,無,600,無,600,否,1-2 小時,40-45,合理範圍給,否,無 ICU Training,無 ICU Training,自願參加、有加給,CVVH、IABP、ECMO,4,7,115,48,17,員工健檢自費項目補助,4,機會多,4,可學到很多技術,allow,,allow,,,
2025-10-15,桃園市,地區醫院,大園敏盛醫院,心臟內科加護病房 (CCU),N3,QD & PRN,QD & PRN,1:3,1:3,1:3,1:3,1:5 以上,1:5 以上,三班制,200,200,500,500,是,1-2 小時,45-50,一律給,是,是,不一定／依個人進度,,,3,8,91,38,14,員工健檢自費項目補助,3,難以升遷,2,,,,allow,,,
2025-10-15,高雄市,地區醫院,高雄市立旗津醫院（委託財團法人私立高雄醫學大學經營）,燒燙傷加護病房,N2,QOD & PRN,QD & PRN,1:2,1:4,1:3,1:2,1:4,1:4,其他,600,400,無,1200,否,2-3 小時,40-45,一律給,是,,6 個月以上,強制要求、無加給,,5,6,74,31,11,員工旅遊補助,4,普通,3,,,,allow,,,
2025-10-15,台南市,區域醫院,台南市立醫院(委託秀傳醫療社團法人經營),心臟外科加護病房 (CVICU),N1,QOD & PRN,,1:3,1:4,1:3,1:3,1:4,1:4,三班制,200,600,無,800,是,,40-45,合理範圍給,不清楚,是,不一定／依個人進度,無此制度,CVVH、IABP,3,3,88,37,13,宿舍（單人房）,4,普通,4,安寧團隊互相 support,allow,,allow,,,
2025-10-15,新北市,區域醫院,輔仁大學學校財團法人輔仁大學附設醫院,新生兒加護病房 (NICU),N1,QOD & PRN,QOD & PRN,1:3,1:3,1:4,1:3,1:4,1:4,兩班制,500,400,600,1200,否,4 小時,45-50,合理範圍給,是,是,6 個月以上,自願參加、有加給,CVVH,4,9,87,37,13,生日禮金、三節禮券,3,機會多,3,專科很強值得待,allow,,allow,,,
2025-10-14 17:18,新北市,醫學中心,台灣基督長老教會馬偕醫療財團法人淡水馬偕紀念醫院,內科加護病房,N1,QOD & PRN,QOD & PRN,1:2,1:4,1:3,1:2,1:2,1:4,三班制,無,無,600,500,是,4 小時,50-55,一律給,,無 ICU Training,6 個月以上,,CVVH、IABP、ECMO,4,9,99,42,15,員工旅遊補助,5,普通,4,案件多但學得快,allow,,allow,,,
2025-10-14 08:13,新北市,區域醫院,國泰醫療財團法人汐止國泰綜合醫院,燒燙傷加護病房,護理長,QOD & PRN,QD & PRN,1:1,1:2,1:2,1:2,1:4,1:5 以上,其他,500,500,1000,800,否,2-3 小時,55-60,主管判斷,不清楚,否,,自願參加、無加給,CVVH、ECMO,5,11,116,49,17,,3,難以升遷,2,,,,,,,
2025-10-14,彰化縣,醫學中心,彰化基督教醫療財團法人彰化基督教兒童醫院,神經內科加護病房,N2,QOD & PRN,,1:2,1:2,1:4,1:3,1:3,1:3,混合制,400,600,400,600,否,,40-45,合理範圍給,是,是,3-6 個月,強制要求、無加給,CVVH、IABP、ECMO,7,12,103,43,15,宿舍（單人房）,4,機會多,4,資深領班受重視,allow,,allow,,,
2025-10-14,台北市,醫學中心,國立臺灣大學醫學院附設醫院兒童醫院,心臟外科加護病房 (CVICU),N1,QOD & PRN,QOD & PRN,1:2,1:2,1:3,1:4,1:3,1:5 以上,混合制,無,300,800,400,是,1-2 小時,45-50,主管判斷,,是,6 個月以上,自願參加、有加給,IABP,1,5,96,40,14,,3,機會多,3,可學到很多技術,allow,,,,,
2025-10-14,新北市,區域醫院,天主教耕莘醫療財團法人耕莘醫院,兒童加護病房 (PICU),N2,,QD & PRN,1:2,1:2,1:4,1:2,1:4,1:3,兩班制,600,200,無,1200,是,4 小時,50-55,合理範圍給,是,是,6 個月以上,強制要求、無加給,,6,8,84,35,13,宿舍（單人房）,4,機會多,3,資深領班受重視,allow,,allow,,,
2025-10-14,新竹縣,地區醫院,國立臺灣大學醫學院附設醫院新竹臺大分院生醫醫院竹東院區,呼吸加護病房 (RICU),N3,QOD & PRN,,1:2,1:2,1:3,1:2,1:3,1:4,三班制,400,無,800,1000,是,4 小時,50-55,一律給,,否,3-6 個月,強制要求、無加給,ECMO,6,12,85,36,13,,3,機會多,3,主管管太細,allow,,,,,
2025-10-13 19:35,南投縣,區域醫院,埔基醫療財團法人埔里基督教醫院,外科加護病房,N3,QD & PRN,QD & PRN,1:3,1:2,1:2,1:2,1:4,1:4,混合制,600,500,500,1000,是,,45-50,一律給,是,是,,自願參加、無加給,CVVH、ECMO,8,11,107,45,16,,3,難以升遷,2,人力穩定但行政會議多,allow,,,,,
2025-10-13 17:53,宜蘭縣,地區醫院,臺北榮民總醫院員山分院,神經外科加護病房 (NSICU),護理長,QOD & PRN,QOD & PRN,1:2,1:2,1:2,1:4,1:3,1:3,兩班制,250,200,無,500,是,1-2 小時,45-50,主管判斷,是,無 ICU Training,1 個月以內,強制要求、有加給,IABP、ECMO,1,6,111,47,17,,4,普通,3,同事關係好,allow,,,,,
2025-10-13 16:53,台中市,區域醫院,李綜合醫療社團法人大甲李綜合醫院,綜合加護病房,N3,,QOD & PRN,1:3,1:3,1:2,1:4,1:5 以上,1:5 以上,三班制,500,300,800,無,是,,45-50,一律給,是,,無 ICU Training,強制要求、無加給,CVVH、IABP,8,12,107,45,16,,5,機會多,4,專科很強值得待,allow,,,,,
2025-10-13 15:36,新北市,醫學中心,醫療財團法人徐元智先生醫藥基金會亞東紀念醫院,加護中心,N0,QD & PRN,QD & PRN,1:3,1:4,1:3,1:2,1:2,1:3,三班制,300,無,400,1000,否,4 小時,50-55,合理範圍給,,是,無 ICU Training,自願參加、有加給,,7,7,98,41,15,員工餐廳伙食補助,3,機會多,3,門診作息穩定,allow,,allow,,,
2025-10-13 12:17,屏東縣,區域醫院,輔英科技大學附設醫院,神經內科加護病房,副護理長,QOD & PRN,,1:4,1:2,1:2,1:2,1:2,1:3,三班制,250,200,500,800,否,無,40-45,合理範圍給,,否,無 ICU Training,,CVVH、IABP、ECMO,8,14,113,47,17,員工餐廳伙食補助,4,機會多,4,專科很強值得待,allow,,allow,,,
2025-10-13 10:28,台南市,區域醫院,奇美醫療財團法人柳營奇美醫院,神經內科加護病房,N1,QD & PRN,QOD & PRN,1:2,1:2,1:2,1:3,1:4,1:3,三班制,300,500,800,無,是,無,45-50,合理範圍給,是,,,強制要求、有加給,ECMO,1,3,87,37,13,生日禮金、三節禮券,3,普通,2,門診作息穩定,allow,,allow,,,
2025-10-13 09:20,台中市,區域醫院,衛生福利部臺中醫院,加護中心,N3,QOD & PRN,,1:2,1:3,1:3,1:3,1:4,1:4,三班制,250,400,1000,無,是,2-3 小時,35-40,合理範圍給,,是,無 ICU Training,,ECMO,2,6,103,43,15,托兒補助,4,機會多,4,主管支持度高,allow,,allow,,,
2025-10-13,彰化縣,地區醫院,常春醫院,兒童加護病房 (PICU),N1,QOD & PRN,QD & PRN,1:4,1:3,1:3,1:4,1:4,1:4,混合制,600,無,1200,無,否,無,45-50,主管判斷,,是,不一定／依個人進度,,CVVH、IABP,7,12,77,32,12,進修學分補助、國外研討會補助,4,普通,4,安寧團隊互相 support,allow,,allow,,,
2025-10-12 22:53,台中市,醫學中心,臺中榮民總醫院,神經內科加護病房,N2,QOD & PRN,QOD & PRN,1:2,1:2,1:3,1:3,1:2,1:4,三班制,400,400,1000,500,否,無,40-45,合理範圍給,不清楚,是,1-3 個月,強制要求、無加給,CVVH、IABP、ECMO,1,2,104,44,16,年度自強活動,4,普通,4,主管支持度高,allow,,allow,,,
2025-10-12 22:37,嘉義市,區域醫院,臺中榮民總醫院嘉義分院,MICU,N1,,QOD & PRN,1:2,1:4,1:2,1:3,1:2,1:3,三班制,600,200,500,1000,否,4 小時,50-55,合理範圍給,否,,1-3 個月,無此制度,IABP、ECMO,5,5,83,35,12,,3,普通,3,資深領班受重視,allow,,,,,
2025-10-12 20:04,彰化縣,醫學中心,彰化基督教醫療財團法人彰化基督教醫院,綜合加護病房,N3,QD & PRN,,1:2,1:2,1:3,1:3,1:5 以上,1:5 以上,兩班制,無,500,1000,無,是,4 小時,45-50,主管判斷,,否,1 個月以內,自願參加、有加給,CVVH、IABP、ECMO,8,14,123,52,18,宿舍（單人房）,4,機會多,3,安寧團隊互相 support,allow,,allow,,,
2025-10-12,台南市,醫學中心,國立成功大學醫學院附設醫院,MICU,N2,QOD & PRN,QOD & PRN,1:2,1:3,1:3,1:3,1:4,1:4,兩班制,400,500,500,400,否,1 小時內,60+,一律不給,否,,,自願參加、有加給,,7,10,107,45,16,,4,機會多,3,主管支持度高,allow,,,,,
2025-10-12,台中市,醫學中心,臺中榮民總醫院,燒燙傷加護病房,N2,QD & PRN,QOD & PRN,1:4,1:4,1:2,1:3,1:3,1:3,其他,200,250,1200,1200,否,,35-40,一律給,,無 ICU Training,無 ICU Training,強制要求、無加給,IABP,2,7,105,44,16,醫療費用員工優惠,4,機會多,5,專科很強值得待,allow,,allow,,,
2025-10-12,新北市,醫學中心,佛教慈濟醫療財團法人台北慈濟醫院,神經外科加護病房 (NSICU),N3,QOD & PRN,,1:3,1:3,1:3,1:2,1:4,1:4,三班制,200,250,400,600,否,,45-50,一律給,是,無 ICU Training,6 個月以上,,CVVH、IABP,8,9,116,49,17,生日禮金、三節禮券,4,機會多,3,同事關係好,allow,,allow,,,
2025-10-11 22:02,苗栗縣,區域醫院,衛生福利部苗栗醫院,新生兒加護病房 (NICU),副護理長,QD & PRN,QD & PRN,1:3,1:3,1:2,1:4,1:3,1:4,三班制,無,250,無,500,否,,55-60,一律不給,不清楚,無 ICU Training,無 ICU Training,,IABP、ECMO,3,9,116,49,17,宿舍（單人房）,4,機會多,3,可學到很多技術,allow,,allow,,,
2025-10-11 12:21,新北市,區域醫院,輔仁大學學校財團法人輔仁大學附設醫院,新生兒加護病房 (NICU),N1,,QOD & PRN,1:3,1:2,1:2,1:4,1:3,1:5 以上,三班制,400,600,500,1200,否,4 小時,50-55,一律給,否,否,1 個月以內,,ECMO,1,1,78,33,12,,5,機會多,5,安寧團隊互相 support,allow,,,,,
2025-10-11,彰化縣,區域醫院,秀傳醫療財團法人彰濱秀傳紀念醫院,神經外科加護病房 (NSICU),N1,,QD & PRN,1:4,1:3,1:3,1:4,1:3,1:3,混合制,300,無,1200,800,否,,45-50,合理範圍給,否,,,強制要求、無加給,CVVH、IABP、ECMO,8,13,77,32,12,,3,機會多,3,主管支持度高,allow,,,,,
2025-10-11,台東縣,區域醫院,台灣基督長老教會馬偕醫療財團法人台東馬偕紀念醫院,SICU,N0,QOD & PRN,QOD & PRN,1:2,1:3,1:3,1:3,1:4,1:3,混合制,無,300,無,無,是,,40-45,一律給,是,,6 個月以上,強制要求、無加給,,3,4,86,36,13,員工健檢自費項目補助,3,機會多,3,案件量大但有規矩,allow,,allow,,,
2025-10-11,彰化縣,地區醫院,彰化基督教醫療財團法人員林基督教醫院,神經內科加護病房,N3,QD & PRN,QOD & PRN,1:2,1:4,1:3,1:3,1:3,1:4,三班制,無,無,800,600,是,1-2 小時,45-50,主管判斷,是,是,不一定／依個人進度,自願參加、有加給,,8,14,93,39,14,,3,難以升遷,2,工時長但待遇可,allow,,,,,
2025-10-11,台南市,醫學中心,國立成功大學醫學院附設醫院,內科加護病房,N2,QD & PRN,QOD & PRN,1:3,1:3,1:3,1:4,1:5 以上,1:5 以上,三班制,無,300,1200,500,否,1 小時內,50-55,合理範圍給,不清楚,,,無此制度,,4,5,97,41,15,宿舍（單人房）,3,難以升遷,2,新人訓練紮實,allow,,allow,,,
2025-10-11,台南市,醫學中心,國立成功大學醫學院附設醫院,外科加護病房,N3,QD & PRN,QD & PRN,1:4,1:3,1:4,1:3,1:5 以上,1:3,三班制,600,500,600,無,否,,55-60,主管判斷,不清楚,否,6 個月以上,,ECMO,2,5,115,48,17,醫療費用員工優惠,4,機會多,3,聽說主管會把加班時數改掉，申報的跟實際差很多。,review,不實指控,allow,,,
2025-10-10 13:16,新竹市,醫學中心,國立臺灣大學醫學院附設醫院新竹臺大分院新竹醫院,SICU,N1,QOD & PRN,QOD & PRN,1:4,1:2,1:3,1:2,1:3,1:4,三班制,300,200,800,600,是,4 小時,40-45,一律給,是,,不一定／依個人進度,強制要求、有加給,,5,5,100,42,15,宿舍（單人房）,5,機會多,4,兒科氣氛溫暖,allow,,allow,,,
2025-10-10 08:59,台北市,醫學中心,國泰醫療財團法人國泰綜合醫院,燒燙傷加護病房,N2,QOD & PRN,QD & PRN,1:3,1:3,1:3,1:3,1:3,1:4,混合制,300,無,800,500,否,無,60+,一律不給,不清楚,,,強制要求、無加給,CVVH,3,9,109,46,16,,4,普通,3,薪資與制度都優,allow,,,,,
2025-10-10 07:24,彰化縣,醫學中心,彰化基督教醫療財團法人彰化基督教醫院,燒燙傷加護病房,N1,QD & PRN,,1:2,1:3,1:3,1:4,1:4,1:4,兩班制,200,300,600,無,否,無,50-55,一律給,,無 ICU Training,1-3 個月,,,4,8,93,39,14,年度自強活動,3,普通,3,加班頻率可接受,allow,,allow,,,
2025-10-10,新北市,醫學中心,佛教慈濟醫療財團法人台北慈濟醫院,神經外科加護病房 (NSICU),N1,,,1:2,1:4,1:3,1:3,1:4,1:3,兩班制,無,300,800,600,是,,50-55,一律給,,,不一定／依個人進度,自願參加、無加給,CVVH、IABP、ECMO,6,8,94,39,14,員工旅遊補助,5,普通,4,專科很強值得待,allow,,allow,,,
2025-10-10,高雄市,地區醫院,文雄醫院,加護中心,N1,QD & PRN,QD & PRN,1:2,1:4,1:3,1:2,1:3,1:3,三班制,無,300,1000,無,否,,60+,一律不給,,無 ICU Training,不一定／依個人進度,無此制度,CVVH、IABP、ECMO,3,3,65,30,10,,3,普通,2,,,,,,,
2025-10-09 22:49,台南市,醫學中心,奇美醫療財團法人奇美醫院及其樹林院區,神經外科加護病房 (NSICU),N0,QD & PRN,QOD & PRN,1:1,1:2,1:3,1:4,1:3,1:3,混合制,200,400,1000,800,否,2-3 小時,45-50,主管判斷,,否,,強制要求、無加給,CVVH,7,9,87,37,13,托兒補助,3,機會多,3,薪資與制度都優,allow,,allow,,,
2025-10-09 19:15,台南市,區域醫院,臺南市立安南醫院-委託中國醫藥大學興建經營,心臟內科加護病房 (CCU),N1,QD & PRN,QOD & PRN,1:2,1:3,1:2,1:2,1:2,1:3,三班制,250,500,800,1200,否,,55-60,主管判斷,,無 ICU Training,,自願參加、有加給,CVVH、ECMO,3,7,84,35,13,,3,難以升遷,2,工時長但待遇可,allow,,,,,
2025-10-09 19:03,桃園市,地區醫院,大園敏盛醫院,心臟內科加護病房 (CCU),N3,QOD & PRN,QD & PRN,1:2,1:3,1:2,1:3,1:4,1:5 以上,混合制,300,無,500,無,否,1 小時內,50-55,合理範圍給,,無 ICU Training,無 ICU Training,自願參加、無加給,,7,11,91,38,14,托兒補助,3,難以升遷,2,工時長但待遇可,allow,,allow,,,
2025-10-09 13:56,嘉義市,地區醫院,仁德醫療社團法人陳仁德醫院,呼吸加護病房 (RICU),N0,,,1:2,1:3,1:3,1:3,1:3,1:4,三班制,600,300,無,400,是,,45-50,主管判斷,是,是,,,CVVH,6,11,58,30,9,年度自強活動,4,機會多,3,工時長但待遇可,allow,,allow,,,
2025-10-09 12:27,高雄市,區域醫院,高雄市立小港醫院（委託財團法人私立高雄醫學大學經營）,綜合加護病房,副護理長,QOD & PRN,,1:4,1:3,1:3,1:2,1:4,1:3,兩班制,500,500,無,600,否,,45-50,一律給,不清楚,否,1-3 個月,自願參加、無加給,,5,8,102,43,15,,3,機會多,3,門診作息穩定,allow,,,,,
2025-10-09 12:23,台南市,區域醫院,衛生福利部臺南醫院,外科加護病房,N3,QOD & PRN,QOD & PRN,1:3,1:3,1:2,1:2,1:5 以上,1:5 以上,其他,200,500,400,800,否,無,55-60,一律不給,,無 ICU Training,3-6 個月,自願參加、有加給,,3,9,104,44,16,,3,難以升遷,2,加班沒給,allow,,,,,
2025-10-09 11:34,新北市,醫學中心,醫療財團法人徐元智先生醫藥基金會亞東紀念醫院,MICU,N4,QD & PRN,QOD & PRN,1:3,1:3,1:4,1:3,1:4,1:4,三班制,無,250,400,1000,是,,45-50,合理範圍給,否,無 ICU Training,,強制要求、無加給,ECMO,6,11,135,57,20,,3,難以升遷,1,主管常 stand-by 不夠,allow,,,,,
2025-10-09 07:50,台南市,醫學中心,奇美醫療財團法人奇美醫院及其樹林院區,燒燙傷加護病房,N2,,QOD & PRN,1:1,1:3,1:2,1:3,1:4,1:5 以上,三班制,200,無,1200,1200,是,1 小時內,40-45,合理範圍給,不清楚,無 ICU Training,無 ICU Training,,CVVH、IABP、ECMO,7,7,111,47,17,,3,難以升遷,2,leader 形同虛設,allow,,,,,
2025-10-09,高雄市,醫學中心,義大醫療財團法人義大醫院,兒童加護病房 (PICU),N4,QOD & PRN,,1:3,1:2,1:4,1:4,1:5 以上,1:4,三班制,無,600,400,800,是,,40-45,合理範圍給,,是,無 ICU Training,無此制度,CVVH、IABP、ECMO,8,10,137,58,21,,3,普通,3,排班相對人性化,allow,,,,,
2025-10-09,台中市,區域醫院,國軍臺中總醫院附設民眾診療服務處,MICU,副護理長,,,1:1,1:3,1:2,1:3,1:2,1:5 以上,其他,300,200,600,1000,否,無,45-50,合理範圍給,,,1-3 個月,,IABP、ECMO,3,7,102,43,15,,5,機會多,5,資深領班受重視,allow,,,,,
2025-10-08,新北市,醫學中心,醫療財團法人徐元智先生醫藥基金會亞東紀念醫院,心臟內科加護病房 (CCU),N3,QOD & PRN,QD & PRN,1:3,1:3,1:4,1:2,1:3,1:4,三班制,600,200,500,1200,是,無,35-40,合理範圍給,不清楚,是,,自願參加、無加給,IABP、ECMO,7,11,122,51,18,托兒補助,4,普通,4,,,,allow,,,
2025-10-08,苗栗縣,地區醫院,重光醫院,心臟外科加護病房 (CVICU),N1,QD & PRN,QOD & PRN,1:2,1:4,1:2,1:4,1:4,1:3,三班制,200,600,無,無,否,無,50-55,一律給,是,是,,強制要求、無加給,CVVH、IABP、ECMO,1,2,72,30,11,,3,機會多,3,,,,,,,
2025-10-08,花蓮縣,醫學中心,佛教慈濟醫療財團法人花蓮慈濟醫院,加護中心,副護理長,,QOD & PRN,1:2,1:2,1:3,1:2,1:4,1:3,三班制,300,600,1000,無,否,1-2 小時,35-40,一律給,,否,1-3 個月,,,6,7,128,54,19,,4,普通,4,團隊互助強,allow,,,,,
2025-10-08,新竹縣,區域醫院,國立臺灣大學醫學院附設醫院新竹臺大分院生醫醫院,心臟外科加護病房 (CVICU),N1,QOD & PRN,QOD & PRN,1:3,1:2,1:2,1:4,1:2,1:5 以上,三班制,300,600,500,400,是,,45-50,合理範圍給,,無 ICU Training,3-6 個月,自願參加、無加給,IABP、ECMO,8,11,78,33,12,,5,普通,4,,,,,,,
2025-10-07 14:22,新北市,醫學中心,台灣基督長老教會馬偕醫療財團法人淡水馬偕紀念醫院,內科加護病房,N2,,,1:2,1:3,1:3,1:2,1:3,1:4,三班制,300,200,500,1000,是,,45-50,合理範圍給,不清楚,,,,CVVH、ECMO,6,10,112,47,17,,4,普通,4,資深領班受重視,allow,,,,,
2025-10-07 13:59,台東縣,地區醫院,東基醫療財團法人台東基督教醫院,燒燙傷加護病房,N1,QOD & PRN,QOD & PRN,1:3,1:2,1:3,1:3,1:4,1:3,三班制,300,400,1000,1000,否,,60+,主管判斷,,,,,CVVH、IABP、ECMO,5,8,78,33,12,員工健檢自費項目補助,3,難以升遷,2,常被臨時調班,allow,,allow,,,
2025-10-07 12:14,台北市,區域醫院,臺北市立聯合醫院陽明院區,MICU,N3,,,1:2,1:3,1:3,1:4,1:3,1:4,三班制,600,250,500,600,否,2-3 小時,45-50,一律給,,,,強制要求、無加給,,4,4,107,45,16,員工旅遊補助,4,機會多,4,氣氛輕鬆,allow,,allow,,,
2025-10-07 11:36,台北市,醫學中心,國立台灣大學醫學院附設醫院,外科加護病房,N2,QOD & PRN,QOD & PRN,1:4,1:4,1:2,1:4,1:3,1:4,三班制,無,無,無,400,是,,45-50,主管判斷,是,,6 個月以上,,,1,5,113,47,17,,4,機會多,4,,,,,,,
2025-10-07,台北市,區域醫院,振興醫療財團法人振興醫院,外科加護病房,N2,QOD & PRN,QD & PRN,1:3,1:3,1:2,1:2,1:3,1:5 以上,混合制,400,250,1200,無,否,,45-50,一律給,是,是,不一定／依個人進度,,,5,6,86,36,13,員工餐廳伙食補助,3,機會多,3,同事關係好,allow,,allow,,,
2025-10-07,屏東縣,地區醫院,國仁醫院,呼吸加護病房 (RICU),N0,,QOD & PRN,1:3,1:2,1:2,1:3,1:4,1:3,三班制,250,250,500,500,是,,45-50,合理範圍給,,無 ICU Training,無 ICU Training,,CVVH、IABP,1,3,57,30,9,,5,機會多,5,案件多但學得快,allow,,,,,
2025-10-06 17:29,台中市,醫學中心,中山醫學大學附設醫院,SICU,N0,QOD & PRN,,1:1,1:3,1:3,1:3,1:2,1:3,混合制,400,400,600,1000,否,,40-45,合理範圍給,否,無 ICU Training,,無此制度,ECMO,2,4,99,42,15,年度自強活動,4,機會多,5,訓練體系完整,allow,,allow,,,
2025-10-06 14:52,台中市,區域醫院,童綜合醫療社團法人童綜合醫院及其沙鹿院區,神經內科加護病房,N1,QD & PRN,,1:1,1:2,1:4,1:3,1:4,1:4,兩班制,500,400,400,1200,是,4 小時,45-50,主管判斷,是,否,不一定／依個人進度,自願參加、有加給,CVVH,1,5,84,35,13,醫療費用員工優惠,4,機會多,4,兒科氣氛溫暖,allow,,allow,,,
2025-10-06,高雄市,地區醫院,建佑醫院,神經內科加護病房,N1,QD & PRN,QOD & PRN,1:3,1:3,1:2,1:3,1:2,1:3,三班制,500,200,無,1000,是,,50-55,合理範圍給,是,是,,強制要求、無加給,,2,7,64,30,10,,3,普通,3,氣氛輕鬆,allow,,,,,
2025-10-06,高雄市,區域醫院,衛生福利部旗山醫院,新生兒加護病房 (NICU),N3,QD & PRN,,1:4,1:2,1:2,1:3,1:3,1:3,其他,無,無,400,1200,是,1-2 小時,50-55,合理範圍給,是,,6 個月以上,強制要求、有加給,IABP,5,8,98,41,15,員工旅遊補助,4,普通,4,,,,allow,,,
2025-10-06,台北市,醫學中心,國立台灣大學醫學院附設醫院,神經外科加護病房 (NSICU),N4,,QOD & PRN,1:1,1:2,1:2,1:3,1:3,1:3,兩班制,無,300,800,1200,否,,40-45,合理範圍給,是,是,1 個月以內,自願參加、無加給,,5,8,135,57,20,員工餐廳伙食補助,3,普通,2,夜班輪轉公平,allow,,allow,,,
2025-10-06,台東縣,地區醫院,衛生福利部臺東醫院,兒童加護病房 (PICU),N2,QD & PRN,,1:2,1:3,1:3,1:3,1:5 以上,1:5 以上,混合制,300,200,1200,無,是,無,35-40,一律給,不清楚,,3-6 個月,強制要求、有加給,CVVH、IABP、ECMO,2,4,81,34,12,員工餐廳伙食補助,3,機會多,3,護理長王〇〇每天在交班時點名罵人，副護理長也不敢講話。,block,揭露第三人身分,allow,,,
2025-10-06,台北市,醫學中心,臺北榮民總醫院,MICU,N3,QD & PRN,,1:2,1:2,1:3,1:4,1:2,1:5 以上,其他,250,500,800,800,是,,40-45,合理範圍給,不清楚,否,1-3 個月,無此制度,CVVH,4,8,110,46,17,,4,機會多,4,團隊互助強,allow,,,,,
2025-10-06,新北市,醫學中心,佛教慈濟醫療財團法人台北慈濟醫院,綜合加護病房,N1,,,1:2,1:2,1:4,1:4,1:4,1:3,三班制,250,無,1000,400,否,4 小時,40-45,主管判斷,,是,1 個月以內,無此制度,CVVH、IABP、ECMO,6,11,104,44,16,醫療費用員工優惠,5,機會多,4,,,,allow,,,
2025-10-05 18:39,彰化縣,區域醫院,秀傳醫療社團法人秀傳紀念醫院,外科加護病房,N1,QD & PRN,,1:3,1:3,1:3,1:3,1:2,1:3,三班制,300,500,400,無,否,,50-55,一律給,不清楚,是,6 個月以上,,CVVH、IABP,4,4,93,39,14,員工餐廳伙食補助,3,普通,2,工時長到爆,allow,,allow,,,
2025-10-05,台北市,醫學中心,三軍總醫院附設民眾診療服務處及其汀州院區,內科加護病房,N3,QD & PRN,,1:3,1:2,1:3,1:2,1:4,1:4,三班制,400,無,1000,400,否,1-2 小時,60+,主管判斷,否,,不一定／依個人進度,,,8,13,115,48,17,,3,難以升遷,2,人力穩定但行政會議多,allow,,,,,
2025-10-05,苗栗縣,區域醫院,為恭醫療財團法人為恭紀念醫院及其東興院區,新生兒加護病房 (NICU),N4,QD & PRN,QD & PRN,1:2,1:3,1:2,1:3,1:5 以上,1:4,混合制,500,300,1200,500,否,,40-45,合理範圍給,是,是,不一定／依個人進度,強制要求、無加給,CVVH、ECMO,6,6,108,45,16,進修學分補助、國外研討會補助,4,普通,3,可學到很多技術,allow,,allow,,,
2025-10-05,台中市,醫學中心,中國醫藥大學附設醫院,神經外科加護病房 (NSICU),N1,,QD & PRN,1:3,1:3,1:3,1:3,1:4,1:4,其他,600,600,600,400,是,4 小時,45-50,合理範圍給,,否,,自願參加、無加給,IABP、ECMO,1,4,99,42,15,生日禮金、三節禮券,3,普通,3,,,,allow,,,
2025-10-05,高雄市,地區醫院,維馨乳房外科醫院,兒童加護病房 (PICU),N4,QD & PRN,,1:1,1:2,1:3,1:3,1:5 以上,1:5 以上,混合制,250,600,400,400,否,4 小時,40-45,合理範圍給,,否,1-3 個月,,CVVH,8,8,103,43,15,,4,機會多,4,,,,,,,
2025-10-05,台北市,醫學中心,臺北市立萬芳醫院-委託臺北醫學大學辦理,加護中心,N3,QD & PRN,QD & PRN,1:4,1:2,1:2,1:3,1:3,1:4,兩班制,600,無,400,1000,否,2-3 小時,50-55,一律給,否,否,無 ICU Training,自願參加、有加給,CVVH、ECMO,3,9,114,48,17,,4,普通,4,專科很強值得待,allow,,,,,
2025-10-05,台北市,醫學中心,國立台灣大學醫學院附設醫院,SICU,N3,,QOD & PRN,1:3,1:2,1:4,1:3,1:3,1:4,三班制,500,400,1200,500,是,1-2 小時,40-45,主管判斷,否,是,,,,7,10,108,45,16,宿舍（單人房）,4,機會多,4,可學到很多技術,allow,,allow,,,
2025-10-05,桃園市,區域醫院,臺北榮民總醫院桃園分院,神經外科加護病房 (NSICU),N4,,QOD & PRN,1:1,1:4,1:3,1:3,1:3,1:4,三班制,500,200,1000,600,否,1-2 小時,35-40,合理範圍給,,否,無 ICU Training,,CVVH、IABP、ECMO,4,7,108,45,16,,5,機會多,5,資深領班受重視,allow,,,,,
2025-10-05,台南市,區域醫院,台灣基督長老教會新樓醫療財團法人台南新樓醫院,呼吸加護病房 (RICU),N2,QOD & PRN,QD & PRN,1:1,1:3,1:4,1:4,1:4,1:4,三班制,600,600,600,1000,是,4 小時,45-50,合理範圍給,否,無 ICU Training,1 個月以內,,IABP、ECMO,4,8,97,41,15,,3,機會多,3,,,,,,,
2025-10-04 17:57,台中市,地區醫院,賢德醫院及其樹孝院區,SICU,N3,QD & PRN,QD & PRN,1:4,1:3,1:3,1:3,1:3,1:3,混合制,250,無,400,500,是,4 小時,50-55,一律給,是,是,,自願參加、有加給,CVVH、ECMO,3,9,86,36,13,,4,機會多,4,案件多但學得快,allow,,,,,
2025-10-04 14:16,台中市,醫學中心,中國醫藥大學附設醫院,心臟內科加護病房 (CCU),N3,QOD & PRN,,1:3,1:3,1:3,1:2,1:4,1:3,兩班制,500,200,1200,600,否,1 小時內,50-55,一律給,是,無 ICU Training,1-3 個月,,CVVH,1,2,116,49,17,,4,普通,4,聽說主管會把加班時數改掉，申報的跟實際差很多。,review,不實指控,,,,
2025-10-04,花蓮縣,區域醫院,國軍花蓮總醫院附設民眾診療服務處,外科加護病房,N1,QOD & PRN,QD & PRN,1:1,1:4,1:2,1:2,1:3,1:5 以上,三班制,300,無,600,1000,否,4 小時,50-55,合理範圍給,不清楚,是,,,,8,13,86,36,13,,3,難以升遷,2,沒人沒錢沒尊重,allow,,,,,
2025-10-04,苗栗縣,區域醫院,為恭醫療財團法人為恭紀念醫院及其東興院區,神經內科加護病房,N1,,QD & PRN,1:4,1:4,1:3,1:3,1:4,1:3,兩班制,500,500,500,800,是,,50-55,一律給,不清楚,是,6 個月以上,自願參加、有加給,,3,4,81,34,12,,4,機會多,4,薪資與制度都優,allow,,,,,
2025-10-04,桃園市,區域醫院,長庚醫療財團法人桃園長庚紀念醫院及其長青院區,MICU,N0,QD & PRN,,1:2,1:2,1:2,1:3,1:4,1:5 以上,三班制,600,600,1200,500,否,2-3 小時,55-60,主管判斷,不清楚,否,不一定／依個人進度,自願參加、有加給,CVVH、IABP、ECMO,1,6,80,34,12,員工旅遊補助,3,難以升遷,1,新人零保護,allow,,allow,,,
2025-10-04,新竹市,醫學中心,國立臺灣大學醫學院附設醫院新竹臺大分院新竹醫院,SICU,N1,QOD & PRN,QD & PRN,1:2,1:3,1:2,1:3,1:3,1:5 以上,混合制,600,500,1000,600,否,無,40-45,主管判斷,否,,,自願參加、無加給,IABP、ECMO,5,10,107,45,16,,4,機會多,4,資深領班受重視,allow,,,,,
2025-10-03 14:21,彰化縣,醫學中心,彰化基督教醫療財團法人彰化基督教醫院,內科加護病房,N1,QOD & PRN,QOD & PRN,1:3,1:3,1:3,1:4,1:4,1:5 以上,三班制,600,300,無,500,否,2-3 小時,50-55,合理範圍給,不清楚,是,,自願參加、無加給,CVVH,5,7,107,45,16,員工餐廳伙食補助,4,機會多,4,同事關係好,allow,,allow,,,
2025-10-03 07:15,台北市,醫學中心,台灣基督長老教會馬偕醫療財團法人馬偕紀念醫院,神經外科加護病房 (NSICU),N0,,QD & PRN,1:1,1:3,1:3,1:3,1:5 以上,1:4,三班制,250,600,無,600,是,2-3 小時,40-45,主管判斷,,無 ICU Training,不一定／依個人進度,自願參加、無加給,CVVH、IABP,5,6,96,40,14,,5,機會多,4,案件多但學得快,allow,,,,,
2025-10-03,台中市,醫學中心,中國醫藥大學附設醫院,外科加護病房,副護理長,QOD & PRN,QD & PRN,1:3,1:4,1:3,1:3,1:3,1:3,三班制,無,600,400,1000,否,無,45-50,合理範圍給,不清楚,無 ICU Training,1-3 個月,,CVVH、IABP、ECMO,1,6,122,51,18,醫療費用員工優惠,4,普通,4,,,,allow,,,
2025-10-03,彰化縣,區域醫院,秀傳醫療財團法人彰濱秀傳紀念醫院,兒童加護病房 (PICU),N3,QD & PRN,,1:2,1:2,1:3,1:4,1:4,1:3,兩班制,無,500,1000,1000,是,,45-50,合理範圍給,,是,6 個月以上,自願參加、有加給,IABP、ECMO,7,7,104,44,16,員工餐廳伙食補助,4,機會多,4,氣氛輕鬆,allow,,allow,,,
2025-10-03,南投縣,區域醫院,埔基醫療財團法人埔里基督教醫院,心臟外科加護病房 (CVICU),護理長,QD & PRN,QOD & PRN,1:4,1:2,1:4,1:3,1:3,1:3,三班制,200,無,800,無,否,1-2 小時,35-40,合理範圍給,,,無 ICU Training,,CVVH,5,7,127,53,19,,4,機會多,3,氣氛輕鬆,allow,,,,,
2025-10-03,桃園市,醫學中心,長庚醫療財團法人林口長庚紀念醫院,MICU,N0,QD & PRN,QOD & PRN,1:2,1:3,1:2,1:3,1:3,1:4,兩班制,無,600,800,1000,是,無,35-40,合理範圍給,,,1-3 個月,強制要求、無加給,CVVH、IABP,6,10,101,42,15,醫療費用員工優惠,4,機會多,3,案件多但學得快,allow,,allow,,,
2025-10-03,新北市,區域醫院,衛生福利部臺北醫院,心臟內科加護病房 (CCU),N1,,,1:2,1:2,1:3,1:4,1:5 以上,1:3,混合制,600,無,1000,500,否,,45-50,合理範圍給,否,,,自願參加、有加給,CVVH、IABP、ECMO,6,9,93,39,14,,3,機會多,3,,,,,,,
2025-10-03,台南市,區域醫院,奇美醫療財團法人柳營奇美醫院,新生兒加護病房 (NICU),副護理長,QOD & PRN,QD & PRN,1:2,1:3,1:4,1:3,1:3,1:3,三班制,500,200,800,800,否,1 小時內,35-40,主管判斷,是,,不一定／依個人進度,自願參加、有加給,CVVH、IABP、ECMO,7,11,117,49,18,進修學分補助、國外研討會補助,3,機會多,3,案件多但學得快,allow,,allow,,,
2025-10-02 23:19,新北市,區域醫院,國泰醫療財團法人汐止國泰綜合醫院,MICU,護理長,QOD & PRN,QOD & PRN,1:3,1:2,1:3,1:3,1:3,1:4,兩班制,200,250,400,500,是,,40-45,合理範圍給,是,,,無此制度,IABP、ECMO,8,12,116,49,17,,4,普通,3,可學到很多技術,allow,,,,,
2025-10-02 11:07,新竹縣,區域醫院,國立臺灣大學醫學院附設醫院新竹臺大分院生醫醫院,SICU,N0,QOD & PRN,,1:3,1:2,1:4,1:3,1:5 以上,1:4,三班制,500,300,400,800,否,,45-50,合理範圍給,,無 ICU Training,3-6 個月,強制要求、無加給,,8,12,76,32,11,年度自強活動,4,普通,3,訓練體系完整,allow,,allow,,,
2025-10-02 07:11,桃園市,地區醫院,怡仁綜合醫院,MICU,N1,QOD & PRN,QOD & PRN,1:2,1:3,1:3,1:3,1:5 以上,1:5 以上,混合制,無,250,1000,1000,否,2-3 小時,60+,一律不給,否,無 ICU Training,1-3 個月,強制要求、無加給,,5,7,64,30,10,,4,普通,3,門診作息穩定,allow,,,,,
2025-10-02,高雄市,區域醫院,阮綜合醫療社團法人阮綜合醫院,兒童加護病房 (PICU),N4,QD & PRN,QD & PRN,1:3,1:3,1:4,1:3,1:4,1:5 以上,混合制,500,500,1200,600,是,,50-55,合理範圍給,,是,3-6 個月,自願參加、有加給,CVVH、IABP,8,9,118,50,18,生日禮金、三節禮券,5,機會多,5,,,,allow,,,
2025-10-02,台北市,區域醫院,臺北市立聯合醫院陽明院區,心臟外科加護病房 (CVICU),N1,,QD & PRN,1:1,1:2,1:2,1:4,1:2,1:3,三班制,300,200,無,800,是,,60+,一律不給,否,是,,無此制度,,8,10,86,36,13,,4,普通,3,,,,,,,
2025-10-01 23:09,台南市,醫學中心,奇美醫療財團法人奇美醫院及其樹林院區,MICU,N0,QD & PRN,,1:3,1:3,1:4,1:2,1:5 以上,1:5 以上,其他,400,500,600,500,否,,60+,主管判斷,,否,,,,2,4,100,42,15,,3,難以升遷,2,,,,,,,
2025-10-01 22:55,新北市,醫學中心,衛生福利部雙和醫院(委託臺北醫學大學興建經營),心臟內科加護病房 (CCU),副護理長,QOD & PRN,QD & PRN,1:2,1:3,1:3,1:3,1:5 以上,1:4,三班制,300,500,600,400,否,,40-45,一律給,是,,3-6 個月,無此制度,CVVH、IABP、ECMO,1,2,118,50,18,,4,機會多,3,專科氣氛 OK,allow,,,,,
2025-10-01 22:54,台北市,醫學中心,新光醫療財團法人新光吳火獅紀念醫院,外科加護病房,N4,QOD & PRN,QOD & PRN,1:2,1:3,1:3,1:3,1:5 以上,1:4,三班制,500,200,1200,400,是,,40-45,合理範圍給,是,,6 個月以上,無此制度,,4,8,127,53,19,,4,機會多,4,,,,,,,
2025-10-01 15:33,新竹縣,區域醫院,東元醫療社團法人東元綜合醫院,外科加護病房,N1,,,1:3,1:4,1:3,1:3,1:3,1:3,三班制,600,250,600,1200,否,,50-55,主管判斷,否,否,3-6 個月,自願參加、有加給,CVVH、ECMO,6,10,88,37,13,生日禮金、三節禮券,4,機會多,3,訓練體系完整,allow,,allow,,,
2025-10-01 07:48,高雄市,區域醫院,義大醫療財團法人義大癌治療醫院,內科加護病房,N2,QOD & PRN,QOD & PRN,1:1,1:2,1:3,1:3,1:2,1:3,兩班制,無,300,600,500,否,,45-50,一律給,是,,6 個月以上,強制要求、無加給,ECMO,3,6,91,38,14,,3,機會多,3,安寧團隊互相 support,allow,,,,,
2025-10-01,台中市,醫學中心,臺中榮民總醫院,心臟內科加護病房 (CCU),N4,,QD & PRN,1:2,1:3,1:3,1:3,1:5 以上,1:3,其他,200,500,600,無,是,1-2 小時,35-40,合理範圍給,否,是,1 個月以內,強制要求、無加給,ECMO,2,8,122,51,18,員工旅遊補助,4,機會多,5,某位資深學姊很愛針對新人，大家都知道是誰。,review,揭露第三人身分,allow,,,
2025-10-01,台北市,醫學中心,國立台灣大學醫學院附設醫院,綜合加護病房,護理長,QOD & PRN,QD & PRN,1:1,1:2,1:3,1:4,1:3,1:4,兩班制,300,無,800,500,是,,55-60,一律不給,否,否,3-6 個月,,,2,7,141,59,21,,2,難以升遷,1,主管常 stand-by 不夠,allow,,,,,
2025-10-01,台中市,醫學中心,中國醫藥大學兒童醫院,加護中心,N3,,QD & PRN,1:2,1:2,1:2,1:3,1:5 以上,1:4,混合制,無,400,1000,1200,否,4 小時,35-40,主管判斷,,,1-3 個月,,CVVH、IABP,8,9,115,48,17,生日禮金、三節禮券,4,普通,4,氣氛輕鬆,allow,,allow,,,
2025-09-30 15:52,桃園市,醫學中心,長庚醫療財團法人林口長庚紀念醫院,新生兒加護病房 (NICU),N2,,QOD & PRN,1:2,1:3,1:2,1:3,1:4,1:5 以上,三班制,無,無,1000,400,是,1 小時內,35-40,主管判斷,是,,1 個月以內,自願參加、無加給,CVVH、IABP、ECMO,4,10,101,42,15,年度自強活動,3,難以升遷,2,新人零保護,allow,,allow,,,
2025-09-30 15:28,新北市,醫學中心,台灣基督長老教會馬偕醫療財團法人淡水馬偕紀念醫院,燒燙傷加護病房,護理長,QOD & PRN,QOD & PRN,1:2,1:3,1:3,1:4,1:3,1:5 以上,三班制,600,250,1000,400,否,2-3 小時,45-50,一律給,是,是,,,CVVH、IABP,5,6,135,57,20,,3,機會多,3,薪資與制度都優,allow,,,,,
2025-09-30,嘉義市,區域醫院,天主教中華聖母修女會醫療財團法人天主教聖馬爾定醫,兒童加護病房 (PICU),N1,QOD & PRN,,1:2,1:3,1:2,1:2,1:3,1:5 以上,三班制,200,250,800,1200,是,4 小時,60+,主管判斷,,,無 ICU Training,強制要求、無加給,CVVH、IABP、ECMO,8,12,90,38,14,醫療費用員工優惠,3,難以升遷,1,人力嚴重不足,allow,,allow,,,
2025-09-30,台南市,區域醫院,臺南市立安南醫院-委託中國醫藥大學興建經營,兒童加護病房 (PICU),N1,QD & PRN,QOD & PRN,1:4,1:4,1:3,1:3,1:3,1:5 以上,兩班制,400,無,1200,500,否,1 小時內,45-50,主管判斷,,是,無 ICU Training,無此制度,IABP、ECMO,5,11,85,36,13,托兒補助,4,普通,4,氣氛輕鬆,allow,,allow,,,
2025-09-30,台中市,醫學中心,中山醫學大學附設醫院,燒燙傷加護病房,N0,,QOD & PRN,1:3,1:2,1:2,1:4,1:5 以上,1:3,其他,400,600,500,無,否,,45-50,合理範圍給,,否,,自願參加、有加給,,6,6,94,39,14,,4,普通,4,可學到很多技術,allow,,,,,
2025-09-30,基隆市,區域醫院,衛生福利部基隆醫院,燒燙傷加護病房,N1,,QD & PRN,1:3,1:3,1:2,1:3,1:2,1:5 以上,兩班制,400,無,800,500,是,無,40-45,主管判斷,否,否,3-6 個月,,IABP、ECMO,1,6,87,37,13,生日禮金、三節禮券,5,機會多,4,專科很強值得待,allow,,allow,,,
2025-09-29 20:49,新竹縣,區域醫院,國立臺灣大學醫學院附設醫院新竹臺大分院生醫醫院,新生兒加護病房 (NICU),副護理長,QOD & PRN,,1:4,1:3,1:3,1:4,1:4,1:4,三班制,250,無,500,無,否,4 小時,60+,一律不給,不清楚,無 ICU Training,,,IABP、ECMO,5,10,115,48,17,,3,難以升遷,2,,,,,,,
2025-09-29 15:11,台北市,醫學中心,國立台灣大學醫學院附設醫院,神經外科加護病房 (NSICU),N2,QOD & PRN,QD & PRN,1:3,1:2,1:3,1:4,1:3,1:3,三班制,250,無,1000,400,否,1-2 小時,45-50,主管判斷,不清楚,無 ICU Training,,自願參加、無加給,,3,6,104,44,16,年度自強活動,4,機會多,4,可學到很多技術,allow,,allow,,,
2025-09-29,新北市,地區醫院,板橋中興醫院及其海山院區,MICU,N1,QOD & PRN,QOD & PRN,1:3,1:4,1:2,1:2,1:4,1:5 以上,混合制,600,500,600,600,否,1 小時內,60+,主管判斷,否,,3-6 個月,,CVVH、IABP、ECMO,1,4,67,30,10,,2,難以升遷,1,人力嚴重不足,allow,,,,,
2025-09-29,高雄市,醫學中心,財團法人私立高雄醫學大學附設中和紀念醫院,綜合加護病房,N2,,QOD & PRN,1:4,1:3,1:2,1:4,1:4,1:4,三班制,600,500,無,400,否,1 小時內,50-55,主管判斷,是,否,6 個月以上,強制要求、有加給,ECMO,7,9,99,42,15,員工旅遊補助,4,機會多,3,加班頻率可接受,allow,,allow,,,
2025-09-29,台中市,區域醫院,亞洲大學附屬醫院,綜合加護病房,N1,QD & PRN,QOD & PRN,1:3,1:2,1:3,1:3,1:3,1:3,三班制,300,250,1000,1000,是,2-3 小時,35-40,主管判斷,是,,不一定／依個人進度,強制要求、有加給,CVVH、IABP、ECMO,1,7,81,34,12,,3,機會多,3,,,,,,,
2025-09-29,台南市,地區醫院,大安婦幼醫院,內科加護病房,N3,,,1:2,1:2,1:3,1:2,1:4,1:3,其他,500,200,1000,無,否,4 小時,55-60,主管判斷,是,是,,強制要求、有加給,ECMO,3,8,83,35,12,年度自強活動,2,難以升遷,1,人力極端不足,allow,,allow,,,
2025-09-28 13:39,台中市,區域醫院,仁愛醫療財團法人大里仁愛醫院,綜合加護病房,N4,QD & PRN,,1:2,1:4,1:4,1:3,1:2,1:3,三班制,200,600,1200,1000,否,4 小時,50-55,主管判斷,,無 ICU Training,,,ECMO,4,10,113,47,17,,4,機會多,3,主管管太細,allow,,,,,
2025-09-28 08:56,台北市,醫學中心,台灣基督長老教會馬偕醫療財團法人馬偕紀念醫院,呼吸加護病房 (RICU),N3,,QOD & PRN,1:4,1:3,1:2,1:3,1:3,1:4,三班制,300,250,無,600,否,4 小時,50-55,一律給,,,,自願參加、有加給,CVVH、IABP、ECMO,1,6,123,52,18,員工旅遊補助,3,難以升遷,2,,,,allow,,,
2025-09-28,台北市,區域醫院,振興醫療財團法人振興醫院,內科加護病房,N2,QD & PRN,QD & PRN,1:2,1:4,1:3,1:3,1:3,1:5 以上,混合制,250,400,400,1200,是,無,45-50,主管判斷,不清楚,,不一定／依個人進度,強制要求、有加給,CVVH、IABP,1,4,88,37,13,,4,普通,4,,,,,,,
2025-09-28,新北市,醫學中心,醫療財團法人徐元智先生醫藥基金會亞東紀念醫院,內科加護病房,N2,QOD & PRN,QD & PRN,1:4,1:2,1:3,1:3,1:2,1:3,三班制,200,300,800,500,是,無,40-45,主管判斷,,是,6 個月以上,,ECMO,2,5,110,46,17,,4,機會多,4,薪資與制度都優,allow,,,,,
2025-09-28,台中市,醫學中心,中山醫學大學附設醫院,兒童加護病房 (PICU),N3,,QOD & PRN,1:2,1:4,1:3,1:3,1:3,1:4,混合制,400,250,無,1000,否,4 小時,40-45,主管判斷,,,3-6 個月,強制要求、無加給,CVVH、IABP、ECMO,2,2,114,48,17,年度自強活動,4,機會多,3,主管管太細,allow,,allow,,,
2025-09-27 20:27,新北市,醫學中心,醫療財團法人徐元智先生醫藥基金會亞東紀念醫院,內科加護病房,N2,,QD & PRN,1:2,1:2,1:2,1:2,1:3,1:3,其他,300,無,500,無,否,1-2 小時,55-60,一律不給,,,,,CVVH、IABP、ECMO,8,12,104,44,16,,3,難以升遷,2,人力過勞且無加班費,allow,,,,,
2025-09-27 17:59,新北市,醫學中心,佛教慈濟醫療財團法人台北慈濟醫院,加護中心,N4,,QOD & PRN,1:2,1:3,1:3,1:4,1:3,1:5 以上,兩班制,200,600,1200,800,是,無,35-40,合理範圍給,是,,不一定／依個人進度,自願參加、有加給,,6,9,127,53,19,托兒補助,3,普通,3,主管支持度高,allow,,allow,,,
2025-09-27 17:01,高雄市,地區醫院,金安心醫院,加護中心,N1,,QOD & PRN,1:2,1:3,1:4,1:4,1:3,1:4,三班制,無,200,400,800,否,無,50-55,合理範圍給,,,,強制要求、無加給,CVVH、ECMO,8,13,77,32,12,,4,機會多,3,中部醫院 case 量適中,allow,,,,,
2025-09-27,彰化縣,區域醫院,衛生福利部彰化醫院,心臟內科加護病房 (CCU),N1,,QD & PRN,1:1,1:4,1:4,1:3,1:3,1:4,混合制,300,600,500,1000,是,,40-45,一律給,,,無 ICU Training,,,7,9,87,37,13,,3,機會多,3,,,,,,,
2025-09-27,台北市,醫學中心,三軍總醫院附設民眾診療服務處及其汀州院區,新生兒加護病房 (NICU),N3,QD & PRN,,1:3,1:2,1:2,1:4,1:3,1:3,三班制,300,400,800,1000,否,,45-50,主管判斷,不清楚,,6 個月以上,強制要求、有加給,IABP、ECMO,7,10,111,47,17,進修學分補助、國外研討會補助,4,機會多,4,,,,allow,,,
2025-09-27,宜蘭縣,區域醫院,醫療財團法人羅許基金會羅東博愛醫院,綜合加護病房,N2,,QOD & PRN,1:3,1:3,1:4,1:3,1:3,1:3,三班制,600,無,1200,1000,否,4 小時,60+,一律不給,,無 ICU Training,1 個月以內,無此制度,IABP、ECMO,4,8,92,39,14,員工健檢自費項目補助,3,難以升遷,1,常被臨時調班,allow,,allow,,,
2025-09-27,桃園市,地區醫院,振生醫院,燒燙傷加護病房,護理長,QOD & PRN,QOD & PRN,1:2,1:2,1:3,1:3,1:3,1:3,兩班制,400,600,500,1200,是,無,35-40,主管判斷,,無 ICU Training,1 個月以內,強制要求、無加給,CVVH、IABP,2,7,100,42,15,,4,普通,4,同事關係好,allow,,,,,
2025-09-27,台北市,醫學中心,台灣基督長老教會馬偕醫療財團法人馬偕紀念醫院,加護中心,N2,,QD & PRN,1:3,1:2,1:2,1:3,1:4,1:5 以上,混合制,無,250,無,1200,否,,40-45,主管判斷,,是,3-6 個月,自願參加、無加給,CVVH、ECMO,7,8,97,41,15,,5,機會多,4,,,,,,,
2025-09-27,台中市,區域醫院,衛生福利部豐原醫院,神經外科加護病房 (NSICU),護理長,,,1:4,1:2,1:3,1:2,1:5 以上,1:5 以上,混合制,500,200,500,1000,是,2-3 小時,35-40,主管判斷,,是,,強制要求、無加給,IABP、ECMO,6,7,112,47,17,,4,機會多,4,某位資深學姊很愛針對新人，大家都知道是誰。,review,揭露第三人身分,,,,
2025-09-27,高雄市,地區醫院,德謙醫院,新生兒加護病房 (NICU),N3,QOD & PRN,,1:1,1:3,1:3,1:4,1:4,1:4,混合制,200,300,無,400,否,2-3 小時,40-45,合理範圍給,是,,不一定／依個人進度,無此制度,CVVH,8,12,78,33,12,員工餐廳伙食補助,5,普通,4,兒科氣氛溫暖,allow,,allow,,,
2025-09-26 22:42,台東縣,區域醫院,台灣基督長老教會馬偕醫療財團法人台東馬偕紀念醫院,神經內科加護病房,N0,QOD & PRN,QD & PRN,1:3,1:3,1:4,1:3,1:3,1:3,混合制,無,600,500,600,否,,45-50,合理範圍給,是,是,不一定／依個人進度,無此制度,CVVH、IABP、ECMO,1,6,77,32,12,,3,難以升遷,2,,,,,,,
2025-09-26 20:31,台北市,區域醫院,國立臺灣大學醫學院附設醫院癌醫中心分院,外科加護病房,N1,QD & PRN,QD & PRN,1:2,1:4,1:3,1:4,1:2,1:3,三班制,無,250,無,1200,是,,40-45,一律給,不清楚,否,1 個月以內,,CVVH、IABP、ECMO,6,11,86,36,13,,4,機會多,4,案件多但學得快,allow,,,,,
2025-09-26 17:57,新北市,醫學中心,衛生福利部雙和醫院(委託臺北醫學大學興建經營),外科加護病房,N0,,QOD & PRN,1:4,1:3,1:3,1:3,1:3,1:3,三班制,600,400,1000,400,是,1-2 小時,45-50,一律給,是,是,3-6 個月,無此制度,,8,11,88,37,13,,4,普通,4,安寧團隊互相 support,allow,,,,,
2025-09-26 09:25,新北市,區域醫院,國泰醫療財團法人汐止國泰綜合醫院,內科加護病房,N4,,,1:3,1:2,1:3,1:4,1:3,1:5 以上,兩班制,500,300,無,600,是,,55-60,主管判斷,不清楚,,1-3 個月,無此制度,,8,10,114,48,17,,3,普通,2,新人零保護,allow,,,,,
2025-09-26,新北市,醫學中心,台灣基督長老教會馬偕醫療財團法人淡水馬偕紀念醫院,內科加護病房,N0,QD & PRN,,1:2,1:4,1:3,1:2,1:4,1:4,兩班制,200,300,1000,1000,是,2-3 小時,35-40,合理範圍給,是,,無 ICU Training,自願參加、無加給,CVVH、IABP、ECMO,5,7,92,39,14,宿舍（單人房）,4,機會多,5,氣氛輕鬆,allow,,allow,,,
2025-09-26,台北市,醫學中心,台灣基督長老教會馬偕醫療財團法人馬偕兒童醫院,心臟外科加護病房 (CVICU),N2,QOD & PRN,,1:3,1:3,1:2,1:4,1:4,1:4,三班制,200,300,600,600,是,1-2 小時,35-40,一律給,是,是,,無此制度,CVVH、IABP,2,2,105,44,16,,4,普通,4,團隊互助強,allow,,,,,
2025-09-26,高雄市,區域醫院,高雄市立小港醫院（委託財團法人私立高雄醫學大學經營）,神經內科加護病房,護理長,QD & PRN,QD & PRN,1:2,1:2,1:3,1:3,1:3,1:3,其他,400,無,800,500,是,無,45-50,一律給,否,否,3-6 個月,無此制度,CVVH、IABP、ECMO,6,8,117,49,18,,4,普通,3,訓練體系完整,allow,,,,,
2025-09-26,南投縣,區域醫院,埔基醫療財團法人埔里基督教醫院,呼吸加護病房 (RICU),N1,QOD & PRN,QD & PRN,1:2,1:3,1:2,1:3,1:2,1:5 以上,兩班制,600,250,600,800,否,無,45-50,主管判斷,,無 ICU Training,,強制要求、有加給,,5,11,86,36,13,,4,機會多,4,排班相對人性化,allow,,,,,
2025-09-25 16:39,台中市,區域醫院,亞洲大學附屬醫院,外科加護病房,N1,QD & PRN,QD & PRN,1:2,1:2,1:4,1:3,1:5 以上,1:5 以上,其他,200,250,1000,1200,是,2-3 小時,45-50,主管判斷,是,無 ICU Training,不一定／依個人進度,自願參加、無加給,CVVH、IABP、ECMO,3,5,83,35,12,員工餐廳伙食補助,5,普通,5,訓練體系完整,allow,,allow,,,
2025-09-25 13:49,嘉義市,區域醫院,戴德森醫療財團法人嘉義基督教醫院,新生兒加護病房 (NICU),副護理長,QD & PRN,QD & PRN,1:3,1:4,1:4,1:4,1:4,1:4,三班制,200,250,400,800,否,無,50-55,合理範圍給,,是,,強制要求、無加給,CVVH、IABP、ECMO,5,10,110,46,17,,3,難以升遷,2,主管管太細,allow,,,,,
2025-09-25 10:26,桃園市,地區醫院,中美醫院,外科加護病房,N0,QOD & PRN,QOD & PRN,1:2,1:4,1:2,1:3,1:3,1:3,混合制,200,250,1200,1000,是,1 小時內,35-40,一律給,,是,,強制要求、無加給,IABP、ECMO,8,8,57,30,9,,4,普通,3,新人訓練紮實,allow,,,,,
2025-09-25,台北市,醫學中心,長庚醫療財團法人台北長庚紀念醫院,心臟外科加護病房 (CVICU),N1,QD & PRN,QOD & PRN,1:1,1:3,1:3,1:4,1:2,1:4,其他,300,250,400,500,是,,40-45,合理範圍給,,是,,,,3,3,108,45,16,生日禮金、三節禮券,4,普通,3,,,,allow,,,
2025-09-24 18:01,高雄市,地區醫院,天主教聖功醫療財團法人聖功醫院,燒燙傷加護病房,N1,QD & PRN,QOD & PRN,1:2,1:2,1:4,1:3,1:2,1:4,三班制,300,600,無,400,是,無,60+,一律不給,是,否,3-6 個月,無此制度,,5,9,75,32,11,員工健檢自費項目補助,2,普通,1,新人零保護,allow,,allow,,,
2025-09-24 15:45,台中市,地區醫院,清泉醫院,心臟外科加護病房 (CVICU),護理長,QOD & PRN,QD & PRN,1:3,1:3,1:4,1:4,1:4,1:5 以上,混合制,無,250,無,無,否,1-2 小時,50-55,合理範圍給,,是,,,IABP、ECMO,6,7,97,41,15,醫療費用員工優惠,5,普通,4,,,,allow,,,
2025-09-24 12:58,宜蘭縣,區域醫院,國立陽明交通大學附設醫院及其新民院區,SICU,N3,,QOD & PRN,1:3,1:3,1:2,1:3,1:5 以上,1:5 以上,其他,250,無,800,無,否,2-3 小時,55-60,主管判斷,否,是,1 個月以內,強制要求、有加給,IABP、ECMO,5,6,104,44,16,,3,機會多,3,可學到很多技術,allow,,,,,
2025-09-24,台北市,區域醫院,臺北市立聯合醫院忠孝院區,新生兒加護病房 (NICU),N1,QD & PRN,QD & PRN,1:1,1:2,1:3,1:3,1:4,1:3,三班制,600,250,1000,無,否,1 小時內,60+,一律不給,不清楚,否,,,ECMO,3,3,81,34,12,,4,機會多,3,,,,,,,
2025-09-24,台中市,區域醫院,李綜合醫療社團法人大甲李綜合醫院,神經內科加護病房,護理長,,QD & PRN,1:3,1:3,1:2,1:2,1:5 以上,1:4,兩班制,300,無,500,400,否,無,45-50,一律給,不清楚,否,,,IABP,5,8,114,48,17,年度自強活動,4,機會多,3,專科很強值得待,allow,,allow,,,
2025-09-24,台北市,醫學中心,台灣基督長老教會馬偕醫療財團法人馬偕紀念醫院,新生兒加護病房 (NICU),N4,,QOD & PRN,1:2,1:3,1:2,1:3,1:5 以上,1:3,三班制,500,500,無,600,是,1 小時內,55-60,一律不給,否,是,無 ICU Training,強制要求、有加給,CVVH、IABP、ECMO,2,4,138,58,21,年度自強活動,3,難以升遷,2,專科氣氛 OK,allow,,allow,,,
2025-09-24,台中市,地區醫院,勝美醫院,MICU,N1,,QOD & PRN,1:3,1:3,1:3,1:3,1:2,1:5 以上,其他,300,200,500,500,否,1-2 小時,50-55,一律給,否,否,無 ICU Training,強制要求、有加給,CVVH,2,8,64,30,10,,3,難以升遷,2,新人零保護,allow,,,,,
2025-09-24,台北市,區域醫院,臺北醫學大學附設醫院,SICU,N3,QOD & PRN,QOD & PRN,1:3,1:4,1:3,1:2,1:3,1:5 以上,其他,300,200,1200,500,否,4 小時,60+,一律不給,,無 ICU Training,,強制要求、無加給,CVVH、IABP、ECMO,5,7,105,44,16,宿舍（單人房）,3,難以升遷,2,,,,allow,,,
2025-09-24,台東縣,區域醫院,台灣基督長老教會馬偕醫療財團法人台東馬偕紀念醫院,神經外科加護病房 (NSICU),N3,QD & PRN,QOD & PRN,1:2,1:3,1:2,1:3,1:2,1:3,混合制,300,無,600,400,是,,35-40,合理範圍給,是,否,不一定／依個人進度,自願參加、有加給,IABP、ECMO,6,12,106,45,16,托兒補助,3,普通,3,團隊互助強,allow,,allow,,,
2025-09-24,台中市,區域醫院,衛生福利部臺中醫院,外科加護病房,N2,,QOD & PRN,1:2,1:3,1:4,1:3,1:5 以上,1:3,混合制,600,無,無,800,否,2-3 小時,40-45,主管判斷,不清楚,是,無 ICU Training,自願參加、有加給,CVVH,8,8,90,38,14,進修學分補助、國外研討會補助,5,機會多,5,同事關係好,allow,,allow,,,
2025-09-24,嘉義市,區域醫院,戴德森醫療財團法人嘉義基督教醫院,內科加護病房,護理長,QOD & PRN,QOD & PRN,1:4,1:3,1:3,1:4,1:2,1:4,混合制,500,400,800,無,否,,45-50,主管判斷,是,無 ICU Training,,無此制度,ECMO,7,11,122,51,18,,4,機會多,3,案件多但學得快,allow,,,,,
2025-09-24,台北市,區域醫院,臺北市立聯合醫院仁愛院區,兒童加護病房 (PICU),副護理長,QOD & PRN,QOD & PRN,1:1,1:2,1:2,1:2,1:3,1:5 以上,混合制,400,600,500,無,否,無,45-50,主管判斷,是,否,3-6 個月,無此制度,IABP、ECMO,8,14,104,44,16,,5,普通,4,,,,,,,
2025-09-24,高雄市,醫學中心,財團法人私立高雄醫學大學附設中和紀念醫院,內科加護病房,護理長,QOD & PRN,QD & PRN,1:2,1:2,1:3,1:4,1:3,1:4,三班制,400,500,無,無,是,4 小時,40-45,合理範圍給,,無 ICU Training,,強制要求、無加給,IABP,7,9,143,60,21,員工健檢自費項目補助,5,機會多,5,訓練體系完整,allow,,allow,,,
2025-09-23 21:31,台南市,地區醫院,衛生福利部臺南醫院新化分院,兒童加護病房 (PICU),N2,,QOD & PRN,1:1,1:2,1:3,1:2,1:3,1:4,三班制,300,600,無,無,否,,55-60,主管判斷,,是,無 ICU Training,自願參加、無加給,IABP、ECMO,6,6,81,34,12,,4,機會多,3,可學到很多技術,allow,,,,,
2025-09-23 11:07,桃園市,區域醫院,天成醫療社團法人天晟醫院,MICU,N2,QD & PRN,QD & PRN,1:2,1:2,1:2,1:4,1:5 以上,1:5 以上,混合制,250,無,600,500,否,,50-55,合理範圍給,否,,不一定／依個人進度,強制要求、有加給,CVVH、ECMO,4,6,90,38,14,員工旅遊補助,5,機會多,5,案件多但學得快,allow,,allow,,,
2025-09-23 09:08,新北市,醫學中心,台灣基督長老教會馬偕醫療財團法人淡水馬偕紀念醫院,綜合加護病房,副護理長,QOD & PRN,,1:3,1:3,1:3,1:3,1:3,1:5 以上,其他,200,500,1200,400,是,4 小時,45-50,主管判斷,是,,3-6 個月,自願參加、有加給,,7,13,131,55,20,宿舍（單人房）,3,機會多,3,中部醫院 case 量適中,allow,,allow,,,
2025-09-23,台中市,醫學中心,中國醫藥大學兒童醫院,加護中心,N2,QD & PRN,QOD & PRN,1:1,1:2,1:3,1:3,1:5 以上,1:5 以上,混合制,400,300,1200,400,否,1 小時內,55-60,主管判斷,,,,強制要求、有加給,,2,4,102,43,15,托兒補助,3,難以升遷,2,沒人沒錢沒尊重,allow,,allow,,,
2025-09-23,台北市,醫學中心,長庚醫療財團法人台北長庚紀念醫院,綜合加護病房,N2,,QOD & PRN,1:2,1:2,1:3,1:2,1:4,1:3,三班制,250,250,500,1000,是,,55-60,一律不給,是,否,1-3 個月,無此制度,CVVH、IABP、ECMO,6,6,105,44,16,員工健檢自費項目補助,3,難以升遷,2,夜班輪轉公平,allow,,allow,,,
2025-09-23,桃園市,區域醫院,長庚醫療財團法人桃園長庚紀念醫院及其長青院區,內科加護病房,N2,,QD & PRN,1:3,1:2,1:3,1:2,1:3,1:5 以上,混合制,600,400,800,無,是,1 小時內,50-55,合理範圍給,不清楚,是,1 個月以內,強制要求、有加給,,7,12,94,39,14,,4,普通,3,,,,,,,
2025-09-23,台北市,地區醫院,康寧醫療財團法人康寧醫院,呼吸加護病房 (RICU),N1,QD & PRN,QD & PRN,1:2,1:4,1:4,1:3,1:4,1:3,三班制,600,無,800,無,否,4 小時,45-50,合理範圍給,是,是,6 個月以上,無此制度,,7,11,73,31,11,宿舍（單人房）,4,機會多,3,可學到很多技術,allow,,allow,,,
2025-09-23,高雄市,醫學中心,財團法人私立高雄醫學大學附設中和紀念醫院,呼吸加護病房 (RICU),N2,QD & PRN,QD & PRN,1:2,1:2,1:2,1:4,1:5 以上,1:5 以上,三班制,250,400,無,800,是,1 小時內,50-55,合理範圍給,,是,3-6 個月,,CVVH、IABP、ECMO,3,3,97,41,15,,4,機會多,3,專科氣氛 OK,allow,,,,,
2025-09-23,桃園市,區域醫院,聯新國際醫院,外科加護病房,N3,,QD & PRN,1:2,1:2,1:3,1:2,1:4,1:4,混合制,500,600,600,600,否,2-3 小時,40-45,一律給,不清楚,否,,,CVVH、IABP,4,5,100,42,15,,4,機會多,4,資深領班受重視,allow,,,,,
2025-09-23,台北市,醫學中心,台灣基督長老教會馬偕醫療財團法人馬偕紀念醫院,心臟內科加護病房 (CCU),護理長,,,1:2,1:4,1:3,1:3,1:3,1:3,兩班制,200,400,800,600,否,4 小時,45-50,主管判斷,,無 ICU Training,,強制要求、有加給,IABP、ECMO,8,14,128,54,19,年度自強活動,4,機會多,3,同事關係好,allow,,allow,,,
2025-09-23,台中市,地區醫院,定國骨科醫院,新生兒加護病房 (NICU),副護理長,,QD & PRN,1:4,1:2,1:2,1:3,1:3,1:3,兩班制,500,200,500,1000,否,2-3 小時,50-55,一律給,不清楚,否,不一定／依個人進度,無此制度,CVVH、IABP、ECMO,4,9,90,38,14,,4,機會多,4,主管支持度高,allow,,,,,
2025-09-22 19:40,新竹市,地區醫院,國泰醫療財團法人新竹國泰綜合醫院,新生兒加護病房 (NICU),N2,QD & PRN,,1:2,1:2,1:3,1:3,1:3,1:4,三班制,600,250,1200,800,否,無,45-50,主管判斷,,無 ICU Training,無 ICU Training,,CVVH、IABP、ECMO,2,4,83,35,12,,4,普通,4,資深領班受重視,allow,,,,,
2025-09-22 07:32,台北市,區域醫院,國立臺灣大學醫學院附設醫院癌醫中心分院,內科加護病房,N2,,QOD & PRN,1:3,1:3,1:4,1:3,1:3,1:3,三班制,500,300,600,無,是,1 小時內,50-55,合理範圍給,否,無 ICU Training,6 個月以上,,,7,9,90,38,14,員工旅遊補助,4,普通,4,,,,allow,,,
2025-09-22,宜蘭縣,區域醫院,天主教靈醫會醫療財團法人羅東聖母醫院,綜合加護病房,N3,QD & PRN,,1:2,1:3,1:2,1:3,1:3,1:3,三班制,250,250,500,800,否,,35-40,合理範圍給,,是,,,CVVH,3,5,93,39,14,員工健檢自費項目補助,4,機會多,4,訓練體系完整,allow,,allow,,,
2025-09-22,高雄市,區域醫院,國軍左營總醫院附設民眾診療服務處,神經內科加護病房,N3,QOD & PRN,QD & PRN,1:2,1:3,1:3,1:3,1:2,1:3,三班制,300,無,1200,1000,否,,45-50,合理範圍給,否,否,1-3 個月,強制要求、無加給,,2,2,96,40,14,,5,機會多,4,主管支持度高,allow,,,,,
2025-09-21 12:17,高雄市,醫學中心,長庚醫療財團法人高雄長庚紀念醫院,MICU,N1,QD & PRN,,1:4,1:2,1:3,1:2,1:3,1:3,三班制,無,300,1000,800,是,4 小時,50-55,主管判斷,不清楚,否,,,CVVH、IABP,7,9,103,43,15,,4,普通,3,新人訓練紮實,allow,,,,,
2025-09-21 11:13,高雄市,區域醫院,國軍高雄總醫院附設民眾診療服務處,神經外科加護病房 (NSICU),護理長,QD & PRN,,1:3,1:3,1:3,1:2,1:4,1:4,兩班制,300,無,1200,1200,是,1 小時內,45-50,合理範圍給,,,1-3 個月,,,3,7,117,49,18,進修學分補助、國外研討會補助,4,機會多,4,團隊互助強,allow,,allow,,,
2025-09-21 10:50,新北市,區域醫院,行天宮醫療志業醫療財團法人恩主公醫院,心臟內科加護病房 (CCU),副護理長,,QD & PRN,1:3,1:4,1:3,1:3,1:2,1:5 以上,混合制,500,400,1000,400,是,1-2 小時,35-40,合理範圍給,不清楚,是,,,,1,4,108,45,16,生日禮金、三節禮券,3,普通,3,資深領班受重視,allow,,allow,,,
2025-09-21 10:33,台北市,醫學中心,國立臺灣大學醫學院附設醫院兒童醫院,SICU,副護理長,,QOD & PRN,1:3,1:2,1:4,1:2,1:4,1:4,三班制,無,250,400,1000,是,1-2 小時,45-50,主管判斷,不清楚,,6 個月以上,無此制度,IABP、ECMO,1,2,133,56,20,宿舍（單人房）,3,機會多,3,人力穩定但行政會議多,allow,,allow,,,
2025-09-21 08:28,新竹縣,區域醫院,國立臺灣大學醫學院附設醫院新竹臺大分院生醫醫院,燒燙傷加護病房,N3,QD & PRN,QOD & PRN,1:2,1:2,1:3,1:4,1:2,1:3,兩班制,200,無,無,1200,是,2-3 小時,45-50,主管判斷,,否,無 ICU Training,無此制度,,7,8,98,41,15,,4,機會多,4,排班相對人性化,allow,,,,,
2025-09-21,台南市,醫學中心,國立成功大學醫學院附設醫院,心臟外科加護病房 (CVICU),N4,,QD & PRN,1:1,1:3,1:2,1:4,1:3,1:4,兩班制,300,400,500,1000,否,無,45-50,合理範圍給,,,6 個月以上,自願參加、無加給,,3,8,126,53,19,,3,難以升遷,2,主管管太細,allow,,,,,
2025-09-21,彰化縣,醫學中心,彰化基督教醫療財團法人彰化基督教醫院,神經外科加護病房 (NSICU),N1,QD & PRN,,1:4,1:3,1:3,1:2,1:3,1:4,混合制,250,500,400,無,否,,35-40,合理範圍給,否,,1-3 個月,強制要求、有加給,,3,9,101,42,15,,5,機會多,4,資深領班受重視,allow,,,,,
2025-09-20 14:08,屏東縣,區域醫院,寶建醫療社團法人寶建醫院,外科加護病房,N3,QD & PRN,,1:2,1:3,1:3,1:3,1:4,1:4,三班制,600,200,800,1200,否,,55-60,一律不給,否,,6 個月以上,自願參加、有加給,,5,5,93,39,14,宿舍（單人房）,3,難以升遷,2,工時超長,allow,,allow,,,
2025-09-20 09:23,台東縣,區域醫院,台灣基督長老教會馬偕醫療財團法人台東馬偕紀念醫院,兒童加護病房 (PICU),N1,,QD & PRN,1:2,1:2,1:3,1:3,1:3,1:3,混合制,500,300,1000,400,是,4 小時,40-45,主管判斷,,否,1 個月以內,強制要求、有加給,CVVH、IABP,7,12,77,32,12,員工餐廳伙食補助,4,普通,4,主管支持度高,allow,,allow,,,
2025-09-20 08:51,宜蘭縣,區域醫院,天主教靈醫會醫療財團法人羅東聖母醫院,加護中心,護理長,QD & PRN,QOD & PRN,1:3,1:2,1:2,1:2,1:3,1:4,三班制,無,500,600,1000,是,1-2 小時,45-50,合理範圍給,不清楚,是,不一定／依個人進度,,ECMO,1,6,123,52,18,托兒補助,3,機會多,3,主管支持度高,allow,,allow,,,
2025-09-20 08:49,台中市,醫學中心,中國醫藥大學兒童醫院,燒燙傷加護病房,N4,QD & PRN,,1:2,1:3,1:2,1:3,1:4,1:5 以上,三班制,250,250,1200,1000,否,無,50-55,合理範圍給,否,是,,強制要求、有加給,IABP、ECMO,8,8,126,53,19,生日禮金、三節禮券,4,機會多,5,團隊互助強,allow,,allow,,,
2025-09-20,台中市,醫學中心,中國醫藥大學兒童醫院,內科加護病房,N1,,,1:3,1:3,1:3,1:4,1:2,1:5 以上,兩班制,600,無,500,無,否,1 小時內,55-60,一律不給,是,是,6 個月以上,自願參加、無加給,CVVH、IABP、ECMO,5,11,96,40,14,,3,普通,3,可學到很多技術,allow,,,,,
2025-09-20,台南市,區域醫院,台南市立醫院(委託秀傳醫療社團法人經營),綜合加護病房,N1,,QOD & PRN,1:2,1:4,1:3,1:3,1:2,1:4,三班制,300,200,無,600,否,,50-55,一律給,不清楚,否,無 ICU Training,,CVVH、IABP,3,3,85,36,13,托兒補助,4,機會多,4,排班相對人性化,allow,,allow,,,
2025-09-20,雲林縣,地區醫院,洪揚醫院,兒童加護病房 (PICU),N1,QD & PRN,QOD & PRN,1:3,1:4,1:3,1:2,1:5 以上,1:4,兩班制,無,300,800,1000,否,2-3 小時,50-55,一律給,否,,1-3 個月,,CVVH、IABP、ECMO,6,6,76,32,11,進修學分補助、國外研討會補助,4,普通,4,資深領班受重視,allow,,allow,,,
2025-09-20,桃園市,醫學中心,長庚醫療財團法人林口長庚紀念醫院,新生兒加護病房 (NICU),N3,QD & PRN,,1:2,1:2,1:2,1:2,1:4,1:3,三班制,400,無,無,800,是,4 小時,55-60,一律不給,是,無 ICU Training,1 個月以內,,CVVH、IABP、ECMO,5,9,118,50,18,宿舍（單人房）,3,普通,2,人力極端不足,allow,,allow,,,
2025-09-19 07:28,新北市,醫學中心,佛教慈濟醫療財團法人台北慈濟醫院,綜合加護病房,N1,QOD & PRN,,1:3,1:2,1:3,1:4,1:4,1:4,混合制,500,無,500,400,是,2-3 小時,45-50,一律給,是,是,1-3 個月,強制要求、有加給,CVVH、IABP,6,10,100,42,15,員工旅遊補助,3,機會多,3,可學到很多技術,allow,,allow,,,
2025-09-19,高雄市,區域醫院,衛生福利部旗山醫院,新生兒加護病房 (NICU),N1,,QOD & PRN,1:1,1:2,1:4,1:3,1:3,1:4,其他,無,500,1000,無,否,1 小時內,50-55,主管判斷,不清楚,無 ICU Training,,,,2,6,90,38,14,年度自強活動,5,機會多,4,案件多但學得快,allow,,allow,,,
2025-09-19,台中市,區域醫院,童綜合醫療社團法人童綜合醫院及其沙鹿院區,燒燙傷加護病房,N2,QOD & PRN,QD & PRN,1:2,1:3,1:3,1:3,1:2,1:4,兩班制,300,200,500,600,否,2-3 小時,55-60,一律不給,是,是,3-6 個月,強制要求、有加給,IABP、ECMO,4,9,91,38,14,生日禮金、三節禮券,3,難以升遷,2,加班沒給,allow,,allow,,,
2025-09-18 22:47,台中市,區域醫院,澄清綜合醫院中港分院,燒燙傷加護病房,護理長,,,1:2,1:3,1:2,1:3,1:2,1:3,三班制,600,500,400,800,否,1 小時內,55-60,一律不給,,無 ICU Training,無 ICU Training,強制要求、無加給,,1,1,119,50,18,年度自強活動,3,難以升遷,1,加班沒給,allow,,allow,,,
2025-09-18 21:10,新竹縣,地區醫院,國立臺灣大學醫學院附設醫院新竹臺大分院生醫醫院竹東院區,兒童加護病房 (PICU),副護理長,QD & PRN,QD & PRN,1:4,1:2,1:2,1:4,1:3,1:4,兩班制,400,500,400,無,否,2-3 小時,50-55,合理範圍給,,否,6 個月以上,強制要求、有加給,CVVH、IABP,2,4,94,39,14,,3,普通,2,夜班暴力事件多,allow,,,,,
2025-09-18 20:15,高雄市,地區醫院,健新醫院,SICU,N2,QD & PRN,,1:1,1:2,1:3,1:3,1:4,1:3,三班制,300,無,400,無,是,4 小時,50-55,主管判斷,是,無 ICU Training,1-3 個月,,CVVH、IABP,4,7,71,30,11,員工健檢自費項目補助,3,機會多,3,訓練體系完整,allow,,allow,,,
2025-09-18 14:46,彰化縣,醫學中心,彰化基督教醫療財團法人彰化基督教醫院,SICU,N1,QD & PRN,,1:3,1:3,1:4,1:2,1:3,1:3,兩班制,500,200,無,600,否,,60+,主管判斷,否,否,3-6 個月,自願參加、無加給,,8,9,96,40,14,,4,機會多,4,,,,,,,
2025-09-18 10:58,台中市,區域醫院,光田醫療社團法人光田綜合醫院及其大甲院區,燒燙傷加護病房,N4,QOD & PRN,QOD & PRN,1:2,1:3,1:3,1:4,1:4,1:4,三班制,600,200,1000,500,是,1-2 小時,50-55,合理範圍給,否,否,,強制要求、有加給,CVVH、IABP、ECMO,1,4,115,48,17,,3,機會多,3,,,,,,,
2025-09-18,台南市,醫學中心,國立成功大學醫學院附設醫院,心臟內科加護病房 (CCU),護理長,,QD & PRN,1:4,1:2,1:2,1:4,1:4,1:5 以上,三班制,300,400,1200,400,是,1-2 小時,35-40,主管判斷,,無 ICU Training,,,,3,5,139,58,21,,3,普通,3,門診作息穩定,allow,,,,,
2025-09-18,花蓮縣,地區醫院,臺北榮民總醫院鳳林分院,兒童加護病房 (PICU),N2,,,1:2,1:2,1:3,1:4,1:4,1:5 以上,三班制,無,500,500,500,是,2-3 小時,40-45,合理範圍給,,,1 個月以內,自願參加、有加給,,4,9,68,30,10,,3,難以升遷,2,人力穩定但行政會議多,allow,,,,,
2025-09-18,宜蘭縣,區域醫院,醫療財團法人羅許基金會羅東博愛醫院,兒童加護病房 (PICU),N3,QOD & PRN,,1:4,1:3,1:3,1:3,1:4,1:5 以上,三班制,500,500,1000,800,否,2-3 小時,55-60,主管判斷,,是,1-3 個月,,IABP、ECMO,4,6,95,40,14,,3,機會多,3,兒科氣氛溫暖,allow,,,,,
2025-09-18,台中市,醫學中心,臺中榮民總醫院,燒燙傷加護病房,N2,,QD & PRN,1:2,1:4,1:3,1:3,1:3,1:3,三班制,500,無,500,600,是,4 小時,45-50,主管判斷,,,,無此制度,,4,4,111,47,17,員工旅遊補助,3,難以升遷,2,,,,allow,,,
2025-09-18,台中市,地區醫院,君銓骨科醫院,新生兒加護病房 (NICU),N2,QOD & PRN,,1:3,1:3,1:4,1:2,1:3,1:4,兩班制,300,600,1200,500,是,,50-55,主管判斷,否,,3-6 個月,強制要求、有加給,CVVH、IABP、ECMO,7,8,68,30,10,,3,普通,2,新人訓練紮實,allow,,,,,
2025-09-18,彰化縣,醫學中心,彰化基督教醫療財團法人彰化基督教醫院,內科加護病房,N1,QOD & PRN,QD & PRN,1:1,1:4,1:3,1:3,1:5 以上,1:5 以上,三班制,600,200,400,500,否,1 小時內,40-45,一律給,否,,無 ICU Training,自願參加、無加給,,5,7,102,43,15,,3,普通,3,專科氣氛 OK,allow,,,,,
2025-09-17 20:07,台北市,醫學中心,臺北榮民總醫院,綜合加護病房,N1,,QOD & PRN,1:2,1:2,1:2,1:2,1:3,1:3,三班制,無,200,1200,無,是,1-2 小時,40-45,主管判斷,不清楚,否,無 ICU Training,自願參加、無加給,CVVH、IABP、ECMO,1,1,106,45,16,托兒補助,4,普通,3,訓練體系完整,allow,,allow,,,
2025-09-17,台北市,醫學中心,國立臺灣大學醫學院附設醫院兒童醫院,神經內科加護病房,N2,QOD & PRN,,1:2,1:3,1:2,1:3,1:3,1:4,其他,300,500,無,600,是,無,40-45,合理範圍給,否,,不一定／依個人進度,,IABP,4,6,109,46,16,,5,機會多,4,排班相對人性化,allow,,,,,
2025-09-17,桃園市,醫學中心,長庚醫療財團法人林口長庚紀念醫院,加護中心,副護理長,QOD & PRN,QOD & PRN,1:2,1:2,1:3,1:2,1:3,1:4,兩班制,250,600,600,600,是,,50-55,主管判斷,是,,,,,6,7,120,50,18,托兒補助,3,普通,3,,,,allow,,,
2025-09-17,新北市,醫學中心,台灣基督長老教會馬偕醫療財團法人淡水馬偕紀念醫院,外科加護病房,N1,QOD & PRN,QOD & PRN,1:3,1:2,1:2,1:4,1:3,1:4,三班制,500,無,400,800,是,1 小時內,50-55,合理範圍給,否,無 ICU Training,不一定／依個人進度,強制要求、無加給,,5,8,104,44,16,,5,機會多,5,,,,,,,
2025-09-17,屏東縣,區域醫院,屏基醫療財團法人屏東基督教醫院及其瑞光院區,外科加護病房,N1,,QOD & PRN,1:2,1:4,1:3,1:2,1:4,1:5 以上,兩班制,500,300,400,400,是,,40-45,合理範圍給,是,是,1-3 個月,無此制度,CVVH、ECMO,3,3,92,39,14,,3,普通,2,人力嚴重不足,allow,,,,,
2025-09-17,台中市,醫學中心,中山醫學大學附設醫院,兒童加護病房 (PICU),N3,QOD & PRN,QD & PRN,1:3,1:2,1:4,1:2,1:5 以上,1:5 以上,三班制,500,無,無,400,是,4 小時,60+,一律不給,是,,不一定／依個人進度,自願參加、無加給,CVVH、ECMO,3,3,115,48,17,,3,難以升遷,2,人力極端不足,allow,,,,,
2025-09-17,台北市,醫學中心,臺北榮民總醫院,心臟內科加護病房 (CCU),N1,QOD & PRN,QD & PRN,1:3,1:3,1:3,1:3,1:3,1:4,三班制,250,400,無,1000,是,無,60+,一律不給,,無 ICU Training,不一定／依個人進度,,CVVH、IABP、ECMO,3,5,97,41,15,托兒補助,4,普通,3,兒科氣氛溫暖,allow,,allow,,,
2025-09-17,台中市,區域醫院,澄清綜合醫院中港分院,心臟外科加護病房 (CVICU),N2,QOD & PRN,QD & PRN,1:2,1:2,1:3,1:3,1:2,1:4,兩班制,無,250,500,400,否,無,60+,一律不給,是,,無 ICU Training,自願參加、無加給,ECMO,8,12,88,37,13,,3,難以升遷,2,訓練體系完整,allow,,,,,
2025-09-16,台中市,區域醫院,林新醫療社團法人林新醫院,心臟內科加護病房 (CCU),N2,QOD & PRN,,1:3,1:3,1:3,1:2,1:4,1:3,其他,無,300,500,600,是,1 小時內,45-50,合理範圍給,是,是,3-6 個月,自願參加、有加給,CVVH,6,10,84,35,13,醫療費用員工優惠,4,機會多,4,主管支持度高,allow,,allow,,,
2025-09-16,台北市,醫學中心,長庚醫療財團法人台北長庚紀念醫院,兒童加護病房 (PICU),N4,QD & PRN,,1:4,1:3,1:3,1:2,1:3,1:4,三班制,無,600,1000,1000,否,4 小時,45-50,合理範圍給,是,,6 個月以上,強制要求、有加給,CVVH、ECMO,3,9,133,56,20,員工旅遊補助,3,難以升遷,2,,,,allow,,,
2025-09-16,新北市,醫學中心,佛教慈濟醫療財團法人台北慈濟醫院,神經內科加護病房,N4,QOD & PRN,QOD & PRN,1:3,1:3,1:2,1:3,1:2,1:3,三班制,300,400,1200,800,是,4 小時,50-55,主管判斷,是,,,強制要求、無加給,CVVH、IABP、ECMO,5,7,123,52,18,,3,機會多,3,,,,,,,
2025-09-16,新北市,區域醫院,輔仁大學學校財團法人輔仁大學附設醫院,綜合加護病房,N3,QD & PRN,,1:2,1:4,1:3,1:4,1:3,1:4,三班制,無,無,500,600,是,1-2 小時,45-50,主管判斷,否,是,無 ICU Training,自願參加、有加給,,5,7,94,39,14,,4,機會多,3,案件多但學得快,allow,,,,,
2025-09-16,台中市,醫學中心,臺中榮民總醫院,綜合加護病房,N3,QD & PRN,QOD & PRN,1:4,1:3,1:3,1:2,1:3,1:5 以上,兩班制,400,500,500,400,否,1 小時內,55-60,一律不給,,,,強制要求、有加給,IABP、ECMO,1,4,120,50,18,,2,難以升遷,1,加班沒給,allow,,,,,
