timestamp,location,institutionType,institutionName,unitName,jobTitle,orRole,orSpecialty,roomCount,dailyCases,orStaffing,crossSpecialty,assistSurgery,orShift,eveningAllowanceNonPack,eveningAllowancePack,nightAllowanceNonPack,nightAllowancePack,onCallRequired,onCallFreq,onCallCallback,onCallArrival,onCallPay,restInterval11h,nextDayAfterCall,lateCaseFreq,lunchBreak,dailyOvertime,weeklyHours,overtimePolicy,radiationExposure,radiationProtection,smokeEvacuation,sharpsInjury,standingBurden,trainingPeriod,certLeave,certFee,yearsCurrent,yearsTotal,annualSalary,monthlyBase,annualBonus,specialBenefits,workAtmosphere,promotion,recommendIndex,comment,modComment,modCommentCode,modSpecialBenefits,modSpecialBenefitsCode,modOnCallPattern,modOnCallPatternCode
2025-11-15 19:57,高雄市,地區醫院,博田國際醫院,婦產手術室,副護理長,刷手、麻醉護理,婦產,6-10 間,20 台以下,只有 1 位流動，兼刷手,全科都要會,經常,白班＋輪值夜間刀,300,500,400,1000,不需要,,,,,,,每週數次,無,,55-60,主管判斷,,,,,,3-6 個月,全程給公假,部分補助,6,6,87,37,13,宿舍（單人房）,3,普通,2,夜班暴力事件多,allow,,allow,,,
2025-11-15 12:52,新北市,醫學中心,佛教慈濟醫療財團法人台北慈濟醫院,神經外科手術室,護理長,恢復室、麻醉護理,神經外科,21 間以上,100 台以上,1 位流動同時顧 2 間以上,,,白班＋輪值夜間刀,600,250,1000,800,不需要,,,,,,,很少,無,4 小時,50-55,合理範圍給,每週數次,有但不足或老舊,每間都有且有使用,4 次以上,2,,需用自己休假（放假天去上課）,部分補助,3,9,140,59,21,醫療費用員工優惠,3,難以升遷,2,人力過勞且無加班費,allow,,allow,,,
2025-11-15 11:36,花蓮縣,醫學中心,佛教慈濟醫療財團法人花蓮慈濟醫院,泌尿手術室,N1,麻醉護理,泌尿,不清楚,不清楚,1 刷手＋1 流動,固定科別,偶爾,三班輪值,300,300,1000,800,需要,9-12 次,偶爾,60 分鐘內,250-300 元,無,隔天休假,幾乎每天,有，但常被中斷／縮短,2-3 小時,45-50,合理範圍給,偶爾,,不清楚,,5,3-6 個月,需用自己休假（放假天去上課）,完全自費,1,2,95,40,14,,4,機會多,4,氣氛輕鬆,allow,,,,,
2025-11-15,桃園市,醫學中心,長庚醫療財團法人林口長庚紀念醫院,中央手術室,N2,麻醉護理,一般外科、移植,11-20 間,不清楚,1 刷手＋1 流動,固定科別,,固定白班＋on call,,,,,需要,5-8 次,,60 分鐘內,200-250 元,無,照常上班,很少,有，但常被中斷／縮短,1 小時內,50-55,主管判斷,每週數次,,,4 次以上,1,1-3 個月,全程給公假,全額公費,8,10,97,41,15,,4,機會多,4,專科很強值得待,allow,,,,,
2025-11-14 19:09,台北市,醫學中心,國泰醫療財團法人國泰綜合醫院,神經外科手術室,N2,刷手、流動、恢復室,神經外科,不清楚,20 台以下,大刀才有 2 位以上刷手,,從不,固定白班，不需值班,,,,,不需要,,,,,,,每週數次,有，但常被中斷／縮短,4 小時,45-50,合理範圍給,,有但不足或老舊,不清楚,,1,3-6 個月,全程給公假,完全自費,8,14,107,45,16,員工餐廳伙食補助,4,機會多,4,,,,allow,,,
2025-11-14 10:08,新北市,區域醫院,行天宮醫療志業醫療財團法人恩主公醫院,耳鼻喉手術室,護理長,刷手、麻醉護理,耳鼻喉,21 間以上,50-100 台,1 位流動同時顧 2 間以上,,從不,固定白班＋on call,,,,,需要,5-8 次,經常,,200-250 元,,視情況,幾乎每天,無,1-2 小時,50-55,合理範圍給,每週數次,有但不足或老舊,每間都有且有使用,1 次,,3-6 個月,僅部分給假,全額公費,2,7,119,50,18,,4,機會多,3,可學到很多技術,allow,,,,,
2025-11-14,台中市,醫學中心,臺中榮民總醫院,整形外科手術室,N0,流動,整形外科,11-20 間,20-50 台,1 刷手＋1 流動,固定科別,經常,固定白班＋on call,,,,,需要,5-8 次,,沒有規定,250-300 元,無,視情況,偶爾,無,1-2 小時,50-55,合理範圍給,偶爾,充足且合身,,沒有,5,,需用自己休假（放假天去上課）,全額公費,2,2,100,42,15,,4,機會多,4,,,,,,,
2025-11-14,台中市,區域醫院,衛生福利部臺中醫院,眼科手術室,N0,恢復室,眼科,不清楚,100 台以上,1 位流動同時顧 2 間以上,,經常,三班輪值,400,300,1200,無,不需要,,,,,,,幾乎每天,有，但常被中斷／縮短,1-2 小時,50-55,合理範圍給,每週數次,充足且合身,沒有,,1,6 個月以上,需用自己休假（放假天去上課）,全額公費,8,11,83,35,12,,4,機會多,3,,,,,,,
2025-11-14,台北市,區域醫院,臺北市立聯合醫院和平婦幼院區及其婦幼院區,骨科手術室,N1,麻醉護理,骨科,11-20 間,100 台以上,大刀才有 2 位以上刷手,固定科別,經常,白班＋輪值夜間刀,250,無,500,600,不需要,,,,,,,每週數次,有，但常被中斷／縮短,1 小時內,50-55,合理範圍給,,充足且合身,不清楚,1 次,,3-6 個月,全程給公假,部分補助,4,5,77,32,12,年度自強活動,4,普通,3,資深領班受重視,allow,,allow,,,
2025-11-14,台中市,醫學中心,中國醫藥大學兒童醫院,PACU,N2,恢復室,婦產,,,大刀才有 2 位以上刷手,,偶爾,固定白班，不需值班,,,,,不需要,,,,,,,偶爾,無,,50-55,合理範圍給,幾乎每天,充足且合身,,沒有,,3-6 個月,需用自己休假（放假天去上課）,完全自費,4,8,98,41,15,宿舍（單人房）,3,難以升遷,2,工時超長,allow,,allow,,,
2025-11-14,高雄市,地區醫院,重安醫院,綜合手術室,N1,刷手、流動,一般外科、婦產、移植,不清楚,100 台以上,1 位流動同時顧 2 間以上,,偶爾,三班輪值,250,300,800,1000,不需要,,,,,,,每週數次,有，完整 1 小時,2-3 小時,50-55,一律給,偶爾,幾乎沒有,有但不常用,1 次,2,1-3 個月,需用自己休假（放假天去上課）,完全自費,7,9,75,32,11,員工健檢自費項目補助,4,機會多,4,兒科氣氛溫暖,allow,,allow,,,
2025-11-13,台南市,醫學中心,奇美醫療財團法人奇美醫院及其樹林院區,PACU,N2,恢復室,神經外科、婦產、泌尿,,,大刀才有 2 位以上刷手,跨 2-3 科,偶爾,固定白班＋on call,,,,,需要,5-8 次,幾乎每次都被叫回,,250-300 元,無,隔天休假,很少,有，但常被中斷／縮短,2-3 小時,55-60,一律不給,偶爾,不適用,沒有,,5,3-6 個月,需用自己休假（放假天去上課）,完全自費,2,2,100,42,15,,3,難以升遷,2,工時長到爆,allow,,,,,
2025-11-13,台北市,醫學中心,長庚醫療財團法人台北長庚紀念醫院,整形外科手術室,N3,麻醉護理,整形外科,不清楚,20 台以下,1 刷手＋1 流動,全科都要會,偶爾,白班＋輪值夜間刀,250,無,400,600,需要,9-12 次,,,300 元以上,有,,每週數次,無,2-3 小時,50-55,主管判斷,,有但不足或老舊,,,5,1 個月內,全程給公假,完全自費,4,10,115,48,17,,4,普通,4,資深領班受重視,allow,,,,,
2025-11-13,新北市,區域醫院,國泰醫療財團法人汐止國泰綜合醫院,門診手術室,N1,麻醉護理,一般外科,5 間以下,20-50 台,1 位流動同時顧 2 間以上,固定科別,,白班＋輪值夜間刀,500,300,無,400,不需要,,,,,,,很少,無,,55-60,一律不給,偶爾,,,4 次以上,2,3-6 個月,需用自己休假（放假天去上課）,完全自費,4,4,81,34,12,,4,機會多,3,工時長但待遇可,allow,,,,,
2025-11-13,花蓮縣,區域醫院,國軍花蓮總醫院附設民眾診療服務處,神經外科手術室,N1,麻醉護理,神經外科,6-10 間,20 台以下,只有 1 位流動，兼刷手,固定科別,從不,白班＋輪值夜間刀,500,200,600,無,需要,1-4 次,,15 分鐘內,300 元以上,有,,每週數次,有，但常被中斷／縮短,1-2 小時,50-55,合理範圍給,每週數次,充足且合身,有但不常用,1 次,,1 個月內,需用自己休假（放假天去上課）,完全自費,5,5,79,33,12,,3,機會多,3,團隊互助強,allow,,,,,
2025-11-13,台北市,醫學中心,台灣基督長老教會馬偕醫療財團法人馬偕兒童醫院,PACU,N4,恢復室,兒外,,,只有 1 位流動，兼刷手,跨 2-3 科,經常,白班＋輪值夜間刀,300,200,無,500,不需要,,,,,,,每週數次,有，完整 1 小時,1-2 小時,45-50,合理範圍給,每週數次,充足且合身,,沒有,,3-6 個月,全程給公假,全額公費,2,4,132,55,20,,4,機會多,4,,,,,,,
2025-11-12 14:54,台南市,地區醫院,郭綜合醫院,PACU,N4,恢復室,泌尿、整形外科、移植,,,1 位流動同時顧 2 間以上,固定科別,經常,三班輪值,500,400,無,400,不需要,,,,,,,很少,有，但常被中斷／縮短,1-2 小時,50-55,主管判斷,,幾乎沒有,有但不常用,1 次,4,1 個月內,僅部分給假,部分補助,4,7,96,40,14,,3,普通,2,中部醫院 case 量適中,allow,,,,,
2025-11-12,台北市,醫學中心,臺北市立萬芳醫院-委託臺北醫學大學辦理,恢復室,N3,恢復室,神經外科,,,只有 1 位流動，兼刷手,固定科別,從不,固定白班，不需值班,,,,,不需要,,,,,,,幾乎每天,無,2-3 小時,50-55,主管判斷,,充足且合身,沒有,4 次以上,,1-3 個月,需用自己休假（放假天去上課）,部分補助,6,12,107,45,16,年度自強活動,4,機會多,3,兒科氣氛溫暖,allow,,allow,,,
2025-11-12,嘉義市,區域醫院,戴德森醫療財團法人嘉義基督教醫院,恢復室,N1,恢復室,一般外科,,,只有 1 位流動，兼刷手,跨 2-3 科,偶爾,固定白班，不需值班,,,,,不需要,,,,,,,很少,有，完整 1 小時,,45-50,合理範圍給,,,,4 次以上,4,1 個月內,僅部分給假,全額公費,2,8,93,39,14,宿舍（單人房）,4,機會多,3,同事關係好,allow,,allow,,,
2025-11-11 23:05,新北市,醫學中心,台灣基督長老教會馬偕醫療財團法人淡水馬偕紀念醫院,眼科手術室,專科護理師,麻醉護理,眼科,5 間以下,100 台以上,只有 1 位流動，兼刷手,全科都要會,經常,白班＋輪值夜間刀,600,250,400,無,不需要,,,,,,,每週數次,有，但常被中斷／縮短,無,45-50,主管判斷,偶爾,有但不足或老舊,,沒有,1,,僅部分給假,全額公費,4,9,124,52,19,生日禮金、三節禮券,3,機會多,3,可學到很多技術,allow,,allow,,,
2025-11-11 17:55,台北市,醫學中心,國立台灣大學醫學院附設醫院,中央手術室,N0,刷手、流動,一般外科、泌尿,21 間以上,20-50 台,大刀才有 2 位以上刷手,固定科別,經常,固定白班＋on call,,,,,需要,5-8 次,幾乎每次都被叫回,沒有規定,250-300 元,有,,偶爾,無,無,50-55,一律給,幾乎沒有,有但不足或老舊,,1 次,,3-6 個月,僅部分給假,部分補助,8,11,97,41,15,員工餐廳伙食補助,4,機會多,3,,,,allow,,,
2025-11-11 14:43,台北市,醫學中心,臺北市立萬芳醫院-委託臺北醫學大學辦理,心臟外科手術室,N1,刷手,心臟外科,11-20 間,100 台以上,1 刷手＋1 流動,,從不,固定白班，不需值班,,,,,不需要,,,,,,,偶爾,無,,45-50,合理範圍給,每週數次,不適用,,2-3 次,2,,全程給公假,完全自費,7,7,101,42,15,生日禮金、三節禮券,4,普通,3,,,,allow,,,
2025-11-11,新北市,醫學中心,佛教慈濟醫療財團法人台北慈濟醫院,眼科手術室,N4,恢復室,眼科,不清楚,不清楚,只有 1 位流動，兼刷手,,偶爾,固定白班＋on call,,,,,需要,5-8 次,很少,,,無,照常上班,幾乎每天,無,4 小時,45-50,合理範圍給,,,,2-3 次,5,1-3 個月,僅部分給假,部分補助,3,8,135,57,20,醫療費用員工優惠,4,普通,4,薪資與制度都優,allow,,allow,,,
2025-11-11,台北市,醫學中心,臺北榮民總醫院,婦產手術室,N1,麻醉護理,婦產,21 間以上,不清楚,1 刷手＋1 流動,全科都要會,偶爾,固定白班＋on call,,,,,需要,9-12 次,幾乎每次都被叫回,60 分鐘內,,有,可晚到或補休,很少,有，但常被中斷／縮短,無,45-50,合理範圍給,,有但不足或老舊,沒有,1 次,,不一定,僅部分給假,全額公費,2,6,105,44,16,,4,普通,3,氣氛輕鬆,allow,,,,,
2025-11-11,台中市,醫學中心,中山醫學大學附設醫院,恢復室,N1,恢復室,骨科、婦產,,,只有 1 位流動，兼刷手,全科都要會,偶爾,白班＋輪值夜間刀,無,500,800,800,不需要,,,,,,,每週數次,有，但常被中斷／縮短,1-2 小時,55-60,一律不給,幾乎沒有,,,,3,,全程給公假,全額公費,6,10,106,45,16,,3,普通,1,人力嚴重不足,allow,,,,,
2025-11-10 21:39,台北市,醫學中心,三軍總醫院附設民眾診療服務處及其汀州院區,整形外科手術室,護理長,刷手、流動、恢復室,整形外科,5 間以下,20-50 台,1 位流動同時顧 2 間以上,,,固定白班＋on call,,,,,需要,9-12 次,偶爾,,300 元以上,無,照常上班,偶爾,無,,55-60,一律不給,幾乎沒有,幾乎沒有,,,,,全程給公假,完全自費,5,6,140,59,21,托兒補助,4,普通,3,同事關係好,allow,,allow,,,
2025-11-10 14:47,台中市,區域醫院,光田醫療社團法人光田綜合醫院及其大甲院區,骨科手術室,N0,流動、恢復室、麻醉護理,骨科,5 間以下,不清楚,只有 1 位流動，兼刷手,全科都要會,從不,白班＋輪值夜間刀,600,250,500,1200,不需要,,,,,,,幾乎每天,無,,50-55,一律給,幾乎每天,幾乎沒有,每間都有且有使用,1 次,3,,僅部分給假,全額公費,5,6,74,31,11,,3,難以升遷,2,中部醫院 case 量適中,allow,,,,,
2025-11-10,新北市,醫學中心,佛教慈濟醫療財團法人台北慈濟醫院,骨科手術室,N1,恢復室、麻醉護理,骨科,不清楚,100 台以上,只有 1 位流動，兼刷手,,,三班輪值,500,400,無,800,需要,5-8 次,經常,沒有規定,200-250 元,,照常上班,每週數次,無,無,55-60,一律不給,偶爾,,每間都有且有使用,,,,全程給公假,部分補助,4,5,107,45,16,醫療費用員工優惠,2,難以升遷,1,沒人沒錢沒尊重,allow,,allow,,,
2025-11-10,新北市,醫學中心,醫療財團法人徐元智先生醫藥基金會亞東紀念醫院,泌尿手術室,N0,麻醉護理,泌尿,不清楚,不清楚,只有 1 位流動，兼刷手,固定科別,,三班輪值,500,無,600,600,不需要,,,,,,,每週數次,有，但常被中斷／縮短,4 小時,50-55,主管判斷,幾乎沒有,有但不足或老舊,有但不常用,沒有,,,全程給公假,完全自費,5,6,101,42,15,,5,機會多,4,案件多但學得快,allow,,,,,
2025-11-10,新北市,地區醫院,恩樺醫院,門診手術室,N1,流動、恢復室、麻醉護理,一般外科,21 間以上,50-100 台,大刀才有 2 位以上刷手,跨 2-3 科,偶爾,固定白班＋on call,,,,,需要,1-4 次,偶爾,30 分鐘內,,無,隔天休假,幾乎每天,有，完整 1 小時,4 小時,45-50,合理範圍給,,充足且合身,不清楚,,,,僅部分給假,全額公費,4,8,75,32,11,,4,機會多,3,,,,,,,
2025-11-09 20:57,桃園市,區域醫院,長庚醫療財團法人桃園長庚紀念醫院及其長青院區,門診手術室,N3,刷手、流動、麻醉護理,一般外科,11-20 間,50-100 台,大刀才有 2 位以上刷手,跨 2-3 科,,白班＋輪值夜間刀,無,400,800,1200,需要,5-8 次,,,200-250 元,無,,每週數次,有，但常被中斷／縮短,1 小時內,50-55,合理範圍給,幾乎每天,,,,1,1 個月內,全程給公假,部分補助,3,5,105,44,16,,4,機會多,4,,,,,,,
2025-11-09 09:36,高雄市,醫學中心,義大醫療財團法人義大醫院,PACU,護理長,恢復室,神經外科、兒外、耳鼻喉,,,只有 1 位流動，兼刷手,,從不,白班＋輪值夜間刀,200,250,600,400,需要,9-12 次,很少,30 分鐘內,250-300 元,有,視情況,很少,有，完整 1 小時,,55-60,一律不給,每週數次,幾乎沒有,每間都有且有使用,2-3 次,,3-6 個月,需用自己休假（放假天去上課）,完全自費,2,5,143,60,21,生日禮金、三節禮券,3,難以升遷,2,沒人沒錢沒尊重,allow,,allow,,,
2025-11-09,桃園市,區域醫院,國軍桃園總醫院附設民眾診療服務處,中央開刀房,N2,恢復室、麻醉護理,心臟外科、耳鼻喉,5 間以下,20-50 台,大刀才有 2 位以上刷手,固定科別,,固定白班，不需值班,,,,,不需要,,,,,,,幾乎每天,有，完整 1 小時,1 小時內,45-50,合理範圍給,幾乎每天,充足且合身,,,4,1-3 個月,全程給公假,完全自費,5,10,86,36,13,員工旅遊補助,3,難以升遷,2,,,,allow,,,
2025-11-09,台北市,醫學中心,臺北榮民總醫院,門診手術室,N0,麻醉護理,一般外科,5 間以下,20 台以下,大刀才有 2 位以上刷手,,從不,固定白班＋on call,,,,,需要,1-4 次,幾乎每次都被叫回,,250-300 元,有,視情況,幾乎每天,有，完整 1 小時,4 小時,50-55,合理範圍給,幾乎每天,不適用,沒有,沒有,1,不一定,全程給公假,完全自費,1,3,92,39,14,,4,普通,5,氣氛輕鬆,allow,,,,,
2025-11-09,高雄市,區域醫院,高雄市立聯合醫院,神經外科手術室,N1,麻醉護理,神經外科,5 間以下,20-50 台,大刀才有 2 位以上刷手,全科都要會,經常,白班＋輪值夜間刀,無,600,無,1000,不需要,,,,,,,每週數次,有，完整 1 小時,4 小時,55-60,一律不給,偶爾,有但不足或老舊,沒有,,4,,僅部分給假,完全自費,3,5,89,37,13,托兒補助,4,機會多,4,安寧團隊互相 support,allow,,allow,,,
2025-11-09,台中市,區域醫院,國軍臺中總醫院附設民眾診療服務處,綜合手術室,N1,恢復室、麻醉護理,一般外科,11-20 間,50-100 台,1 位流動同時顧 2 間以上,固定科別,經常,固定白班＋on call,,,,,需要,13 次以上,偶爾,沒有規定,,,照常上班,偶爾,有，但常被中斷／縮短,,55-60,一律不給,每週數次,幾乎沒有,,4 次以上,1,1-3 個月,僅部分給假,部分補助,2,7,92,39,14,托兒補助,4,機會多,3,,,,allow,,,
2025-11-08 22:22,新竹縣,區域醫院,東元醫療社團法人東元綜合醫院,門診手術室,N0,麻醉護理,一般外科,11-20 間,20-50 台,大刀才有 2 位以上刷手,全科都要會,經常,固定白班＋on call,,,,,需要,1-4 次,經常,沒有規定,200-250 元,,可晚到或補休,幾乎每天,無,4 小時,45-50,主管判斷,,充足且合身,沒有,,,,僅部分給假,完全自費,6,6,75,32,11,托兒補助,4,機會多,4,兒科氣氛溫暖,allow,,allow,,,
2025-11-08 13:00,高雄市,區域醫院,義大醫療財團法人義大癌治療醫院,骨科手術室,N1,流動、恢復室、麻醉護理,骨科,21 間以上,不清楚,1 刷手＋1 流動,跨 2-3 科,偶爾,固定白班＋on call,,,,,需要,1-4 次,經常,沒有規定,300 元以上,無,可晚到或補休,每週數次,無,1-2 小時,45-50,一律給,幾乎每天,有但不足或老舊,,4 次以上,4,1 個月內,僅部分給假,完全自費,4,9,82,34,12,員工旅遊補助,4,機會多,3,案件量大但有規矩,allow,,allow,,,
2025-11-08 11:44,高雄市,區域醫院,阮綜合醫療社團法人阮綜合醫院,兒外手術室,N3,流動、麻醉護理,兒外,11-20 間,20 台以下,1 刷手＋1 流動,跨 2-3 科,從不,固定白班，不需值班,,,,,不需要,,,,,,,很少,有，完整 1 小時,4 小時,55-60,一律不給,偶爾,,沒有,沒有,4,,需用自己休假（放假天去上課）,部分補助,5,7,95,40,14,生日禮金、三節禮券,3,難以升遷,2,夜班暴力事件多,allow,,allow,,,
2025-11-08,台中市,地區醫院,新惠生醫院,中央開刀房,N1,刷手、流動、麻醉護理,泌尿,11-20 間,20-50 台,只有 1 位流動，兼刷手,跨 2-3 科,,三班輪值,無,300,1000,600,需要,5-8 次,經常,15 分鐘內,,有,,很少,有，完整 1 小時,1 小時內,50-55,主管判斷,幾乎沒有,,有但不常用,2-3 次,,,僅部分給假,部分補助,2,8,77,32,12,,4,普通,3,可學到很多技術,allow,,,,,
2025-11-08,台南市,醫學中心,奇美醫療財團法人奇美醫院及其樹林院區,骨科手術室,N1,刷手、流動、麻醉護理,骨科,21 間以上,50-100 台,1 位流動同時顧 2 間以上,固定科別,偶爾,固定白班＋on call,,,,,需要,9-12 次,幾乎每次都被叫回,,200-250 元,有,,很少,有，完整 1 小時,4 小時,50-55,合理範圍給,,幾乎沒有,不清楚,,5,6 個月以上,全程給公假,部分補助,1,2,105,44,16,員工健檢自費項目補助,4,機會多,4,,,,allow,,,
2025-11-08,高雄市,醫學中心,財團法人私立高雄醫學大學附設中和紀念醫院,整形外科手術室,N3,流動、麻醉護理,整形外科,21 間以上,20 台以下,只有 1 位流動，兼刷手,固定科別,偶爾,固定白班，不需值班,,,,,不需要,,,,,,,幾乎每天,無,無,55-60,主管判斷,幾乎沒有,不適用,沒有,1 次,,不一定,全程給公假,部分補助,8,10,117,49,18,員工健檢自費項目補助,2,普通,1,,,,allow,,,
2025-11-08,高雄市,區域醫院,高雄市立小港醫院（委託財團法人私立高雄醫學大學經營）,中央手術室,N1,流動,一般外科、心臟外科,21 間以上,50-100 台,1 位流動同時顧 2 間以上,,經常,固定白班＋on call,,,,,需要,1-4 次,經常,15 分鐘內,無,無,,幾乎每天,無,,55-60,主管判斷,幾乎沒有,充足且合身,每間都有且有使用,4 次以上,1,1-3 個月,需用自己休假（放假天去上課）,全額公費,7,13,87,37,13,,3,機會多,3,人力穩定但行政會議多,allow,,,,,
2025-11-07,花蓮縣,醫學中心,佛教慈濟醫療財團法人花蓮慈濟醫院,神經外科手術室,N2,刷手、流動,神經外科,11-20 間,100 台以上,1 位流動同時顧 2 間以上,,,固定白班，不需值班,,,,,不需要,,,,,,,很少,有，但常被中斷／縮短,2-3 小時,45-50,合理範圍給,幾乎沒有,有但不足或老舊,不清楚,1 次,5,,需用自己休假（放假天去上課）,全額公費,6,10,109,46,16,員工健檢自費項目補助,4,普通,3,,,,allow,,,
2025-11-06 17:23,新竹市,區域醫院,新竹市立馬偕兒童醫院(委託台灣基督長老教會馬偕醫療財團法人興建經營),中央手術室,N4,流動、恢復室、麻醉護理,一般外科、兒外,6-10 間,100 台以上,只有 1 位流動，兼刷手,,,固定白班＋on call,,,,,需要,13 次以上,,,250-300 元,有,,每週數次,有，但常被中斷／縮短,1-2 小時,55-60,一律不給,幾乎每天,,每間都有且有使用,沒有,1,1-3 個月,需用自己休假（放假天去上課）,全額公費,7,9,114,48,17,,3,難以升遷,2,,,,,,,
2025-11-05,嘉義市,地區醫院,衛生福利部嘉義醫院,婦產手術室,N4,麻醉護理,婦產,11-20 間,50-100 台,只有 1 位流動，兼刷手,全科都要會,偶爾,固定白班＋on call,,,,,需要,9-12 次,,60 分鐘內,,,,很少,有，但常被中斷／縮短,無,45-50,一律給,幾乎每天,不適用,每間都有且有使用,,5,1 個月內,僅部分給假,部分補助,7,7,108,45,16,員工健檢自費項目補助,4,機會多,4,案件多但學得快,allow,,allow,,,
2025-11-04 11:59,台南市,醫學中心,國立成功大學醫學院附設醫院,婦產手術室,N1,刷手、流動、麻醉護理,婦產,5 間以下,不清楚,大刀才有 2 位以上刷手,全科都要會,經常,固定白班，不需值班,,,,,不需要,,,,,,,幾乎每天,有，但常被中斷／縮短,1 小時內,55-60,一律不給,每週數次,,有但不常用,,4,1-3 個月,全程給公假,完全自費,1,2,100,42,15,,3,機會多,3,工時長但待遇可,allow,,,,,
2025-11-04,桃園市,區域醫院,敏盛綜合醫院,婦產手術室,護理長,麻醉護理,婦產,11-20 間,50-100 台,大刀才有 2 位以上刷手,全科都要會,,固定白班＋on call,,,,,需要,5-8 次,,15 分鐘內,250-300 元,,視情況,很少,有，完整 1 小時,,50-55,合理範圍給,幾乎沒有,,,沒有,1,,僅部分給假,完全自費,5,10,123,52,18,,3,難以升遷,2,中部醫院 case 量適中,allow,,,,,
2025-11-04,屏東縣,區域醫院,屏東榮民總醫院,中央開刀房,專科護理師,刷手,一般外科、兒外,21 間以上,50-100 台,1 刷手＋1 流動,跨 2-3 科,從不,白班＋輪值夜間刀,400,600,500,600,不需要,,,,,,,很少,無,4 小時,45-50,合理範圍給,偶爾,幾乎沒有,,沒有,3,1 個月內,全程給公假,完全自費,2,2,103,43,15,托兒補助,4,普通,3,,,,allow,,,
2025-11-04,屏東縣,地區醫院,南門醫療社團法人南門醫院,耳鼻喉手術室,N0,刷手、流動,耳鼻喉,6-10 間,20-50 台,只有 1 位流動，兼刷手,,偶爾,固定白班＋on call,,,,,需要,13 次以上,很少,60 分鐘內,300 元以上,,視情況,幾乎每天,無,4 小時,55-60,主管判斷,,有但不足或老舊,沒有,1 次,,不一定,需用自己休假（放假天去上課）,完全自費,7,7,71,30,11,,3,難以升遷,2,工時長到爆,allow,,,,,
2025-11-03,台北市,醫學中心,臺北市立萬芳醫院-委託臺北醫學大學辦理,心臟外科手術室,N1,流動,心臟外科,21 間以上,20-50 台,1 刷手＋1 流動,跨 2-3 科,,固定白班＋on call,,,,,需要,9-12 次,很少,60 分鐘內,250-300 元,,隔天休假,偶爾,有，但常被中斷／縮短,1 小時內,50-55,一律給,偶爾,有但不足或老舊,沒有,,2,,需用自己休假（放假天去上課）,完全自費,3,6,104,44,16,生日禮金、三節禮券,3,難以升遷,2,新人零保護,allow,,allow,,,
2025-11-02 20:00,台北市,醫學中心,新光醫療財團法人新光吳火獅紀念醫院,泌尿手術室,N3,麻醉護理,泌尿,21 間以上,不清楚,大刀才有 2 位以上刷手,固定科別,,固定白班＋on call,,,,,需要,5-8 次,幾乎每次都被叫回,15 分鐘內,無,無,,每週數次,有，完整 1 小時,1-2 小時,55-60,一律不給,幾乎每天,有但不足或老舊,每間都有且有使用,,2,1 個月內,僅部分給假,部分補助,4,7,115,48,17,,3,難以升遷,2,人力極端不足,allow,,,,,
2025-11-02 10:18,台中市,醫學中心,臺中榮民總醫院,耳鼻喉手術室,護理長,流動,耳鼻喉,21 間以上,100 台以上,1 刷手＋1 流動,,經常,白班＋輪值夜間刀,250,500,800,500,不需要,,,,,,,很少,有，但常被中斷／縮短,,50-55,一律給,幾乎每天,充足且合身,有但不常用,沒有,1,6 個月以上,全程給公假,全額公費,1,5,142,60,21,托兒補助,5,機會多,4,可學到很多技術,allow,,allow,,,
2025-11-02,台北市,醫學中心,新光醫療財團法人新光吳火獅紀念醫院,兒外手術室,N0,麻醉護理,兒外,5 間以下,不清楚,1 位流動同時顧 2 間以上,,偶爾,固定白班＋on call,,,,,需要,13 次以上,幾乎每次都被叫回,15 分鐘內,300 元以上,無,可晚到或補休,幾乎每天,有，但常被中斷／縮短,,50-55,一律給,,不適用,不清楚,,2,1-3 個月,僅部分給假,完全自費,1,3,92,39,14,,4,機會多,3,,,,,,,
2025-11-02,台北市,醫學中心,新光醫療財團法人新光吳火獅紀念醫院,門診手術室,護理長,流動,一般外科,6-10 間,20-50 台,只有 1 位流動，兼刷手,固定科別,從不,三班輪值,600,400,500,1200,需要,1-4 次,,30 分鐘內,250-300 元,有,視情況,偶爾,有，但常被中斷／縮短,2-3 小時,50-55,主管判斷,幾乎每天,充足且合身,沒有,4 次以上,5,1 個月內,僅部分給假,部分補助,8,10,130,55,20,,4,普通,4,同事關係好,allow,,,,,
2025-11-02,台北市,醫學中心,臺北榮民總醫院,骨科手術室,N1,麻醉護理,骨科,5 間以下,20 台以下,大刀才有 2 位以上刷手,全科都要會,經常,固定白班＋on call,,,,,需要,5-8 次,,沒有規定,250-300 元,有,,每週數次,有，完整 1 小時,,50-55,合理範圍給,,充足且合身,有但不常用,沒有,1,不一定,全程給公假,部分補助,6,8,107,45,16,員工旅遊補助,4,普通,4,兒科氣氛溫暖,allow,,allow,,,
2025-11-02,台北市,醫學中心,台灣基督長老教會馬偕醫療財團法人馬偕紀念醫院,整形外科手術室,N1,麻醉護理,整形外科,11-20 間,100 台以上,大刀才有 2 位以上刷手,固定科別,從不,固定白班＋on call,,,,,需要,9-12 次,,30 分鐘內,,無,可晚到或補休,每週數次,有，完整 1 小時,無,55-60,主管判斷,,,,,,,需用自己休假（放假天去上課）,部分補助,6,11,99,42,15,,4,機會多,4,同事關係好,allow,,,,,
2025-11-02,台北市,醫學中心,臺北榮民總醫院,中央開刀房,N1,麻醉護理,心臟外科、骨科、泌尿,6-10 間,50-100 台,1 位流動同時顧 2 間以上,全科都要會,經常,固定白班，不需值班,,,,,不需要,,,,,,,每週數次,有，但常被中斷／縮短,,45-50,合理範圍給,,,,1 次,4,1-3 個月,全程給公假,全額公費,8,9,97,41,15,,4,普通,3,門診作息穩定,allow,,,,,
2025-11-01 07:23,新北市,醫學中心,台灣基督長老教會馬偕醫療財團法人淡水馬偕紀念醫院,耳鼻喉手術室,N2,刷手、麻醉護理,耳鼻喉,6-10 間,20 台以下,大刀才有 2 位以上刷手,固定科別,經常,固定白班＋on call,,,,,需要,13 次以上,,,300 元以上,,,每週數次,有，完整 1 小時,,45-50,合理範圍給,每週數次,有但不足或老舊,,1 次,,,全程給公假,部分補助,8,10,111,47,17,,4,機會多,3,安寧團隊互相 support,allow,,,,,
2025-11-01,高雄市,醫學中心,高雄榮民總醫院,整形外科手術室,N1,刷手、恢復室,整形外科,21 間以上,20-50 台,大刀才有 2 位以上刷手,全科都要會,,固定白班，不需值班,,,,,不需要,,,,,,,偶爾,有，但常被中斷／縮短,1-2 小時,50-55,主管判斷,,幾乎沒有,沒有,1 次,5,不一定,需用自己休假（放假天去上課）,全額公費,4,7,100,42,15,進修學分補助、國外研討會補助,5,機會多,4,薪資與制度都優,allow,,allow,,,
2025-10-31 23:33,台北市,醫學中心,國立台灣大學醫學院附設醫院,眼科手術室,N2,麻醉護理,眼科,不清楚,不清楚,1 位流動同時顧 2 間以上,固定科別,,固定白班，不需值班,,,,,不需要,,,,,,,幾乎每天,有，完整 1 小時,,50-55,合理範圍給,,不適用,,2-3 次,3,3-6 個月,需用自己休假（放假天去上課）,部分補助,1,5,103,43,15,,4,普通,3,人力穩定但行政會議多,allow,,,,,
2025-10-31 17:48,台北市,醫學中心,國立台灣大學醫學院附設醫院,神經外科手術室,專科護理師,麻醉護理,神經外科,21 間以上,不清楚,只有 1 位流動，兼刷手,,從不,固定白班＋on call,,,,,需要,5-8 次,,,,有,可晚到或補休,很少,有，完整 1 小時,1 小時內,50-55,合理範圍給,偶爾,,有但不常用,沒有,3,不一定,全程給公假,全額公費,7,10,118,50,18,,4,普通,4,,,,,,,
2025-10-31,台北市,醫學中心,新光醫療財團法人新光吳火獅紀念醫院,恢復室,N2,恢復室,一般外科、心臟外科、移植,,,只有 1 位流動，兼刷手,,偶爾,固定白班，不需值班,,,,,不需要,,,,,,,偶爾,無,1-2 小時,50-55,主管判斷,幾乎沒有,有但不足或老舊,不清楚,,,6 個月以上,僅部分給假,完全自費,8,13,112,47,17,生日禮金、三節禮券,4,普通,4,,,,allow,,,
2025-10-30 23:09,高雄市,區域醫院,阮綜合醫療社團法人阮綜合醫院,中央開刀房,護理長,流動,心臟外科、骨科、眼科,21 間以上,20-50 台,1 刷手＋1 流動,固定科別,,固定白班＋on call,,,,,需要,9-12 次,幾乎每次都被叫回,15 分鐘內,200-250 元,,照常上班,每週數次,有，完整 1 小時,無,45-50,一律給,,有但不足或老舊,有但不常用,4 次以上,4,,僅部分給假,完全自費,5,11,116,49,17,進修學分補助、國外研討會補助,3,難以升遷,2,中部醫院 case 量適中,allow,,allow,,,
2025-10-30 18:04,台南市,醫學中心,奇美醫療財團法人奇美醫院及其樹林院區,心臟外科手術室,護理長,麻醉護理,心臟外科,5 間以下,20-50 台,大刀才有 2 位以上刷手,固定科別,,白班＋輪值夜間刀,無,200,400,800,不需要,,,,,,,偶爾,有，但常被中斷／縮短,1-2 小時,55-60,一律不給,,不適用,沒有,,,不一定,全程給公假,部分補助,1,4,127,53,19,員工餐廳伙食補助,3,難以升遷,2,中部醫院 case 量適中,allow,,allow,,,
2025-10-30 07:06,桃園市,區域醫院,長庚醫療財團法人桃園長庚紀念醫院及其長青院區,整形外科手術室,護理長,恢復室,整形外科,5 間以下,20-50 台,1 位流動同時顧 2 間以上,全科都要會,經常,固定白班＋on call,,,,,需要,5-8 次,幾乎每次都被叫回,60 分鐘內,無,有,視情況,偶爾,有，但常被中斷／縮短,,45-50,一律給,偶爾,,有但不常用,,5,1-3 個月,僅部分給假,完全自費,1,3,113,47,17,,4,機會多,4,兒科氣氛溫暖,allow,,,,,
2025-10-30,高雄市,醫學中心,高雄榮民總醫院,泌尿手術室,副護理長,麻醉護理,泌尿,11-20 間,20-50 台,1 刷手＋1 流動,跨 2-3 科,經常,三班輪值,無,無,800,1000,不需要,,,,,,,幾乎每天,有，完整 1 小時,2-3 小時,45-50,主管判斷,幾乎每天,有但不足或老舊,不清楚,,5,1 個月內,僅部分給假,部分補助,3,5,121,51,18,,3,普通,3,資深領班受重視,allow,,,,,
2025-10-30,桃園市,地區醫院,新永和醫院,眼科手術室,N1,麻醉護理,眼科,5 間以下,20 台以下,只有 1 位流動，兼刷手,跨 2-3 科,偶爾,固定白班＋on call,,,,,需要,1-4 次,偶爾,60 分鐘內,無,,,幾乎每天,有，但常被中斷／縮短,,55-60,一律不給,幾乎沒有,有但不足或老舊,,,3,6 個月以上,僅部分給假,全額公費,7,11,67,28,10,宿舍（單人房）,2,難以升遷,1,,,,allow,,,
2025-10-30,台中市,區域醫院,澄清綜合醫院,綜合手術室,N0,麻醉護理,兒外,不清楚,20 台以下,1 位流動同時顧 2 間以上,全科都要會,偶爾,白班＋輪值夜間刀,500,500,400,400,需要,5-8 次,很少,15 分鐘內,200-250 元,無,,每週數次,有，完整 1 小時,2-3 小時,50-55,一律給,,不適用,有但不常用,4 次以上,,,全程給公假,全額公費,3,6,82,34,12,,4,機會多,4,同事關係好,allow,,,,,
2025-10-30,花蓮縣,醫學中心,佛教慈濟醫療財團法人花蓮慈濟醫院,骨科手術室,N1,刷手,骨科,21 間以上,不清楚,1 位流動同時顧 2 間以上,,,固定白班＋on call,,,,,需要,9-12 次,,,,無,照常上班,每週數次,有，但常被中斷／縮短,,45-50,主管判斷,偶爾,充足且合身,每間都有且有使用,1 次,1,,需用自己休假（放假天去上課）,完全自費,8,11,95,40,14,,3,難以升遷,2,可學到很多技術,allow,,,,,
2025-10-29 19:00,花蓮縣,醫學中心,佛教慈濟醫療財團法人花蓮慈濟醫院,耳鼻喉手術室,N2,麻醉護理,耳鼻喉,6-10 間,20 台以下,大刀才有 2 位以上刷手,跨 2-3 科,,白班＋輪值夜間刀,600,無,400,600,不需要,,,,,,,很少,有，但常被中斷／縮短,1-2 小時,50-55,主管判斷,幾乎沒有,,有但不常用,,1,,需用自己休假（放假天去上課）,全額公費,7,7,109,46,16,宿舍（單人房）,3,機會多,3,團隊互助強,allow,,allow,,,
2025-10-29 16:00,台中市,醫學中心,中山醫學大學附設醫院,眼科手術室,副護理長,流動,眼科,不清楚,20-50 台,大刀才有 2 位以上刷手,,,固定白班＋on call,,,,,需要,13 次以上,偶爾,,,有,隔天休假,偶爾,有，但常被中斷／縮短,1-2 小時,50-55,合理範圍給,每週數次,充足且合身,有但不常用,,,1 個月內,僅部分給假,完全自費,6,11,120,50,18,,4,機會多,4,團隊互助強,allow,,,,,
2025-10-29 14:06,基隆市,區域醫院,衛生福利部基隆醫院,骨科手術室,N2,刷手、流動、麻醉護理,骨科,21 間以上,20 台以下,只有 1 位流動，兼刷手,全科都要會,經常,固定白班，不需值班,,,,,不需要,,,,,,,偶爾,無,無,55-60,一律不給,偶爾,充足且合身,有但不常用,沒有,3,,全程給公假,完全自費,3,9,95,40,14,進修學分補助、國外研討會補助,4,機會多,3,工時長但待遇可,allow,,allow,,,
2025-10-29,台北市,區域醫院,臺北市立聯合醫院中興院區,PACU,N4,恢復室,骨科,,,大刀才有 2 位以上刷手,跨 2-3 科,偶爾,固定白班，不需值班,,,,,不需要,,,,,,,偶爾,有，但常被中斷／縮短,1 小時內,55-60,主管判斷,幾乎沒有,充足且合身,,2-3 次,,,僅部分給假,部分補助,5,5,118,50,18,,3,難以升遷,1,夜班暴力事件多,allow,,,,,
2025-10-29,台中市,醫學中心,中山醫學大學附設醫院,中央手術室,副護理長,刷手、流動、麻醉護理,骨科,不清楚,20-50 台,只有 1 位流動，兼刷手,,偶爾,白班＋輪值夜間刀,400,600,無,600,不需要,,,,,,,偶爾,無,,55-60,一律不給,偶爾,幾乎沒有,不清楚,4 次以上,3,,僅部分給假,完全自費,8,8,125,53,19,醫療費用員工優惠,3,難以升遷,1,工時長到爆,allow,,allow,,,
2025-10-29,雲林縣,區域醫院,中國醫藥大學北港附設醫院,兒外手術室,N1,刷手,兒外,21 間以上,20 台以下,只有 1 位流動，兼刷手,,經常,固定白班＋on call,,,,,需要,13 次以上,偶爾,30 分鐘內,無,有,隔天休假,幾乎每天,有，完整 1 小時,2-3 小時,50-55,合理範圍給,,幾乎沒有,沒有,2-3 次,,1-3 個月,僅部分給假,完全自費,7,13,90,38,14,,5,機會多,4,氣氛輕鬆,allow,,,,,
2025-10-29,台中市,區域醫院,仁愛醫療財團法人大里仁愛醫院,綜合手術室,N1,刷手、流動,骨科、泌尿,不清楚,50-100 台,只有 1 位流動，兼刷手,跨 2-3 科,偶爾,白班＋輪值夜間刀,300,300,500,1000,不需要,,,,,,,幾乎每天,有，但常被中斷／縮短,4 小時,55-60,一律不給,偶爾,有但不足或老舊,,2-3 次,3,不一定,僅部分給假,部分補助,6,11,80,34,12,,2,難以升遷,1,被當打雜,allow,,,,,
2025-10-28,台南市,地區醫院,衛生福利部臺南醫院新化分院,骨科手術室,專科護理師,流動、恢復室,骨科,11-20 間,100 台以上,只有 1 位流動，兼刷手,,從不,白班＋輪值夜間刀,無,400,1000,400,需要,9-12 次,很少,60 分鐘內,200-250 元,有,視情況,幾乎每天,有，但常被中斷／縮短,,45-50,主管判斷,幾乎沒有,有但不足或老舊,不清楚,4 次以上,,,全程給公假,全額公費,2,5,90,38,14,,3,難以升遷,2,夜班輪轉公平,allow,,,,,
2025-10-28,台北市,醫學中心,三軍總醫院附設民眾診療服務處及其汀州院區,泌尿手術室,N2,刷手、流動、恢復室,泌尿,5 間以下,50-100 台,大刀才有 2 位以上刷手,全科都要會,,白班＋輪值夜間刀,500,500,1000,800,不需要,,,,,,,每週數次,無,,55-60,一律不給,每週數次,充足且合身,每間都有且有使用,,2,,需用自己休假（放假天去上課）,部分補助,4,10,111,47,17,,3,普通,2,夜班暴力事件多,allow,,,,,
2025-10-27 22:58,苗栗縣,地區醫院,財團法人台灣省私立桃園仁愛之家附設苗栗新生醫院,中央開刀房,護理長,刷手,一般外科、骨科、移植,11-20 間,100 台以上,1 位流動同時顧 2 間以上,固定科別,經常,白班＋輪值夜間刀,250,200,600,1000,不需要,,,,,,,很少,有，但常被中斷／縮短,2-3 小時,50-55,合理範圍給,每週數次,不適用,有但不常用,1 次,4,不一定,需用自己休假（放假天去上課）,全額公費,6,11,105,44,16,年度自強活動,3,普通,2,工時長到爆,allow,,allow,,,
2025-10-27 22:40,台北市,區域醫院,三軍總醫院松山分院附設民眾診療服務處,婦產手術室,N3,刷手、流動、麻醉護理,婦產,11-20 間,20 台以下,大刀才有 2 位以上刷手,跨 2-3 科,,固定白班，不需值班,,,,,不需要,,,,,,,幾乎每天,有，完整 1 小時,無,50-55,主管判斷,,充足且合身,,1 次,1,3-6 個月,僅部分給假,部分補助,6,12,93,39,14,,5,機會多,5,,,,,,,
2025-10-26 22:44,台中市,醫學中心,中國醫藥大學兒童醫院,綜合手術室,N2,刷手,兒外,21 間以上,20 台以下,1 位流動同時顧 2 間以上,,從不,三班輪值,600,300,無,1200,不需要,,,,,,,每週數次,有，但常被中斷／縮短,2-3 小時,50-55,主管判斷,每週數次,有但不足或老舊,沒有,1 次,2,3-6 個月,全程給公假,全額公費,7,8,109,46,16,,4,普通,3,兒科氣氛溫暖,allow,,,,,
2025-10-26 18:56,台北市,醫學中心,國立臺灣大學醫學院附設醫院兒童醫院,PACU,護理長,恢復室,一般外科,,,大刀才有 2 位以上刷手,跨 2-3 科,,三班輪值,無,250,1200,400,需要,5-8 次,,30 分鐘內,200-250 元,有,,幾乎每天,有，完整 1 小時,無,50-55,一律給,每週數次,幾乎沒有,每間都有且有使用,4 次以上,3,不一定,僅部分給假,全額公費,7,11,136,57,20,,5,機會多,4,薪資與制度都優,allow,,,,,
2025-10-26 09:22,台南市,區域醫院,衛生福利部臺南醫院,兒外手術室,N2,麻醉護理,兒外,不清楚,20 台以下,1 位流動同時顧 2 間以上,,偶爾,固定白班＋on call,,,,,需要,9-12 次,經常,,無,有,隔天休假,很少,有，但常被中斷／縮短,1 小時內,45-50,合理範圍給,,不適用,,4 次以上,5,,需用自己休假（放假天去上課）,完全自費,4,5,86,36,13,,4,機會多,4,主管支持度高,allow,,,,,
2025-10-26,新北市,地區醫院,中英醫療社團法人板英醫院,神經外科手術室,N2,刷手、流動,神經外科,11-20 間,100 台以上,1 刷手＋1 流動,固定科別,偶爾,三班輪值,200,無,無,無,不需要,,,,,,,很少,有，完整 1 小時,無,50-55,一律給,,不適用,,2-3 次,,6 個月以上,全程給公假,全額公費,6,10,80,34,12,,4,普通,3,,,,,,,
2025-10-25,桃園市,區域醫院,沙爾德聖保祿修女會醫療財團法人聖保祿醫院,婦產手術室,N0,刷手、流動、恢復室,婦產,21 間以上,不清楚,1 位流動同時顧 2 間以上,全科都要會,,固定白班＋on call,,,,,需要,1-4 次,幾乎每次都被叫回,15 分鐘內,,有,,偶爾,有，完整 1 小時,4 小時,50-55,合理範圍給,,有但不足或老舊,沒有,4 次以上,5,3-6 個月,全程給公假,完全自費,6,7,80,34,12,生日禮金、三節禮券,4,機會多,3,門診作息穩定,allow,,allow,,,
2025-10-25,南投縣,區域醫院,衛生福利部南投醫院及其中興院區,PACU,N2,恢復室,一般外科、耳鼻喉,,,1 刷手＋1 流動,跨 2-3 科,偶爾,固定白班＋on call,,,,,需要,13 次以上,幾乎每次都被叫回,60 分鐘內,300 元以上,無,視情況,偶爾,有，完整 1 小時,,55-60,一律不給,,充足且合身,,,,,全程給公假,全額公費,6,11,82,34,12,,3,難以升遷,2,,,,,,,
2025-10-25,基隆市,地區醫院,醫療財團法人臺灣區煤礦業基金會臺灣礦工醫院,骨科手術室,N1,恢復室、麻醉護理,骨科,不清楚,20 台以下,只有 1 位流動，兼刷手,,,固定白班＋on call,,,,,需要,1-4 次,偶爾,60 分鐘內,200-250 元,,,偶爾,有，完整 1 小時,,55-60,主管判斷,,不適用,,1 次,3,,僅部分給假,部分補助,4,4,74,31,11,,4,機會多,3,,,,,,,
2025-10-25,台中市,醫學中心,中山醫學大學附設醫院,耳鼻喉手術室,N3,麻醉護理,耳鼻喉,5 間以下,不清楚,1 位流動同時顧 2 間以上,固定科別,,固定白班＋on call,,,,,需要,5-8 次,很少,,250-300 元,無,視情況,偶爾,有，但常被中斷／縮短,,50-55,合理範圍給,,有但不足或老舊,有但不常用,,1,不一定,全程給公假,完全自費,4,8,120,50,18,員工旅遊補助,4,機會多,3,,,,allow,,,
2025-10-24 18:53,苗栗縣,區域醫院,衛生福利部苗栗醫院,骨科手術室,N1,刷手、恢復室、麻醉護理,骨科,11-20 間,20-50 台,只有 1 位流動，兼刷手,跨 2-3 科,經常,三班輪值,400,400,400,1200,不需要,,,,,,,每週數次,有，完整 1 小時,2-3 小時,55-60,主管判斷,,,沒有,2-3 次,3,,全程給公假,全額公費,4,6,90,38,14,宿舍（單人房）,2,普通,1,,,,allow,,,
2025-10-24,台北市,醫學中心,國立臺灣大學醫學院附設醫院兒童醫院,心臟外科手術室,N4,刷手、流動、麻醉護理,心臟外科,5 間以下,不清楚,只有 1 位流動，兼刷手,跨 2-3 科,偶爾,固定白班＋on call,,,,,需要,1-4 次,,,250-300 元,有,隔天休假,很少,無,2-3 小時,45-50,主管判斷,每週數次,充足且合身,不清楚,1 次,5,1 個月內,全程給公假,完全自費,1,6,136,57,20,員工健檢自費項目補助,4,普通,3,,,,allow,,,
2025-10-24,台中市,醫學中心,臺中榮民總醫院,婦產手術室,N2,麻醉護理,婦產,6-10 間,100 台以上,只有 1 位流動，兼刷手,固定科別,經常,三班輪值,200,600,600,無,不需要,,,,,,,幾乎每天,無,2-3 小時,45-50,合理範圍給,偶爾,充足且合身,,,5,3-6 個月,僅部分給假,部分補助,8,10,102,43,15,員工旅遊補助,4,機會多,4,薪資與制度都優,allow,,allow,,,
2025-10-23 07:55,高雄市,醫學中心,長庚醫療財團法人高雄長庚紀念醫院,綜合手術室,N1,恢復室,心臟外科、移植,11-20 間,20 台以下,只有 1 位流動，兼刷手,固定科別,從不,固定白班＋on call,,,,,需要,5-8 次,,15 分鐘內,200-250 元,無,照常上班,幾乎每天,有，完整 1 小時,2-3 小時,50-55,一律給,每週數次,,不清楚,2-3 次,2,3-6 個月,僅部分給假,部分補助,6,10,96,40,14,,5,普通,4,,,,,,,
2025-10-23,新北市,地區醫院,中英醫療社團法人板英醫院,綜合手術室,N2,流動、恢復室、麻醉護理,一般外科、骨科、耳鼻喉,21 間以上,50-100 台,1 位流動同時顧 2 間以上,固定科別,從不,三班輪值,500,400,600,400,不需要,,,,,,,幾乎每天,有，但常被中斷／縮短,無,50-55,合理範圍給,幾乎沒有,,,4 次以上,3,1 個月內,僅部分給假,完全自費,5,10,76,32,11,,4,普通,3,專科很強值得待,allow,,,,,
2025-10-23,台北市,醫學中心,國立臺灣大學醫學院附設醫院兒童醫院,婦產手術室,N1,麻醉護理,婦產,不清楚,20 台以下,只有 1 位流動，兼刷手,全科都要會,從不,固定白班，不需值班,,,,,不需要,,,,,,,偶爾,無,1 小時內,50-55,一律給,每週數次,充足且合身,有但不常用,,,1 個月內,需用自己休假（放假天去上課）,部分補助,8,10,107,45,16,,4,機會多,4,安寧團隊互相 support,allow,,,,,
2025-10-23,高雄市,區域醫院,義大醫療財團法人義大癌治療醫院,神經外科手術室,N1,恢復室、麻醉護理,神經外科,21 間以上,20 台以下,只有 1 位流動，兼刷手,跨 2-3 科,,固定白班＋on call,,,,,需要,9-12 次,經常,15 分鐘內,,有,可晚到或補休,幾乎每天,有，但常被中斷／縮短,4 小時,55-60,主管判斷,幾乎每天,幾乎沒有,有但不常用,4 次以上,4,1 個月內,僅部分給假,部分補助,5,7,85,36,13,員工旅遊補助,3,普通,2,被當打雜,allow,,allow,,,
2025-10-23,新北市,醫學中心,佛教慈濟醫療財團法人台北慈濟醫院,中央手術室,N3,麻醉護理,心臟外科、整形外科,11-20 間,50-100 台,1 刷手＋1 流動,跨 2-3 科,,固定白班，不需值班,,,,,不需要,,,,,,,每週數次,有，完整 1 小時,,45-50,一律給,偶爾,充足且合身,每間都有且有使用,1 次,3,,僅部分給假,完全自費,7,8,121,51,18,,3,機會多,3,,,,,,,
2025-10-23,新竹市,區域醫院,台灣基督長老教會馬偕醫療財團法人新竹馬偕紀念醫院,婦產手術室,N3,麻醉護理,婦產,不清楚,50-100 台,1 刷手＋1 流動,全科都要會,,白班＋輪值夜間刀,300,600,無,800,需要,13 次以上,很少,60 分鐘內,300 元以上,有,可晚到或補休,每週數次,有，完整 1 小時,4 小時,50-55,合理範圍給,,,不清楚,4 次以上,5,6 個月以上,全程給公假,完全自費,1,5,106,45,16,生日禮金、三節禮券,4,普通,3,,,,allow,,,
2025-10-22,台北市,醫學中心,臺北市立萬芳醫院-委託臺北醫學大學辦理,中央手術室,N4,流動,骨科、泌尿、耳鼻喉,6-10 間,不清楚,1 位流動同時顧 2 間以上,全科都要會,經常,白班＋輪值夜間刀,600,600,1200,無,需要,13 次以上,很少,,無,,隔天休假,很少,有，但常被中斷／縮短,無,45-50,合理範圍給,幾乎沒有,充足且合身,沒有,2-3 次,,1 個月內,僅部分給假,完全自費,2,7,135,57,20,,3,普通,2,沒人沒錢沒尊重,allow,,,,,
2025-10-22,台中市,區域醫院,衛生福利部豐原醫院,門診手術室,護理長,刷手、恢復室、麻醉護理,一般外科,6-10 間,50-100 台,1 刷手＋1 流動,全科都要會,從不,白班＋輪值夜間刀,400,250,1000,800,需要,13 次以上,偶爾,,250-300 元,,可晚到或補休,很少,無,,50-55,主管判斷,幾乎每天,,不清楚,2-3 次,3,3-6 個月,僅部分給假,部分補助,2,4,116,49,17,,3,難以升遷,2,訓練體系完整,allow,,,,,
2025-10-22,彰化縣,區域醫院,秀傳醫療社團法人秀傳紀念醫院,泌尿手術室,N3,麻醉護理,泌尿,不清楚,100 台以上,1 刷手＋1 流動,固定科別,,三班輪值,無,500,1200,無,不需要,,,,,,,很少,有，但常被中斷／縮短,2-3 小時,55-60,主管判斷,偶爾,充足且合身,不清楚,1 次,,3-6 個月,需用自己休假（放假天去上課）,全額公費,6,9,92,39,14,醫療費用員工優惠,4,普通,3,夜班輪轉公平,allow,,allow,,,
2025-10-21 14:24,新北市,地區醫院,豐榮醫院,整形外科手術室,N3,麻醉護理,整形外科,6-10 間,不清楚,1 位流動同時顧 2 間以上,跨 2-3 科,,固定白班，不需值班,,,,,不需要,,,,,,,很少,無,,50-55,合理範圍給,偶爾,,每間都有且有使用,沒有,5,1 個月內,需用自己休假（放假天去上課）,部分補助,5,10,80,34,12,,3,難以升遷,2,門診作息穩定,allow,,,,,
2025-10-21 13:57,高雄市,醫學中心,高雄榮民總醫院,婦產手術室,護理長,恢復室、麻醉護理,婦產,21 間以上,50-100 台,只有 1 位流動，兼刷手,,,固定白班，不需值班,,,,,不需要,,,,,,,很少,有，完整 1 小時,無,50-55,一律給,,幾乎沒有,不清楚,,1,不一定,僅部分給假,完全自費,4,10,135,57,20,員工餐廳伙食補助,4,普通,4,,,,allow,,,
2025-10-21 07:31,台南市,醫學中心,奇美醫療財團法人奇美醫院及其樹林院區,整形外科手術室,N1,刷手、流動、恢復室,整形外科,5 間以下,不清楚,大刀才有 2 位以上刷手,全科都要會,,固定白班＋on call,,,,,需要,1-4 次,,15 分鐘內,250-300 元,無,照常上班,每週數次,無,無,50-55,一律給,每週數次,充足且合身,不清楚,沒有,,不一定,全程給公假,完全自費,8,13,93,39,14,,5,機會多,5,資深領班受重視,allow,,,,,
2025-10-21,台北市,區域醫院,振興醫療財團法人振興醫院,神經外科手術室,N1,恢復室,神經外科,不清楚,20 台以下,只有 1 位流動，兼刷手,,偶爾,三班輪值,600,500,無,1000,需要,5-8 次,偶爾,,,,,很少,無,,50-55,合理範圍給,每週數次,有但不足或老舊,,沒有,,3-6 個月,僅部分給假,部分補助,8,10,82,34,12,生日禮金、三節禮券,3,難以升遷,2,加班沒給,allow,,allow,,,
2025-10-21,彰化縣,區域醫院,秀傳醫療社團法人秀傳紀念醫院,骨科手術室,專科護理師,流動、恢復室、麻醉護理,骨科,21 間以上,100 台以上,只有 1 位流動，兼刷手,固定科別,偶爾,固定白班，不需值班,,,,,不需要,,,,,,,幾乎每天,有，完整 1 小時,4 小時,50-55,一律給,幾乎沒有,充足且合身,有但不常用,1 次,,1-3 個月,需用自己休假（放假天去上課）,全額公費,4,6,101,42,15,生日禮金、三節禮券,4,機會多,4,主管支持度高,allow,,allow,,,
2025-10-20 14:52,桃園市,地區醫院,大明醫院,心臟外科手術室,N1,刷手、流動、恢復室,心臟外科,21 間以上,50-100 台,只有 1 位流動，兼刷手,固定科別,經常,白班＋輪值夜間刀,250,無,1000,1200,不需要,,,,,,,每週數次,有，但常被中斷／縮短,1-2 小時,50-55,一律給,幾乎每天,幾乎沒有,不清楚,1 次,,6 個月以上,僅部分給假,全額公費,3,4,71,30,11,,4,機會多,3,,,,,,,
2025-10-20 13:45,台南市,區域醫院,台灣基督長老教會新樓醫療財團法人台南新樓醫院,耳鼻喉手術室,N4,麻醉護理,耳鼻喉,不清楚,不清楚,大刀才有 2 位以上刷手,跨 2-3 科,偶爾,白班＋輪值夜間刀,600,無,1200,無,需要,5-8 次,幾乎每次都被叫回,,無,無,可晚到或補休,偶爾,無,1 小時內,45-50,一律給,每週數次,幾乎沒有,,,3,6 個月以上,全程給公假,完全自費,5,10,120,50,18,生日禮金、三節禮券,4,機會多,3,夜班輪轉公平,allow,,allow,,,
2025-10-20,高雄市,地區醫院,高雄市立岡山醫院（委託秀傳醫療社團法人經營）,耳鼻喉手術室,副護理長,流動、麻醉護理,耳鼻喉,不清楚,100 台以上,大刀才有 2 位以上刷手,跨 2-3 科,,固定白班＋on call,,,,,需要,1-4 次,,沒有規定,200-250 元,有,隔天休假,很少,有，但常被中斷／縮短,,50-55,合理範圍給,偶爾,,有但不常用,,4,,僅部分給假,全額公費,5,9,96,40,14,員工健檢自費項目補助,4,機會多,4,案件多但學得快,allow,,allow,,,
2025-10-20,屏東縣,區域醫院,寶建醫療社團法人寶建醫院,神經外科手術室,N2,刷手、流動,神經外科,6-10 間,100 台以上,大刀才有 2 位以上刷手,全科都要會,經常,固定白班，不需值班,,,,,不需要,,,,,,,每週數次,無,4 小時,45-50,一律給,每週數次,不適用,不清楚,2-3 次,,6 個月以上,全程給公假,全額公費,4,10,89,37,13,,4,機會多,3,工時長但待遇可,allow,,,,,
2025-10-20,彰化縣,區域醫院,秀傳醫療財團法人彰濱秀傳紀念醫院,中央開刀房,N2,刷手、麻醉護理,一般外科,6-10 間,不清楚,1 位流動同時顧 2 間以上,固定科別,經常,固定白班，不需值班,,,,,不需要,,,,,,,每週數次,有，完整 1 小時,4 小時,55-60,一律不給,偶爾,,沒有,沒有,3,3-6 個月,需用自己休假（放假天去上課）,部分補助,3,3,87,37,13,生日禮金、三節禮券,4,普通,3,夜班輪轉公平,allow,,allow,,,
2025-10-19 17:16,台北市,醫學中心,臺北榮民總醫院,心臟外科手術室,N3,麻醉護理,心臟外科,5 間以下,20 台以下,只有 1 位流動，兼刷手,跨 2-3 科,,固定白班＋on call,,,,,需要,13 次以上,幾乎每次都被叫回,30 分鐘內,200-250 元,無,,每週數次,有，完整 1 小時,4 小時,55-60,主管判斷,,有但不足或老舊,每間都有且有使用,2-3 次,4,,需用自己休假（放假天去上課）,部分補助,1,7,114,48,17,,3,機會多,3,訓練體系完整,allow,,,,,
2025-10-19 15:34,高雄市,醫學中心,義大醫療財團法人義大醫院,泌尿手術室,N0,刷手、流動,泌尿,21 間以上,20 台以下,1 位流動同時顧 2 間以上,固定科別,,固定白班＋on call,,,,,需要,9-12 次,幾乎每次都被叫回,30 分鐘內,300 元以上,,,每週數次,無,1 小時內,50-55,合理範圍給,每週數次,有但不足或老舊,,4 次以上,2,1 個月內,僅部分給假,完全自費,6,7,88,37,13,,4,普通,4,薪資與制度都優,allow,,,,,
2025-10-19,新北市,地區醫院,天主教耕莘醫療財團法人耕莘醫院安康院區,門診手術室,N1,刷手、流動、麻醉護理,一般外科,21 間以上,不清楚,1 刷手＋1 流動,固定科別,經常,固定白班，不需值班,,,,,不需要,,,,,,,每週數次,有，完整 1 小時,1 小時內,55-60,主管判斷,幾乎沒有,,每間都有且有使用,,2,,需用自己休假（放假天去上課）,全額公費,7,11,68,29,10,,3,難以升遷,1,新人零保護,allow,,,,,
2025-10-18 20:35,花蓮縣,醫學中心,佛教慈濟醫療財團法人花蓮慈濟醫院,中央手術室,N1,麻醉護理,婦產,5 間以下,20-50 台,只有 1 位流動，兼刷手,全科都要會,,固定白班，不需值班,,,,,不需要,,,,,,,每週數次,無,2-3 小時,50-55,合理範圍給,幾乎每天,,有但不常用,,,,全程給公假,完全自費,3,7,97,41,15,員工旅遊補助,3,普通,2,門診作息穩定,allow,,allow,,,
2025-10-18 07:51,台北市,區域醫院,臺北市立聯合醫院中興院區,中央開刀房,N3,刷手、流動、麻醉護理,婦產、整形外科,11-20 間,不清楚,1 刷手＋1 流動,,從不,固定白班，不需值班,,,,,不需要,,,,,,,偶爾,有，完整 1 小時,,50-55,一律給,幾乎沒有,幾乎沒有,不清楚,2-3 次,3,,僅部分給假,完全自費,6,7,93,39,14,,3,機會多,3,夜班輪轉公平,allow,,,,,
2025-10-18 07:46,桃園市,區域醫院,臺北榮民總醫院桃園分院,中央手術室,N3,麻醉護理,一般外科、兒外,不清楚,不清楚,只有 1 位流動，兼刷手,跨 2-3 科,從不,固定白班＋on call,,,,,需要,9-12 次,經常,15 分鐘內,250-300 元,,視情況,很少,無,,50-55,合理範圍給,每週數次,幾乎沒有,,2-3 次,,6 個月以上,需用自己休假（放假天去上課）,全額公費,8,9,92,39,14,進修學分補助、國外研討會補助,4,機會多,4,團隊互助強,allow,,allow,,,
2025-10-18,台中市,醫學中心,臺中榮民總醫院,泌尿手術室,N2,流動、麻醉護理,泌尿,5 間以下,20 台以下,大刀才有 2 位以上刷手,,從不,固定白班，不需值班,,,,,不需要,,,,,,,每週數次,有，但常被中斷／縮短,,50-55,一律給,幾乎每天,有但不足或老舊,,4 次以上,4,1 個月內,全程給公假,完全自費,1,2,109,46,16,,4,普通,3,專科氣氛 OK,allow,,,,,
2025-10-18,台北市,地區醫院,協和婦女醫院,神經外科手術室,副護理長,流動、麻醉護理,神經外科,21 間以上,不清楚,只有 1 位流動，兼刷手,,偶爾,三班輪值,300,300,500,400,需要,13 次以上,經常,沒有規定,200-250 元,有,照常上班,偶爾,無,無,50-55,主管判斷,每週數次,,不清楚,2-3 次,2,1 個月內,需用自己休假（放假天去上課）,全額公費,7,11,93,39,14,托兒補助,4,普通,4,兒科氣氛溫暖,allow,,allow,,,
2025-10-18,台北市,醫學中心,國立臺灣大學醫學院附設醫院兒童醫院,整形外科手術室,N4,刷手、流動,整形外科,6-10 間,不清楚,1 位流動同時顧 2 間以上,全科都要會,從不,三班輪值,250,無,500,1200,需要,13 次以上,,60 分鐘內,,無,視情況,每週數次,無,,45-50,合理範圍給,偶爾,充足且合身,,,1,不一定,僅部分給假,完全自費,3,8,129,54,19,,4,普通,3,,,,,,,
2025-10-17 15:09,彰化縣,醫學中心,彰化基督教醫療財團法人彰化基督教兒童醫院,綜合手術室,N0,刷手、流動、恢復室,骨科、整形外科,6-10 間,50-100 台,1 刷手＋1 流動,全科都要會,從不,固定白班＋on call,,,,,需要,9-12 次,經常,60 分鐘內,200-250 元,無,隔天休假,幾乎每天,有，但常被中斷／縮短,1 小時內,50-55,一律給,,,沒有,沒有,5,1-3 個月,全程給公假,部分補助,3,3,101,42,15,醫療費用員工優惠,4,機會多,4,專科很強值得待,allow,,allow,,,
2025-10-17 13:38,台南市,地區醫院,營新醫院,門診手術室,N1,刷手、流動、恢復室,一般外科,5 間以下,不清楚,1 刷手＋1 流動,全科都要會,經常,固定白班，不需值班,,,,,不需要,,,,,,,很少,無,1-2 小時,50-55,合理範圍給,幾乎沒有,,沒有,2-3 次,4,3-6 個月,僅部分給假,完全自費,8,11,74,31,11,年度自強活動,3,難以升遷,2,,,,allow,,,
2025-10-17,台中市,地區醫院,第一醫院,恢復室,N1,恢復室,一般外科、心臟外科,,,只有 1 位流動，兼刷手,跨 2-3 科,經常,三班輪值,300,500,800,600,不需要,,,,,,,偶爾,有，完整 1 小時,無,45-50,主管判斷,,不適用,沒有,2-3 次,5,1-3 個月,全程給公假,全額公費,8,10,72,30,11,,3,普通,1,新人零保護,allow,,,,,
2025-10-17,台北市,醫學中心,三軍總醫院附設民眾診療服務處及其汀州院區,中央開刀房,N3,麻醉護理,心臟外科,21 間以上,100 台以上,1 位流動同時顧 2 間以上,全科都要會,,固定白班，不需值班,,,,,不需要,,,,,,,幾乎每天,無,無,50-55,主管判斷,每週數次,不適用,每間都有且有使用,2-3 次,3,,需用自己休假（放假天去上課）,完全自費,4,9,123,52,18,宿舍（單人房）,3,難以升遷,2,中部醫院 case 量適中,allow,,allow,,,
2025-10-17,台北市,醫學中心,國立臺灣大學醫學院附設醫院兒童醫院,中央手術室,N4,流動、恢復室,骨科、泌尿、耳鼻喉,11-20 間,20 台以下,大刀才有 2 位以上刷手,固定科別,偶爾,三班輪值,600,無,無,無,不需要,,,,,,,幾乎每天,無,,45-50,一律給,,充足且合身,每間都有且有使用,2-3 次,5,1-3 個月,需用自己休假（放假天去上課）,全額公費,1,2,124,52,19,,5,機會多,4,可學到很多技術,allow,,,,,
2025-10-17,台東縣,區域醫院,台灣基督長老教會馬偕醫療財團法人台東馬偕紀念醫院,整形外科手術室,N4,刷手,整形外科,不清楚,50-100 台,1 位流動同時顧 2 間以上,全科都要會,偶爾,固定白班，不需值班,,,,,不需要,,,,,,,偶爾,有，但常被中斷／縮短,1 小時內,45-50,合理範圍給,幾乎沒有,,有但不常用,2-3 次,5,,全程給公假,全額公費,6,8,118,50,18,,3,機會多,3,專科很強值得待,allow,,,,,
2025-10-17,台北市,醫學中心,台灣基督長老教會馬偕醫療財團法人馬偕紀念醫院,耳鼻喉手術室,護理長,刷手,耳鼻喉,11-20 間,不清楚,1 位流動同時顧 2 間以上,固定科別,從不,固定白班＋on call,,,,,需要,13 次以上,經常,60 分鐘內,250-300 元,,,偶爾,無,2-3 小時,45-50,主管判斷,每週數次,幾乎沒有,,沒有,4,,需用自己休假（放假天去上課）,部分補助,5,11,128,54,19,,4,機會多,3,加班頻率可接受,allow,,,,,
2025-10-17,台北市,區域醫院,臺北市立聯合醫院陽明院區,恢復室,護理長,恢復室,一般外科、耳鼻喉,,,1 位流動同時顧 2 間以上,,,固定白班，不需值班,,,,,不需要,,,,,,,很少,無,2-3 小時,55-60,一律不給,,不適用,,,5,,全程給公假,完全自費,6,12,124,52,19,,3,難以升遷,2,主管常 stand-by 不夠,allow,,,,,
2025-10-16 11:56,新北市,地區醫院,永聖醫療社團法人文化醫院,門診手術室,專科護理師,恢復室、麻醉護理,一般外科,5 間以下,20 台以下,1 刷手＋1 流動,固定科別,經常,固定白班＋on call,,,,,需要,5-8 次,幾乎每次都被叫回,30 分鐘內,300 元以上,有,,每週數次,有，完整 1 小時,4 小時,55-60,一律不給,幾乎沒有,不適用,,1 次,1,1 個月內,僅部分給假,完全自費,2,8,95,40,14,,3,機會多,3,主管管太細,allow,,,,,
2025-10-16,台中市,醫學中心,臺中榮民總醫院,泌尿手術室,N0,刷手、流動、恢復室,泌尿,5 間以下,50-100 台,1 刷手＋1 流動,固定科別,偶爾,三班輪值,200,200,500,800,不需要,,,,,,,偶爾,有，但常被中斷／縮短,1 小時內,45-50,一律給,幾乎沒有,不適用,有但不常用,,,1-3 個月,需用自己休假（放假天去上課）,全額公費,7,9,95,40,14,,3,機會多,3,,,,,,,
2025-10-16,高雄市,醫學中心,長庚醫療財團法人高雄長庚紀念醫院,整形外科手術室,N3,刷手、流動、麻醉護理,整形外科,11-20 間,20-50 台,1 刷手＋1 流動,,經常,白班＋輪值夜間刀,250,無,1000,500,需要,5-8 次,偶爾,30 分鐘內,200-250 元,,隔天休假,幾乎每天,有，但常被中斷／縮短,1-2 小時,50-55,一律給,偶爾,不適用,不清楚,2-3 次,,3-6 個月,需用自己休假（放假天去上課）,完全自費,5,5,110,46,17,,5,機會多,5,安寧團隊互相 support,allow,,,,,
2025-10-16,新北市,醫學中心,衛生福利部雙和醫院(委託臺北醫學大學興建經營),綜合手術室,專科護理師,麻醉護理,一般外科,11-20 間,20 台以下,大刀才有 2 位以上刷手,固定科別,從不,白班＋輪值夜間刀,250,400,500,500,需要,1-4 次,經常,,250-300 元,有,隔天休假,偶爾,無,1-2 小時,45-50,合理範圍給,偶爾,充足且合身,,1 次,4,1-3 個月,需用自己休假（放假天去上課）,完全自費,8,8,120,50,18,員工旅遊補助,3,普通,2,工時長但待遇可,allow,,allow,,,
2025-10-15 17:52,台北市,醫學中心,長庚醫療財團法人台北長庚紀念醫院,神經外科手術室,護理長,恢復室,神經外科,11-20 間,50-100 台,1 刷手＋1 流動,全科都要會,,固定白班，不需值班,,,,,不需要,,,,,,,很少,無,4 小時,45-50,一律給,每週數次,,每間都有且有使用,沒有,,1-3 個月,僅部分給假,完全自費,8,9,127,53,19,員工旅遊補助,3,難以升遷,2,主管常 stand-by 不夠,allow,,allow,,,
2025-10-15 07:04,台中市,醫學中心,中國醫藥大學兒童醫院,耳鼻喉手術室,N2,麻醉護理,耳鼻喉,6-10 間,20 台以下,只有 1 位流動，兼刷手,,經常,固定白班＋on call,,,,,需要,5-8 次,偶爾,60 分鐘內,250-300 元,有,可晚到或補休,幾乎每天,有，完整 1 小時,,50-55,主管判斷,偶爾,不適用,不清楚,4 次以上,,,需用自己休假（放假天去上課）,全額公費,6,10,106,45,16,,3,普通,3,安寧團隊互相 support,allow,,,,,
2025-10-15,高雄市,醫學中心,長庚醫療財團法人高雄長庚紀念醫院,門診手術室,專科護理師,麻醉護理,一般外科,11-20 間,20-50 台,1 位流動同時顧 2 間以上,,從不,固定白班＋on call,,,,,需要,9-12 次,,30 分鐘內,300 元以上,,可晚到或補休,偶爾,無,,50-55,一律給,偶爾,充足且合身,不清楚,4 次以上,,3-6 個月,全程給公假,全額公費,4,5,128,54,19,宿舍（單人房）,3,難以升遷,2,可學到很多技術,allow,,allow,,,
2025-10-15,台北市,醫學中心,長庚醫療財團法人台北長庚紀念醫院,中央開刀房,副護理長,恢復室、麻醉護理,神經外科、整形外科,21 間以上,100 台以上,大刀才有 2 位以上刷手,跨 2-3 科,經常,三班輪值,無,200,無,1000,需要,9-12 次,偶爾,沒有規定,無,無,,幾乎每天,有，但常被中斷／縮短,2-3 小時,50-55,主管判斷,偶爾,不適用,,2-3 次,,1 個月內,需用自己休假（放假天去上課）,部分補助,3,6,125,53,19,進修學分補助、國外研討會補助,4,機會多,3,,,,allow,,,
2025-10-15,台中市,區域醫院,光田醫療社團法人光田綜合醫院及其大甲院區,兒外手術室,N4,流動、恢復室、麻醉護理,兒外,21 間以上,20 台以下,大刀才有 2 位以上刷手,,,固定白班，不需值班,,,,,不需要,,,,,,,很少,有，完整 1 小時,1-2 小時,55-60,主管判斷,,,有但不常用,2-3 次,1,,需用自己休假（放假天去上課）,完全自費,5,6,112,47,17,年度自強活動,3,機會多,3,專科很強值得待,allow,,allow,,,
2025-10-15,高雄市,醫學中心,義大醫療財團法人義大醫院,綜合手術室,N3,刷手、麻醉護理,一般外科、心臟外科、骨科,5 間以下,20-50 台,只有 1 位流動，兼刷手,全科都要會,,固定白班＋on call,,,,,需要,5-8 次,偶爾,,200-250 元,有,照常上班,偶爾,有，但常被中斷／縮短,1 小時內,50-55,合理範圍給,偶爾,,沒有,,3,不一定,需用自己休假（放假天去上課）,部分補助,8,10,115,48,17,,3,難以升遷,2,加班頻率可接受,allow,,,,,
2025-10-15,台中市,醫學中心,臺中榮民總醫院,中央手術室,N1,恢復室,神經外科、眼科,不清楚,100 台以上,1 刷手＋1 流動,,經常,固定白班＋on call,,,,,需要,13 次以上,幾乎每次都被叫回,,,,視情況,幾乎每天,有，但常被中斷／縮短,無,50-55,主管判斷,偶爾,不適用,每間都有且有使用,,4,6 個月以上,全程給公假,完全自費,2,4,92,39,14,,4,機會多,3,,,,,,,
2025-10-15,高雄市,地區醫院,杏和醫院,心臟外科手術室,N4,恢復室,心臟外科,11-20 間,100 台以上,1 刷手＋1 流動,固定科別,經常,固定白班＋on call,,,,,需要,13 次以上,經常,,300 元以上,無,可晚到或補休,很少,無,無,45-50,主管判斷,,,沒有,沒有,,,僅部分給假,部分補助,7,10,107,45,16,,3,機會多,3,可學到很多技術,allow,,,,,
2025-10-14 17:11,屏東縣,區域醫院,寶建醫療社團法人寶建醫院,眼科手術室,N1,麻醉護理,眼科,6-10 間,20 台以下,大刀才有 2 位以上刷手,固定科別,,三班輪值,250,300,500,500,需要,1-4 次,經常,60 分鐘內,200-250 元,有,視情況,幾乎每天,有，但常被中斷／縮短,2-3 小時,50-55,一律給,偶爾,,,沒有,1,,全程給公假,完全自費,4,6,88,37,13,,4,普通,3,資深領班受重視,allow,,,,,
2025-10-14 16:54,台南市,地區醫院,永達醫療社團法人永達醫院,心臟外科手術室,N2,麻醉護理,心臟外科,21 間以上,50-100 台,1 位流動同時顧 2 間以上,全科都要會,從不,固定白班＋on call,,,,,需要,9-12 次,偶爾,30 分鐘內,250-300 元,無,,偶爾,有，完整 1 小時,4 小時,55-60,主管判斷,幾乎每天,幾乎沒有,,,3,,需用自己休假（放假天去上課）,部分補助,6,10,73,31,11,生日禮金、三節禮券,2,普通,1,,,,allow,,,
2025-10-14 11:07,台中市,醫學中心,中山醫學大學附設醫院,泌尿手術室,副護理長,恢復室、麻醉護理,泌尿,5 間以下,50-100 台,只有 1 位流動，兼刷手,,經常,白班＋輪值夜間刀,600,300,無,500,不需要,,,,,,,很少,有，完整 1 小時,1-2 小時,55-60,主管判斷,偶爾,充足且合身,沒有,,4,3-6 個月,全程給公假,全額公費,4,9,133,56,20,托兒補助,2,難以升遷,1,,,,allow,,,
2025-10-14,高雄市,區域醫院,高雄市立小港醫院（委託財團法人私立高雄醫學大學經營）,骨科手術室,副護理長,刷手,骨科,5 間以下,100 台以上,1 位流動同時顧 2 間以上,跨 2-3 科,經常,固定白班，不需值班,,,,,不需要,,,,,,,很少,有，完整 1 小時,1-2 小時,50-55,主管判斷,偶爾,幾乎沒有,沒有,,,3-6 個月,全程給公假,全額公費,7,11,112,47,17,醫療費用員工優惠,3,普通,3,訓練體系完整,allow,,allow,,,
2025-10-14,桃園市,地區醫院,天祥醫院,恢復室,N3,恢復室,神經外科,,,大刀才有 2 位以上刷手,固定科別,偶爾,白班＋輪值夜間刀,200,250,800,1000,不需要,,,,,,,很少,有，但常被中斷／縮短,無,45-50,一律給,每週數次,幾乎沒有,,沒有,5,3-6 個月,僅部分給假,部分補助,1,2,92,39,14,,4,機會多,3,資深領班受重視,allow,,,,,
2025-10-14,新竹市,醫學中心,國立臺灣大學醫學院附設醫院新竹臺大分院新竹醫院,耳鼻喉手術室,N3,流動、恢復室、麻醉護理,耳鼻喉,5 間以下,50-100 台,1 位流動同時顧 2 間以上,固定科別,經常,固定白班＋on call,,,,,需要,9-12 次,,15 分鐘內,200-250 元,有,隔天休假,幾乎每天,有，完整 1 小時,,50-55,主管判斷,幾乎沒有,充足且合身,每間都有且有使用,1 次,3,不一定,全程給公假,全額公費,5,10,108,45,16,,5,普通,4,專科很強值得待,allow,,,,,
2025-10-13,台北市,區域醫院,臺北醫學大學附設醫院,恢復室,N0,恢復室,骨科、耳鼻喉,,,大刀才有 2 位以上刷手,跨 2-3 科,從不,白班＋輪值夜間刀,200,600,1000,600,需要,5-8 次,經常,,200-250 元,無,,偶爾,無,4 小時,45-50,合理範圍給,,幾乎沒有,不清楚,,5,3-6 個月,僅部分給假,完全自費,2,8,87,37,13,,4,機會多,4,資深領班受重視,allow,,,,,
2025-10-12 23:13,台中市,醫學中心,臺中榮民總醫院,門診手術室,N1,刷手、流動,一般外科,5 間以下,50-100 台,1 刷手＋1 流動,固定科別,,固定白班＋on call,,,,,需要,13 次以上,幾乎每次都被叫回,,無,,視情況,偶爾,有，完整 1 小時,4 小時,55-60,一律不給,每週數次,充足且合身,有但不常用,沒有,,3-6 個月,需用自己休假（放假天去上課）,全額公費,6,11,95,40,14,員工旅遊補助,3,難以升遷,2,案件量大但有規矩,allow,,allow,,,
2025-10-11 20:58,花蓮縣,區域醫院,臺灣基督教門諾會醫療財團法人門諾醫院,綜合手術室,N2,刷手,泌尿,5 間以下,100 台以上,1 刷手＋1 流動,,從不,固定白班＋on call,,,,,需要,13 次以上,,沒有規定,,無,可晚到或補休,很少,有，完整 1 小時,4 小時,50-55,一律給,,,不清楚,2-3 次,3,不一定,需用自己休假（放假天去上課）,全額公費,3,7,85,36,13,醫療費用員工優惠,4,機會多,3,專科氣氛 OK,allow,,allow,,,
2025-10-11 17:56,高雄市,地區醫院,惠川醫院,中央手術室,副護理長,恢復室、麻醉護理,兒外,11-20 間,20 台以下,1 位流動同時顧 2 間以上,全科都要會,,固定白班＋on call,,,,,需要,5-8 次,,15 分鐘內,200-250 元,無,可晚到或補休,偶爾,有，完整 1 小時,無,45-50,一律給,每週數次,幾乎沒有,不清楚,2-3 次,1,1 個月內,全程給公假,完全自費,2,6,92,39,14,,3,普通,3,團隊互助強,allow,,,,,
2025-10-11 13:14,宜蘭縣,區域醫院,醫療財團法人羅許基金會羅東博愛醫院,兒外手術室,專科護理師,刷手、恢復室,兒外,不清楚,20-50 台,大刀才有 2 位以上刷手,全科都要會,偶爾,三班輪值,300,無,1000,無,需要,13 次以上,經常,沒有規定,,,隔天休假,每週數次,無,,55-60,主管判斷,偶爾,有但不足或老舊,每間都有且有使用,1 次,3,,全程給公假,全額公費,7,7,100,42,15,宿舍（單人房）,3,難以升遷,2,中部醫院 case 量適中,allow,,allow,,,
2025-10-11,台北市,地區醫院,中國醫藥大學附設醫院臺北分院,泌尿手術室,N1,刷手,泌尿,6-10 間,50-100 台,1 位流動同時顧 2 間以上,全科都要會,,三班輪值,無,500,400,500,需要,1-4 次,偶爾,30 分鐘內,,,視情況,每週數次,有，但常被中斷／縮短,2-3 小時,50-55,合理範圍給,幾乎每天,,沒有,,5,6 個月以上,全程給公假,部分補助,5,5,65,27,10,進修學分補助、國外研討會補助,3,難以升遷,2,常被臨時調班,allow,,allow,,,
2025-10-10 14:23,台北市,醫學中心,台灣基督長老教會馬偕醫療財團法人馬偕紀念醫院,中央開刀房,N2,恢復室、麻醉護理,心臟外科、骨科、耳鼻喉,5 間以下,50-100 台,大刀才有 2 位以上刷手,全科都要會,偶爾,三班輪值,300,300,無,500,不需要,,,,,,,每週數次,無,1-2 小時,50-55,一律給,幾乎沒有,,,2-3 次,5,不一定,僅部分給假,部分補助,7,7,105,44,16,進修學分補助、國外研討會補助,4,機會多,3,案件多但學得快,allow,,allow,,,
2025-10-10,桃園市,醫學中心,長庚醫療財團法人林口長庚紀念醫院,婦產手術室,N1,刷手、恢復室,婦產,21 間以上,100 台以上,1 位流動同時顧 2 間以上,全科都要會,經常,固定白班＋on call,,,,,需要,5-8 次,,30 分鐘內,300 元以上,,隔天休假,每週數次,有，但常被中斷／縮短,,50-55,主管判斷,每週數次,充足且合身,每間都有且有使用,沒有,1,1 個月內,需用自己休假（放假天去上課）,部分補助,5,7,96,40,14,宿舍（單人房）,4,機會多,3,可學到很多技術,allow,,allow,,,
2025-10-10,彰化縣,醫學中心,彰化基督教醫療財團法人彰化基督教醫院,綜合手術室,N1,麻醉護理,婦產、耳鼻喉,不清楚,20 台以下,1 刷手＋1 流動,固定科別,從不,固定白班＋on call,,,,,需要,1-4 次,偶爾,,300 元以上,,可晚到或補休,很少,有，完整 1 小時,無,50-55,合理範圍給,,,,沒有,,,僅部分給假,全額公費,2,7,103,43,15,生日禮金、三節禮券,3,難以升遷,2,訓練體系完整,allow,,allow,,,
2025-10-10,南投縣,地區醫院,曾漢棋綜合醫院,耳鼻喉手術室,專科護理師,刷手、流動,耳鼻喉,5 間以下,20-50 台,只有 1 位流動，兼刷手,,從不,固定白班＋on call,,,,,需要,5-8 次,經常,60 分鐘內,250-300 元,無,,偶爾,無,,50-55,合理範圍給,,,有但不常用,,,1-3 個月,僅部分給假,全額公費,1,1,92,39,14,員工健檢自費項目補助,4,機會多,3,,,,allow,,,
2025-10-09,宜蘭縣,區域醫院,國立陽明交通大學附設醫院及其新民院區,心臟外科手術室,N2,流動、恢復室、麻醉護理,心臟外科,21 間以上,50-100 台,大刀才有 2 位以上刷手,固定科別,經常,固定白班＋on call,,,,,需要,1-4 次,經常,,,有,隔天休假,偶爾,有，完整 1 小時,1-2 小時,50-55,合理範圍給,偶爾,幾乎沒有,沒有,,,不一定,僅部分給假,全額公費,6,11,83,35,12,,4,機會多,3,兒科氣氛溫暖,allow,,,,,
2025-10-09,高雄市,區域醫院,義大醫療財團法人義大癌治療醫院,門診手術室,專科護理師,刷手、流動、麻醉護理,一般外科,6-10 間,50-100 台,只有 1 位流動，兼刷手,固定科別,經常,白班＋輪值夜間刀,200,200,無,400,不需要,,,,,,,每週數次,有，完整 1 小時,1 小時內,55-60,一律不給,幾乎沒有,,每間都有且有使用,4 次以上,1,,全程給公假,全額公費,4,7,97,41,15,,2,難以升遷,1,,,,,,,
2025-10-08,南投縣,地區醫院,佑民醫療社團法人佑民醫院,泌尿手術室,專科護理師,流動,泌尿,不清楚,不清楚,1 位流動同時顧 2 間以上,固定科別,,三班輪值,250,600,1200,1200,需要,1-4 次,經常,,無,無,隔天休假,幾乎每天,有，完整 1 小時,1 小時內,50-55,合理範圍給,,有但不足或老舊,不清楚,1 次,2,,需用自己休假（放假天去上課）,部分補助,7,12,88,37,13,,4,普通,3,夜班輪轉公平,allow,,,,,
2025-10-08,台北市,醫學中心,台灣基督長老教會馬偕醫療財團法人馬偕紀念醫院,PACU,副護理長,恢復室,一般外科、泌尿、耳鼻喉,,,1 位流動同時顧 2 間以上,全科都要會,偶爾,固定白班＋on call,,,,,需要,5-8 次,,沒有規定,,有,,偶爾,有，但常被中斷／縮短,1-2 小時,50-55,一律給,每週數次,不適用,,1 次,2,不一定,需用自己休假（放假天去上課）,完全自費,5,6,129,54,19,,3,機會多,3,工時長但待遇可,allow,,,,,
2025-10-07 09:49,新竹市,區域醫院,新竹市立馬偕兒童醫院(委託台灣基督長老教會馬偕醫療財團法人興建經營),泌尿手術室,N1,刷手、麻醉護理,泌尿,不清楚,100 台以上,1 位流動同時顧 2 間以上,固定科別,經常,固定白班＋on call,,,,,需要,9-12 次,幾乎每次都被叫回,30 分鐘內,,,可晚到或補休,幾乎每天,無,,50-55,一律給,每週數次,充足且合身,,2-3 次,4,,全程給公假,全額公費,8,12,90,38,14,進修學分補助、國外研討會補助,4,普通,3,可學到很多技術,allow,,allow,,,
2025-10-07,新北市,醫學中心,台灣基督長老教會馬偕醫療財團法人淡水馬偕紀念醫院,兒外手術室,N2,刷手、流動、恢復室,兒外,不清楚,不清楚,大刀才有 2 位以上刷手,全科都要會,從不,三班輪值,250,300,600,400,需要,13 次以上,經常,60 分鐘內,200-250 元,有,隔天休假,每週數次,有，完整 1 小時,,45-50,合理範圍給,幾乎沒有,幾乎沒有,有但不常用,,,1 個月內,需用自己休假（放假天去上課）,完全自費,8,13,100,42,15,生日禮金、三節禮券,4,機會多,4,專科很強值得待,allow,,allow,,,
2025-10-06 15:06,台中市,醫學中心,中國醫藥大學兒童醫院,骨科手術室,副護理長,刷手、恢復室、麻醉護理,骨科,不清楚,50-100 台,1 刷手＋1 流動,,,固定白班，不需值班,,,,,不需要,,,,,,,很少,有，完整 1 小時,1-2 小時,45-50,一律給,,充足且合身,不清楚,4 次以上,2,不一定,全程給公假,全額公費,7,13,118,50,18,員工餐廳伙食補助,4,普通,3,加班頻率可接受,allow,,allow,,,
2025-10-06,高雄市,區域醫院,高雄市立小港醫院（委託財團法人私立高雄醫學大學經營）,泌尿手術室,護理長,刷手、流動,泌尿,6-10 間,50-100 台,大刀才有 2 位以上刷手,跨 2-3 科,,三班輪值,無,無,800,500,需要,9-12 次,幾乎每次都被叫回,15 分鐘內,200-250 元,無,照常上班,幾乎每天,有，完整 1 小時,無,50-55,合理範圍給,偶爾,充足且合身,沒有,1 次,,6 個月以上,全程給公假,完全自費,5,7,125,53,19,員工旅遊補助,4,機會多,3,加班頻率可接受,allow,,allow,,,
2025-10-06,宜蘭縣,區域醫院,天主教靈醫會醫療財團法人羅東聖母醫院,中央開刀房,專科護理師,刷手、流動、麻醉護理,整形外科、眼科,不清楚,100 台以上,1 位流動同時顧 2 間以上,全科都要會,偶爾,固定白班＋on call,,,,,需要,13 次以上,,30 分鐘內,,,可晚到或補休,偶爾,有，完整 1 小時,1 小時內,45-50,合理範圍給,幾乎沒有,,,,1,1-3 個月,需用自己休假（放假天去上課）,部分補助,7,8,109,46,16,年度自強活動,5,機會多,5,那個資深的〇姐超級機車，看到她就想吐，真的很垃圾。,block,人身攻擊或威脅,allow,,,
2025-10-05 23:56,屏東縣,區域醫院,衛生福利部屏東醫院,PACU,副護理長,恢復室,一般外科、耳鼻喉、移植,,,1 位流動同時顧 2 間以上,,經常,固定白班＋on call,,,,,需要,9-12 次,經常,60 分鐘內,無,,照常上班,偶爾,有，完整 1 小時,1 小時內,50-55,合理範圍給,偶爾,有但不足或老舊,,1 次,4,,需用自己休假（放假天去上課）,完全自費,7,7,113,47,17,,3,難以升遷,2,加班沒給,allow,,,,,
2025-10-05 07:02,台南市,地區醫院,衛生福利部臺南醫院新化分院,心臟外科手術室,N1,麻醉護理,心臟外科,5 間以下,20-50 台,1 刷手＋1 流動,跨 2-3 科,經常,固定白班＋on call,,,,,需要,13 次以上,,,200-250 元,有,可晚到或補休,很少,有，完整 1 小時,,50-55,主管判斷,,有但不足或老舊,不清楚,4 次以上,,6 個月以上,僅部分給假,完全自費,8,10,65,27,10,生日禮金、三節禮券,3,普通,3,安寧團隊互相 support,allow,,allow,,,
2025-10-05,新竹市,區域醫院,台灣基督長老教會馬偕醫療財團法人新竹馬偕紀念醫院,眼科手術室,N1,麻醉護理,眼科,11-20 間,100 台以上,1 刷手＋1 流動,,經常,固定白班，不需值班,,,,,不需要,,,,,,,每週數次,有，但常被中斷／縮短,1 小時內,45-50,一律給,幾乎每天,有但不足或老舊,,,5,1 個月內,需用自己休假（放假天去上課）,部分補助,2,2,79,33,12,宿舍（單人房）,3,普通,2,常被臨時調班,allow,,allow,,,
2025-10-05,台北市,醫學中心,臺北市立萬芳醫院-委託臺北醫學大學辦理,心臟外科手術室,N1,刷手、恢復室,心臟外科,5 間以下,50-100 台,1 位流動同時顧 2 間以上,全科都要會,偶爾,固定白班＋on call,,,,,需要,1-4 次,,沒有規定,200-250 元,,隔天休假,每週數次,有，完整 1 小時,,45-50,合理範圍給,,,,4 次以上,1,6 個月以上,全程給公假,部分補助,6,10,98,41,15,,3,難以升遷,2,,,,,,,
2025-10-05,台北市,醫學中心,新光醫療財團法人新光吳火獅紀念醫院,整形外科手術室,N3,刷手、流動,整形外科,5 間以下,100 台以上,1 位流動同時顧 2 間以上,,,固定白班，不需值班,,,,,不需要,,,,,,,幾乎每天,有，但常被中斷／縮短,2-3 小時,50-55,一律給,,幾乎沒有,有但不常用,,5,3-6 個月,僅部分給假,全額公費,1,3,107,45,16,進修學分補助、國外研討會補助,4,機會多,3,資深領班受重視,allow,,allow,,,
2025-10-05,苗栗縣,區域醫院,衛生福利部苗栗醫院,PACU,N2,恢復室,一般外科、兒外,,,大刀才有 2 位以上刷手,,經常,固定白班＋on call,,,,,需要,5-8 次,很少,15 分鐘內,300 元以上,無,視情況,很少,有，但常被中斷／縮短,,50-55,一律給,幾乎沒有,有但不足或老舊,不清楚,2-3 次,,6 個月以上,需用自己休假（放假天去上課）,部分補助,1,3,98,41,15,,4,普通,4,專科很強值得待,allow,,,,,
2025-10-05,高雄市,醫學中心,財團法人私立高雄醫學大學附設中和紀念醫院,恢復室,N2,恢復室,神經外科、骨科、婦產,,,1 位流動同時顧 2 間以上,固定科別,偶爾,固定白班＋on call,,,,,需要,5-8 次,,60 分鐘內,200-250 元,,隔天休假,幾乎每天,有，完整 1 小時,1-2 小時,50-55,一律給,,充足且合身,每間都有且有使用,2-3 次,1,1-3 個月,全程給公假,部分補助,1,6,112,47,17,員工旅遊補助,3,普通,3,資深領班受重視,allow,,allow,,,
2025-10-04 13:14,新北市,醫學中心,醫療財團法人徐元智先生醫藥基金會亞東紀念醫院,整形外科手術室,N3,刷手、麻醉護理,整形外科,不清楚,不清楚,大刀才有 2 位以上刷手,固定科別,從不,三班輪值,500,250,800,600,需要,9-12 次,經常,,300 元以上,有,可晚到或補休,幾乎每天,有，但常被中斷／縮短,2-3 小時,50-55,主管判斷,偶爾,充足且合身,沒有,,,,需用自己休假（放假天去上課）,全額公費,5,9,115,48,17,醫療費用員工優惠,5,機會多,4,主管支持度高,allow,,allow,,,
2025-10-04,桃園市,區域醫院,國軍桃園總醫院附設民眾診療服務處,眼科手術室,專科護理師,流動,眼科,21 間以上,50-100 台,1 刷手＋1 流動,固定科別,,白班＋輪值夜間刀,400,400,無,600,不需要,,,,,,,偶爾,無,無,55-60,一律不給,每週數次,幾乎沒有,,沒有,2,不一定,僅部分給假,全額公費,1,1,112,47,17,醫療費用員工優惠,3,難以升遷,2,新人零保護,allow,,allow,,,
2025-10-03 21:25,新北市,區域醫院,輔仁大學學校財團法人輔仁大學附設醫院,骨科手術室,N2,麻醉護理,骨科,不清楚,不清楚,只有 1 位流動，兼刷手,,,三班輪值,無,400,1200,600,需要,9-12 次,,,300 元以上,有,,很少,有，完整 1 小時,1-2 小時,55-60,一律不給,偶爾,幾乎沒有,有但不常用,1 次,5,6 個月以上,僅部分給假,全額公費,7,8,82,34,12,,3,難以升遷,2,新人零保護,allow,,,,,
2025-10-03 10:05,台北市,醫學中心,長庚醫療財團法人台北長庚紀念醫院,兒外手術室,N4,麻醉護理,兒外,11-20 間,20-50 台,只有 1 位流動，兼刷手,,從不,白班＋輪值夜間刀,300,300,1000,400,需要,5-8 次,,,200-250 元,,可晚到或補休,幾乎每天,有，完整 1 小時,1-2 小時,55-60,一律不給,,幾乎沒有,沒有,沒有,4,3-6 個月,全程給公假,全額公費,1,4,137,58,21,員工餐廳伙食補助,3,機會多,3,,,,allow,,,
2025-10-03,台中市,區域醫院,澄清綜合醫院,門診手術室,N1,麻醉護理,一般外科,11-20 間,50-100 台,大刀才有 2 位以上刷手,固定科別,從不,固定白班，不需值班,,,,,不需要,,,,,,,幾乎每天,有，但常被中斷／縮短,2-3 小時,55-60,一律不給,偶爾,,沒有,1 次,1,,全程給公假,全額公費,5,8,88,37,13,員工旅遊補助,3,難以升遷,1,,,,allow,,,
2025-10-02 12:08,台中市,醫學中心,臺中榮民總醫院,恢復室,N3,恢復室,婦產,,,1 位流動同時顧 2 間以上,跨 2-3 科,,三班輪值,200,300,500,400,需要,9-12 次,經常,15 分鐘內,300 元以上,,照常上班,偶爾,有，完整 1 小時,1-2 小時,50-55,主管判斷,幾乎每天,有但不足或老舊,每間都有且有使用,4 次以上,,1-3 個月,僅部分給假,部分補助,2,8,120,50,18,員工健檢自費項目補助,4,機會多,3,安寧團隊互相 support,allow,,allow,,,
2025-10-01 22:39,新北市,區域醫院,天主教耕莘醫療財團法人耕莘醫院,耳鼻喉手術室,N4,麻醉護理,耳鼻喉,21 間以上,100 台以上,1 刷手＋1 流動,跨 2-3 科,經常,固定白班＋on call,,,,,需要,5-8 次,偶爾,30 分鐘內,無,無,照常上班,每週數次,有，完整 1 小時,無,55-60,一律不給,,幾乎沒有,有但不常用,沒有,3,,全程給公假,部分補助,2,3,111,47,17,員工旅遊補助,3,普通,2,可學到很多技術,allow,,allow,,,
2025-10-01 16:32,台東縣,地區醫院,衛生福利部臺東醫院,門診手術室,專科護理師,刷手、恢復室、麻醉護理,一般外科,不清楚,50-100 台,1 位流動同時顧 2 間以上,,經常,固定白班，不需值班,,,,,不需要,,,,,,,偶爾,有，完整 1 小時,2-3 小時,55-60,主管判斷,幾乎每天,充足且合身,,沒有,4,1-3 個月,需用自己休假（放假天去上課）,完全自費,8,14,92,39,14,進修學分補助、國外研討會補助,2,難以升遷,1,常被臨時調班,allow,,allow,,,
2025-10-01 12:15,台北市,醫學中心,臺北榮民總醫院,眼科手術室,副護理長,流動、恢復室、麻醉護理,眼科,5 間以下,50-100 台,1 刷手＋1 流動,跨 2-3 科,經常,三班輪值,無,無,800,400,需要,9-12 次,很少,15 分鐘內,250-300 元,無,隔天休假,每週數次,有，但常被中斷／縮短,2-3 小時,50-55,合理範圍給,幾乎每天,有但不足或老舊,有但不常用,,,1-3 個月,全程給公假,完全自費,5,10,128,54,19,,3,難以升遷,2,被當打雜,allow,,,,,
2025-10-01,高雄市,醫學中心,財團法人私立高雄醫學大學附設中和紀念醫院,PACU,N2,恢復室,一般外科、泌尿、耳鼻喉,,,只有 1 位流動，兼刷手,固定科別,從不,白班＋輪值夜間刀,300,250,500,1000,不需要,,,,,,,很少,無,2-3 小時,55-60,一律不給,,有但不足或老舊,,1 次,1,1-3 個月,全程給公假,完全自費,2,3,112,47,17,,4,普通,3,,,,,,,
2025-10-01,高雄市,醫學中心,長庚醫療財團法人高雄長庚紀念醫院,骨科手術室,N4,刷手、麻醉護理,骨科,5 間以下,20 台以下,只有 1 位流動，兼刷手,全科都要會,經常,固定白班，不需值班,,,,,不需要,,,,,,,幾乎每天,有，但常被中斷／縮短,1-2 小時,55-60,一律不給,每週數次,幾乎沒有,不清楚,,3,1 個月內,僅部分給假,完全自費,3,6,130,55,20,宿舍（單人房）,2,難以升遷,1,夜班暴力事件多,allow,,allow,,,
2025-09-30 22:28,高雄市,地區醫院,杏和醫院,中央開刀房,專科護理師,麻醉護理,心臟外科、兒外、移植,21 間以上,100 台以上,1 刷手＋1 流動,,,固定白班＋on call,,,,,需要,13 次以上,幾乎每次都被叫回,15 分鐘內,無,有,可晚到或補休,每週數次,無,4 小時,50-55,一律給,幾乎每天,不適用,,1 次,,,全程給公假,完全自費,4,6,90,38,14,員工餐廳伙食補助,5,機會多,4,薪資與制度都優,allow,,allow,,,
2025-09-30 20:20,台中市,醫學中心,中國醫藥大學附設醫院,門診手術室,N2,麻醉護理,一般外科,不清楚,20-50 台,1 刷手＋1 流動,,從不,白班＋輪值夜間刀,500,500,800,800,不需要,,,,,,,幾乎每天,有，但常被中斷／縮短,,50-55,一律給,偶爾,,有但不常用,沒有,5,3-6 個月,僅部分給假,全額公費,2,4,110,46,17,托兒補助,3,機會多,3,案件量大但有規矩,allow,,allow,,,
2025-09-30 14:44,台中市,區域醫院,澄清綜合醫院,心臟外科手術室,N3,恢復室、麻醉護理,心臟外科,5 間以下,20 台以下,1 刷手＋1 流動,跨 2-3 科,經常,三班輪值,400,200,600,無,不需要,,,,,,,偶爾,無,4 小時,55-60,一律不給,每週數次,,有但不常用,4 次以上,,,僅部分給假,部分補助,1,7,104,44,16,醫療費用員工優惠,3,難以升遷,2,人力穩定但行政會議多,allow,,allow,,,
2025-09-30 09:11,台中市,區域醫院,林新醫療社團法人林新醫院,恢復室,N3,恢復室,一般外科、兒外,,,大刀才有 2 位以上刷手,,,三班輪值,600,300,1200,1000,需要,9-12 次,幾乎每次都被叫回,15 分鐘內,250-300 元,無,,偶爾,無,,45-50,一律給,,充足且合身,有但不常用,沒有,3,1-3 個月,全程給公假,部分補助,6,8,102,43,15,,4,機會多,3,排班相對人性化,allow,,,,,
2025-09-30,台北市,醫學中心,國立台灣大學醫學院附設醫院,婦產手術室,N3,刷手、流動、恢復室,婦產,11-20 間,50-100 台,1 位流動同時顧 2 間以上,跨 2-3 科,,三班輪值,400,250,600,400,需要,1-4 次,很少,30 分鐘內,,有,,幾乎每天,無,4 小時,50-55,合理範圍給,每週數次,,不清楚,,5,,需用自己休假（放假天去上課）,完全自費,3,7,119,50,18,托兒補助,4,機會多,4,團隊互助強,allow,,allow,,,
2025-09-30,新北市,醫學中心,醫療財團法人徐元智先生醫藥基金會亞東紀念醫院,門診手術室,N2,刷手,一般外科,不清楚,不清楚,大刀才有 2 位以上刷手,跨 2-3 科,從不,白班＋輪值夜間刀,無,500,400,1200,不需要,,,,,,,很少,有，但常被中斷／縮短,1 小時內,50-55,合理範圍給,幾乎每天,充足且合身,有但不常用,,1,,僅部分給假,完全自費,1,2,113,47,17,,4,機會多,4,氣氛輕鬆,allow,,,,,
2025-09-30,台北市,醫學中心,台灣基督長老教會馬偕醫療財團法人馬偕兒童醫院,泌尿手術室,副護理長,刷手、流動,泌尿,不清楚,20-50 台,大刀才有 2 位以上刷手,跨 2-3 科,偶爾,固定白班，不需值班,,,,,不需要,,,,,,,很少,有，但常被中斷／縮短,無,50-55,合理範圍給,幾乎沒有,有但不足或老舊,每間都有且有使用,沒有,,,全程給公假,全額公費,3,9,133,56,20,,5,機會多,4,安寧團隊互相 support,allow,,,,,
2025-09-30,台中市,區域醫院,衛生福利部豐原醫院,眼科手術室,N2,麻醉護理,眼科,5 間以下,20 台以下,只有 1 位流動，兼刷手,,從不,固定白班，不需值班,,,,,不需要,,,,,,,每週數次,無,2-3 小時,50-55,合理範圍給,,不適用,不清楚,沒有,4,不一定,僅部分給假,完全自費,7,12,83,35,12,,3,機會多,3,薪資與制度都優,allow,,,,,
2025-09-29 18:02,高雄市,地區醫院,惠川醫院,眼科手術室,N2,流動、恢復室、麻醉護理,眼科,11-20 間,100 台以上,1 刷手＋1 流動,固定科別,從不,三班輪值,600,250,400,600,不需要,,,,,,,偶爾,有，但常被中斷／縮短,1 小時內,50-55,主管判斷,,有但不足或老舊,有但不常用,,3,1 個月內,需用自己休假（放假天去上課）,全額公費,1,7,68,29,10,托兒補助,4,機會多,4,氣氛輕鬆,allow,,allow,,,
2025-09-29,新北市,醫學中心,台灣基督長老教會馬偕醫療財團法人淡水馬偕紀念醫院,泌尿手術室,N3,流動、恢復室、麻醉護理,泌尿,不清楚,50-100 台,1 刷手＋1 流動,固定科別,偶爾,固定白班＋on call,,,,,需要,5-8 次,很少,,無,,隔天休假,偶爾,無,1-2 小時,50-55,合理範圍給,偶爾,充足且合身,不清楚,,,,全程給公假,完全自費,2,4,117,49,18,托兒補助,3,機會多,3,,,,allow,,,
2025-09-29,新北市,醫學中心,佛教慈濟醫療財團法人台北慈濟醫院,中央開刀房,N2,刷手、流動、恢復室,神經外科、兒外,不清楚,不清楚,1 位流動同時顧 2 間以上,全科都要會,從不,固定白班，不需值班,,,,,不需要,,,,,,,每週數次,有，但常被中斷／縮短,,50-55,主管判斷,,不適用,有但不常用,沒有,1,不一定,僅部分給假,全額公費,7,7,106,45,16,宿舍（單人房）,4,機會多,4,,,,allow,,,
2025-09-28 08:16,高雄市,區域醫院,衛生福利部旗山醫院,門診手術室,N0,麻醉護理,一般外科,21 間以上,50-100 台,大刀才有 2 位以上刷手,,經常,固定白班，不需值班,,,,,不需要,,,,,,,很少,有，但常被中斷／縮短,4 小時,45-50,主管判斷,,,,2-3 次,2,6 個月以上,需用自己休假（放假天去上課）,全額公費,3,7,77,32,12,宿舍（單人房）,3,普通,2,主管常 stand-by 不夠,allow,,allow,,,
2025-09-28,台中市,醫學中心,中國醫藥大學附設醫院,骨科手術室,N3,刷手、流動、麻醉護理,骨科,21 間以上,20-50 台,大刀才有 2 位以上刷手,全科都要會,偶爾,三班輪值,無,400,800,800,需要,13 次以上,,沒有規定,200-250 元,無,視情況,幾乎每天,有，完整 1 小時,,50-55,合理範圍給,每週數次,不適用,沒有,2-3 次,2,1 個月內,需用自己休假（放假天去上課）,全額公費,7,10,115,48,17,,4,普通,3,護理長王〇〇每天在交班時點名罵人，副護理長也不敢講話。,block,揭露第三人身分,,,,
2025-09-27 19:45,台北市,醫學中心,三軍總醫院附設民眾診療服務處及其汀州院區,兒外手術室,N2,麻醉護理,兒外,5 間以下,20 台以下,只有 1 位流動，兼刷手,全科都要會,偶爾,固定白班，不需值班,,,,,不需要,,,,,,,很少,有，但常被中斷／縮短,4 小時,45-50,合理範圍給,每週數次,充足且合身,不清楚,4 次以上,1,6 個月以上,僅部分給假,完全自費,2,2,99,42,15,進修學分補助、國外研討會補助,4,機會多,3,訓練體系完整,allow,,allow,,,
2025-09-27,新北市,醫學中心,醫療財團法人徐元智先生醫藥基金會亞東紀念醫院,泌尿手術室,副護理長,麻醉護理,泌尿,21 間以上,100 台以上,1 位流動同時顧 2 間以上,全科都要會,偶爾,白班＋輪值夜間刀,200,200,600,400,不需要,,,,,,,幾乎每天,有，完整 1 小時,,50-55,一律給,每週數次,有但不足或老舊,,2-3 次,3,1-3 個月,僅部分給假,完全自費,1,7,133,56,20,員工旅遊補助,4,機會多,3,訓練體系完整,allow,,allow,,,
2025-09-27,台北市,醫學中心,國泰醫療財團法人國泰綜合醫院,中央開刀房,N3,麻醉護理,一般外科、兒外、耳鼻喉,21 間以上,100 台以上,只有 1 位流動，兼刷手,固定科別,從不,固定白班，不需值班,,,,,不需要,,,,,,,很少,有，但常被中斷／縮短,2-3 小時,55-60,一律不給,幾乎沒有,,有但不常用,4 次以上,4,,僅部分給假,完全自費,2,8,108,45,16,進修學分補助、國外研討會補助,3,機會多,3,門診作息穩定,allow,,allow,,,
2025-09-27,彰化縣,地區醫院,彰化基督教醫療財團法人漢銘基督教醫院,綜合手術室,N4,刷手、流動,一般外科、骨科、眼科,11-20 間,20 台以下,只有 1 位流動，兼刷手,固定科別,經常,三班輪值,300,無,400,無,需要,1-4 次,很少,60 分鐘內,,有,照常上班,偶爾,有，完整 1 小時,1 小時內,50-55,合理範圍給,,充足且合身,沒有,4 次以上,,不一定,全程給公假,全額公費,5,9,107,45,16,,3,普通,2,案件量大但有規矩,allow,,,,,
2025-09-27,台北市,醫學中心,國立台灣大學醫學院附設醫院,中央開刀房,N2,刷手,一般外科、移植,21 間以上,50-100 台,1 位流動同時顧 2 間以上,全科都要會,經常,固定白班＋on call,,,,,需要,13 次以上,很少,沒有規定,250-300 元,,,很少,無,,50-55,合理範圍給,每週數次,不適用,不清楚,沒有,,,僅部分給假,部分補助,3,3,107,45,16,,3,機會多,3,某位資深學姊很愛針對新人，大家都知道是誰。,review,揭露第三人身分,,,,
2025-09-27,屏東縣,區域醫院,屏基醫療財團法人屏東基督教醫院及其瑞光院區,耳鼻喉手術室,N1,麻醉護理,耳鼻喉,11-20 間,20 台以下,大刀才有 2 位以上刷手,全科都要會,經常,白班＋輪值夜間刀,600,無,600,無,不需要,,,,,,,偶爾,有，完整 1 小時,4 小時,45-50,合理範圍給,幾乎每天,,沒有,4 次以上,5,1-3 個月,僅部分給假,完全自費,7,12,82,34,12,,4,普通,4,同事關係好,allow,,,,,
2025-09-27,嘉義縣,區域醫院,長庚醫療財團法人嘉義長庚紀念醫院,兒外手術室,N1,刷手、流動、恢復室,兒外,不清楚,20-50 台,1 刷手＋1 流動,全科都要會,從不,三班輪值,無,600,800,1000,不需要,,,,,,,偶爾,有，但常被中斷／縮短,4 小時,55-60,一律不給,偶爾,,,,1,不一定,需用自己休假（放假天去上課）,完全自費,4,4,85,36,13,生日禮金、三節禮券,4,機會多,3,,,,allow,,,
2025-09-26 08:46,花蓮縣,區域醫院,臺灣基督教門諾會醫療財團法人門諾醫院,綜合手術室,副護理長,麻醉護理,神經外科、泌尿,不清楚,20-50 台,只有 1 位流動，兼刷手,固定科別,經常,三班輪值,500,500,500,800,需要,9-12 次,偶爾,,250-300 元,有,照常上班,幾乎每天,有，完整 1 小時,1 小時內,50-55,一律給,偶爾,幾乎沒有,有但不常用,,2,1 個月內,僅部分給假,部分補助,3,5,116,49,17,,4,機會多,3,專科很強值得待,allow,,,,,
2025-09-26,新北市,區域醫院,新北市立聯合醫院及其板橋院區,中央手術室,N1,刷手、流動、麻醉護理,神經外科、婦產,21 間以上,不清楚,1 位流動同時顧 2 間以上,固定科別,,固定白班＋on call,,,,,需要,9-12 次,,60 分鐘內,200-250 元,無,,幾乎每天,無,2-3 小時,55-60,一律不給,幾乎沒有,,沒有,沒有,2,6 個月以上,全程給公假,完全自費,7,9,88,37,13,年度自強活動,4,普通,3,專科很強值得待,allow,,allow,,,
2025-09-26,新北市,區域醫院,新北市立聯合醫院及其板橋院區,PACU,N0,恢復室,心臟外科、眼科、移植,,,1 刷手＋1 流動,固定科別,偶爾,固定白班＋on call,,,,,需要,9-12 次,幾乎每次都被叫回,沒有規定,300 元以上,有,視情況,偶爾,有，完整 1 小時,,45-50,合理範圍給,偶爾,,有但不常用,沒有,1,3-6 個月,需用自己休假（放假天去上課）,全額公費,5,9,73,31,11,,5,機會多,5,,,,,,,
2025-09-26,台北市,醫學中心,國泰醫療財團法人國泰綜合醫院,恢復室,護理長,恢復室,一般外科、心臟外科、神經外科,,,1 刷手＋1 流動,跨 2-3 科,偶爾,固定白班＋on call,,,,,需要,9-12 次,,,,無,隔天休假,很少,無,無,55-60,主管判斷,幾乎沒有,,每間都有且有使用,4 次以上,,1-3 個月,需用自己休假（放假天去上課）,部分補助,7,10,128,54,19,進修學分補助、國外研討會補助,3,機會多,3,專科很強值得待,allow,,allow,,,
2025-09-25 18:17,高雄市,地區醫院,杏和醫院,耳鼻喉手術室,N2,麻醉護理,耳鼻喉,不清楚,50-100 台,1 位流動同時顧 2 間以上,跨 2-3 科,經常,三班輪值,400,400,400,無,需要,1-4 次,經常,沒有規定,250-300 元,有,照常上班,每週數次,有，完整 1 小時,無,50-55,合理範圍給,偶爾,不適用,沒有,,1,,需用自己休假（放假天去上課）,部分補助,8,11,67,28,10,,3,普通,2,,,,,,,
2025-09-25 14:44,新北市,醫學中心,台灣基督長老教會馬偕醫療財團法人淡水馬偕紀念醫院,PACU,N3,恢復室,一般外科、婦產,,,只有 1 位流動，兼刷手,跨 2-3 科,偶爾,三班輪值,400,400,500,無,不需要,,,,,,,每週數次,無,1-2 小時,45-50,一律給,幾乎每天,有但不足或老舊,沒有,,,不一定,全程給公假,完全自費,2,6,116,49,17,,4,普通,3,同事關係好,allow,,,,,
2025-09-25,台南市,區域醫院,台南市立醫院(委託秀傳醫療社團法人經營),骨科手術室,N1,麻醉護理,骨科,不清楚,不清楚,只有 1 位流動，兼刷手,固定科別,偶爾,固定白班＋on call,,,,,需要,5-8 次,,,,無,隔天休假,每週數次,無,2-3 小時,50-55,一律給,每週數次,充足且合身,沒有,,4,,僅部分給假,完全自費,4,4,90,38,14,,5,機會多,5,氣氛輕鬆,allow,,,,,
2025-09-25,台南市,醫學中心,奇美醫療財團法人奇美醫院及其樹林院區,恢復室,N0,恢復室,神經外科、整形外科,,,大刀才有 2 位以上刷手,,從不,白班＋輪值夜間刀,600,無,1200,無,不需要,,,,,,,幾乎每天,有，完整 1 小時,,45-50,一律給,幾乎沒有,,沒有,,1,不一定,僅部分給假,完全自費,8,12,98,41,15,年度自強活動,4,普通,4,護理長王〇〇每天在交班時點名罵人，副護理長也不敢講話。,block,揭露第三人身分,allow,,,
2025-09-24 18:41,台中市,區域醫院,佛教慈濟醫療財團法人台中慈濟醫院,兒外手術室,N1,刷手、流動、麻醉護理,兒外,11-20 間,20-50 台,1 位流動同時顧 2 間以上,全科都要會,從不,白班＋輪值夜間刀,250,200,600,1200,不需要,,,,,,,每週數次,有，但常被中斷／縮短,2-3 小時,55-60,主管判斷,,,有但不常用,1 次,3,,需用自己休假（放假天去上課）,部分補助,1,1,89,37,13,員工餐廳伙食補助,3,機會多,3,資深領班受重視,allow,,allow,,,
2025-09-24 18:26,桃園市,醫學中心,長庚醫療財團法人林口長庚紀念醫院,中央開刀房,N2,恢復室,移植,21 間以上,20-50 台,1 位流動同時顧 2 間以上,固定科別,,三班輪值,200,400,500,800,不需要,,,,,,,很少,無,1-2 小時,50-55,合理範圍給,每週數次,,不清楚,,5,6 個月以上,僅部分給假,全額公費,6,11,113,47,17,醫療費用員工優惠,5,機會多,4,,,,allow,,,
2025-09-24,桃園市,區域醫院,衛生福利部桃園醫院,兒外手術室,N1,刷手、流動、麻醉護理,兒外,不清楚,20 台以下,1 位流動同時顧 2 間以上,固定科別,,固定白班，不需值班,,,,,不需要,,,,,,,每週數次,無,,45-50,合理範圍給,幾乎每天,充足且合身,每間都有且有使用,1 次,2,不一定,需用自己休假（放假天去上課）,全額公費,4,8,79,33,12,,3,普通,2,沒人沒錢沒尊重,allow,,,,,
2025-09-24,台北市,醫學中心,三軍總醫院附設民眾診療服務處及其汀州院區,整形外科手術室,護理長,流動、恢復室、麻醉護理,整形外科,6-10 間,不清楚,大刀才有 2 位以上刷手,跨 2-3 科,經常,三班輪值,600,500,800,800,不需要,,,,,,,很少,有，但常被中斷／縮短,,50-55,合理範圍給,幾乎沒有,幾乎沒有,沒有,1 次,,不一定,全程給公假,完全自費,6,11,134,56,20,,4,普通,4,,,,,,,
2025-09-24,台南市,醫學中心,奇美醫療財團法人奇美醫院及其樹林院區,PACU,N3,恢復室,泌尿、移植,,,1 位流動同時顧 2 間以上,跨 2-3 科,從不,固定白班＋on call,,,,,需要,9-12 次,很少,,200-250 元,,視情況,很少,有，但常被中斷／縮短,1 小時內,45-50,一律給,,有但不足或老舊,,4 次以上,3,6 個月以上,需用自己休假（放假天去上課）,全額公費,4,8,123,52,18,托兒補助,4,機會多,3,同事關係好,allow,,allow,,,
2025-09-23 18:41,花蓮縣,醫學中心,佛教慈濟醫療財團法人花蓮慈濟醫院,中央開刀房,N0,麻醉護理,一般外科、兒外、眼科,21 間以上,50-100 台,1 位流動同時顧 2 間以上,固定科別,偶爾,固定白班＋on call,,,,,需要,1-4 次,很少,15 分鐘內,,有,照常上班,很少,無,2-3 小時,45-50,一律給,幾乎沒有,不適用,每間都有且有使用,沒有,,6 個月以上,需用自己休假（放假天去上課）,全額公費,8,14,88,37,13,醫療費用員工優惠,3,普通,2,我們單位缺人快來，加 LINE 問我，介紹有獎金。,block,廣告或招攬,allow,,,
2025-09-23 10:40,新北市,醫學中心,台灣基督長老教會馬偕醫療財團法人淡水馬偕紀念醫院,綜合手術室,N0,麻醉護理,心臟外科、神經外科、耳鼻喉,不清楚,不清楚,1 刷手＋1 流動,跨 2-3 科,從不,固定白班，不需值班,,,,,不需要,,,,,,,很少,有，但常被中斷／縮短,1-2 小時,55-60,一律不給,,,不清楚,,5,不一定,僅部分給假,完全自費,8,13,100,42,15,年度自強活動,4,機會多,3,加班頻率可接受,allow,,allow,,,
2025-09-23,高雄市,區域醫院,國軍高雄總醫院附設民眾診療服務處,門診手術室,N3,刷手、流動、麻醉護理,一般外科,5 間以下,不清楚,只有 1 位流動，兼刷手,跨 2-3 科,,三班輪值,250,600,無,500,需要,5-8 次,經常,60 分鐘內,無,無,,很少,有，但常被中斷／縮短,,50-55,合理範圍給,偶爾,,不清楚,1 次,5,6 個月以上,全程給公假,全額公費,2,5,92,39,14,,3,難以升遷,2,新人零保護,allow,,,,,
2025-09-23,台中市,區域醫院,澄清綜合醫院中港分院,骨科手術室,N2,麻醉護理,骨科,5 間以下,20 台以下,1 刷手＋1 流動,全科都要會,從不,固定白班，不需值班,,,,,不需要,,,,,,,偶爾,有，但常被中斷／縮短,,55-60,主管判斷,,,有但不常用,沒有,3,3-6 個月,需用自己休假（放假天去上課）,全額公費,2,8,90,38,14,,2,難以升遷,1,人力過勞且無加班費,allow,,,,,
2025-09-22 15:25,宜蘭縣,地區醫院,臺北榮民總醫院蘇澳分院,整形外科手術室,N1,流動、麻醉護理,整形外科,不清楚,20-50 台,大刀才有 2 位以上刷手,,偶爾,白班＋輪值夜間刀,300,無,800,800,需要,9-12 次,偶爾,60 分鐘內,,有,可晚到或補休,很少,無,,50-55,一律給,每週數次,充足且合身,每間都有且有使用,,,不一定,需用自己休假（放假天去上課）,完全自費,7,11,69,29,10,,4,機會多,3,排班相對人性化,allow,,,,,
2025-09-22,台南市,區域醫院,奇美醫療財團法人柳營奇美醫院,骨科手術室,N0,刷手、恢復室,骨科,21 間以上,50-100 台,1 刷手＋1 流動,固定科別,,固定白班＋on call,,,,,需要,9-12 次,很少,,200-250 元,無,照常上班,很少,有，但常被中斷／縮短,2-3 小時,50-55,合理範圍給,偶爾,幾乎沒有,,2-3 次,,,需用自己休假（放假天去上課）,完全自費,6,6,79,33,12,,4,普通,3,,,,,,,
2025-09-22,台南市,區域醫院,奇美醫療財團法人柳營奇美醫院,神經外科手術室,N3,麻醉護理,神經外科,5 間以下,20-50 台,大刀才有 2 位以上刷手,,,固定白班，不需值班,,,,,不需要,,,,,,,很少,無,1 小時內,50-55,合理範圍給,幾乎沒有,充足且合身,沒有,沒有,2,,需用自己休假（放假天去上課）,完全自費,3,4,104,44,16,,4,機會多,4,團隊互助強,allow,,,,,
2025-09-21 22:08,嘉義縣,區域醫院,佛教慈濟醫療財團法人大林慈濟醫院,神經外科手術室,N3,恢復室,神經外科,21 間以上,50-100 台,大刀才有 2 位以上刷手,,經常,三班輪值,400,200,800,800,不需要,,,,,,,偶爾,無,4 小時,50-55,合理範圍給,每週數次,,有但不常用,,,3-6 個月,僅部分給假,部分補助,5,9,99,42,15,員工餐廳伙食補助,4,機會多,4,專科很強值得待,allow,,allow,,,
2025-09-21 19:29,台南市,區域醫院,台南市立醫院(委託秀傳醫療社團法人經營),骨科手術室,N2,麻醉護理,骨科,不清楚,100 台以上,大刀才有 2 位以上刷手,固定科別,經常,三班輪值,200,500,1200,800,需要,5-8 次,很少,30 分鐘內,,,視情況,幾乎每天,有，完整 1 小時,1 小時內,45-50,合理範圍給,,幾乎沒有,每間都有且有使用,沒有,,,需用自己休假（放假天去上課）,部分補助,2,7,94,39,14,,4,機會多,4,同事關係好,allow,,,,,
2025-09-21 18:39,台中市,區域醫院,亞洲大學附屬醫院,眼科手術室,副護理長,麻醉護理,眼科,5 間以下,不清楚,1 位流動同時顧 2 間以上,跨 2-3 科,,三班輪值,200,250,400,無,需要,5-8 次,很少,30 分鐘內,,,可晚到或補休,偶爾,有，完整 1 小時,4 小時,50-55,一律給,偶爾,,,,,,需用自己休假（放假天去上課）,完全自費,3,6,105,44,16,,5,普通,4,團隊互助強,allow,,,,,
2025-09-21 17:55,台北市,醫學中心,國立臺灣大學醫學院附設醫院兒童醫院,PACU,N2,恢復室,骨科、移植,,,1 刷手＋1 流動,固定科別,偶爾,三班輪值,600,300,無,1200,不需要,,,,,,,幾乎每天,有，但常被中斷／縮短,4 小時,50-55,主管判斷,每週數次,,不清楚,2-3 次,5,,僅部分給假,全額公費,8,8,100,42,15,醫療費用員工優惠,4,普通,4,,,,allow,,,
2025-09-21 17:39,台東縣,區域醫院,台灣基督長老教會馬偕醫療財團法人台東馬偕紀念醫院,PACU,專科護理師,恢復室,骨科、兒外,,,1 刷手＋1 流動,固定科別,偶爾,三班輪值,200,400,1200,無,不需要,,,,,,,幾乎每天,有，完整 1 小時,,50-55,一律給,幾乎沒有,,每間都有且有使用,,1,,全程給公假,全額公費,8,14,99,42,15,,4,機會多,3,同事關係好,allow,,,,,
2025-09-21 16:17,高雄市,醫學中心,長庚醫療財團法人高雄長庚紀念醫院,兒外手術室,N4,恢復室,兒外,11-20 間,20 台以下,大刀才有 2 位以上刷手,,偶爾,固定白班，不需值班,,,,,不需要,,,,,,,偶爾,無,1-2 小時,50-55,合理範圍給,,幾乎沒有,,2-3 次,,不一定,需用自己休假（放假天去上課）,完全自費,7,12,134,56,20,,5,普通,5,案件多但學得快,allow,,,,,
2025-09-21 11:53,高雄市,醫學中心,義大醫療財團法人義大醫院,骨科手術室,N3,恢復室,骨科,5 間以下,50-100 台,只有 1 位流動，兼刷手,跨 2-3 科,偶爾,固定白班＋on call,,,,,需要,5-8 次,經常,,200-250 元,有,視情況,偶爾,無,,50-55,合理範圍給,幾乎每天,幾乎沒有,有但不常用,2-3 次,,1 個月內,需用自己休假（放假天去上課）,部分補助,3,4,111,47,17,進修學分補助、國外研討會補助,4,機會多,4,薪資與制度都優,allow,,allow,,,
2025-09-21,台北市,醫學中心,國立台灣大學醫學院附設醫院,中央手術室,N3,麻醉護理,兒外、眼科,21 間以上,20-50 台,只有 1 位流動，兼刷手,,經常,白班＋輪值夜間刀,400,300,400,無,不需要,,,,,,,幾乎每天,無,,45-50,一律給,每週數次,不適用,沒有,1 次,5,1 個月內,全程給公假,部分補助,6,9,115,48,17,生日禮金、三節禮券,4,機會多,4,案件多但學得快,allow,,allow,,,
2025-09-21,新北市,區域醫院,新北市立土城醫院(委託長庚醫療財團法人興建經營),心臟外科手術室,N0,麻醉護理,心臟外科,5 間以下,不清楚,1 刷手＋1 流動,全科都要會,經常,三班輪值,250,500,1200,無,不需要,,,,,,,偶爾,有，但常被中斷／縮短,2-3 小時,50-55,合理範圍給,每週數次,幾乎沒有,不清楚,,1,6 個月以上,僅部分給假,完全自費,6,11,77,32,12,,3,難以升遷,2,主管常 stand-by 不夠,allow,,,,,
2025-09-20 20:35,桃園市,醫學中心,長庚醫療財團法人林口長庚紀念醫院,恢復室,N2,恢復室,骨科、婦產、泌尿,,,大刀才有 2 位以上刷手,全科都要會,偶爾,三班輪值,400,300,1200,無,需要,9-12 次,,沒有規定,,有,隔天休假,幾乎每天,有，但常被中斷／縮短,1-2 小時,55-60,一律不給,幾乎每天,有但不足或老舊,,2-3 次,,,全程給公假,完全自費,5,11,111,47,17,,2,難以升遷,1,常被臨時調班,allow,,,,,
2025-09-20,高雄市,地區醫院,健新醫院,骨科手術室,護理長,刷手,骨科,21 間以上,20-50 台,只有 1 位流動，兼刷手,全科都要會,偶爾,固定白班＋on call,,,,,需要,1-4 次,經常,沒有規定,,,照常上班,每週數次,有，但常被中斷／縮短,2-3 小時,50-55,主管判斷,幾乎沒有,充足且合身,,1 次,1,不一定,全程給公假,完全自費,6,6,106,45,16,,4,機會多,4,兒科氣氛溫暖,allow,,,,,
2025-09-20,高雄市,醫學中心,高雄榮民總醫院,耳鼻喉手術室,護理長,刷手,耳鼻喉,不清楚,20-50 台,大刀才有 2 位以上刷手,固定科別,經常,固定白班＋on call,,,,,需要,13 次以上,經常,,無,無,可晚到或補休,很少,有，完整 1 小時,4 小時,55-60,一律不給,幾乎每天,不適用,每間都有且有使用,沒有,4,1-3 個月,全程給公假,完全自費,4,9,137,58,21,,4,機會多,3,人力穩定但行政會議多,allow,,,,,
2025-09-19,新北市,醫學中心,醫療財團法人徐元智先生醫藥基金會亞東紀念醫院,門診手術室,N2,恢復室、麻醉護理,一般外科,6-10 間,不清楚,1 位流動同時顧 2 間以上,,經常,三班輪值,250,400,1200,1200,不需要,,,,,,,很少,有，完整 1 小時,1 小時內,55-60,一律不給,,不適用,,1 次,1,,需用自己休假（放假天去上課）,部分補助,4,6,104,44,16,年度自強活動,3,普通,2,,,,allow,,,
2025-09-19,屏東縣,區域醫院,衛生福利部屏東醫院,兒外手術室,專科護理師,麻醉護理,兒外,11-20 間,不清楚,只有 1 位流動，兼刷手,全科都要會,經常,固定白班＋on call,,,,,需要,9-12 次,幾乎每次都被叫回,沒有規定,,,隔天休假,每週數次,有，完整 1 小時,,45-50,主管判斷,,不適用,每間都有且有使用,,3,6 個月以上,僅部分給假,全額公費,3,4,100,42,15,,4,機會多,4,同事關係好,allow,,,,,
2025-09-19,屏東縣,區域醫院,衛生福利部屏東醫院,綜合手術室,N2,刷手、流動、麻醉護理,婦產、兒外、眼科,5 間以下,50-100 台,只有 1 位流動，兼刷手,,,固定白班，不需值班,,,,,不需要,,,,,,,每週數次,有，完整 1 小時,,45-50,合理範圍給,,不適用,沒有,沒有,5,1 個月內,需用自己休假（放假天去上課）,完全自費,3,3,87,37,13,,3,難以升遷,2,主管管太細,allow,,,,,
2025-09-19,新竹縣,地區醫院,竹北新仁醫療社團法人新仁醫院,耳鼻喉手術室,N1,麻醉護理,耳鼻喉,11-20 間,50-100 台,大刀才有 2 位以上刷手,全科都要會,,固定白班＋on call,,,,,需要,13 次以上,很少,,200-250 元,有,視情況,幾乎每天,有，但常被中斷／縮短,1 小時內,55-60,主管判斷,,,每間都有且有使用,2-3 次,,1-3 個月,全程給公假,全額公費,4,10,71,30,11,員工旅遊補助,3,難以升遷,2,,,,allow,,,
2025-09-18 22:46,台中市,地區醫院,新太平澄清醫院,PACU,N3,恢復室,骨科,,,只有 1 位流動，兼刷手,,偶爾,三班輪值,250,400,500,無,不需要,,,,,,,幾乎每天,無,4 小時,50-55,一律給,偶爾,,不清楚,,2,,僅部分給假,完全自費,8,8,81,34,12,,3,機會多,3,氣氛輕鬆,allow,,,,,
2025-09-18 14:57,苗栗縣,區域醫院,為恭醫療財團法人為恭紀念醫院及其東興院區,恢復室,N3,恢復室,一般外科、神經外科、眼科,,,1 刷手＋1 流動,,經常,三班輪值,250,無,500,800,不需要,,,,,,,每週數次,無,4 小時,50-55,一律給,,不適用,,沒有,5,1 個月內,全程給公假,完全自費,6,7,93,39,14,,4,機會多,3,新人訓練紮實,allow,,,,,
2025-09-18 14:28,台北市,醫學中心,國立臺灣大學醫學院附設醫院兒童醫院,泌尿手術室,N0,麻醉護理,泌尿,不清楚,不清楚,大刀才有 2 位以上刷手,,從不,固定白班＋on call,,,,,需要,9-12 次,經常,,,有,視情況,每週數次,有，但常被中斷／縮短,,50-55,一律給,偶爾,,沒有,,2,1 個月內,全程給公假,完全自費,7,10,90,38,14,年度自強活動,4,普通,4,排班相對人性化,allow,,allow,,,
2025-09-18 14:18,宜蘭縣,地區醫院,臺北榮民總醫院蘇澳分院,婦產手術室,N3,流動、恢復室、麻醉護理,婦產,6-10 間,20 台以下,大刀才有 2 位以上刷手,固定科別,,三班輪值,200,600,1000,500,需要,9-12 次,幾乎每次都被叫回,沒有規定,250-300 元,有,隔天休假,很少,無,1 小時內,50-55,合理範圍給,,不適用,不清楚,1 次,,不一定,全程給公假,全額公費,8,9,89,37,13,宿舍（單人房）,3,難以升遷,2,夜班暴力事件多,allow,,allow,,,
2025-09-18 13:12,台中市,區域醫院,亞洲大學附屬醫院,骨科手術室,副護理長,麻醉護理,骨科,6-10 間,20 台以下,1 刷手＋1 流動,跨 2-3 科,經常,三班輪值,300,400,1000,500,不需要,,,,,,,每週數次,有，但常被中斷／縮短,1-2 小時,50-55,合理範圍給,幾乎沒有,不適用,,2-3 次,4,,需用自己休假（放假天去上課）,完全自費,3,5,103,43,15,進修學分補助、國外研討會補助,3,機會多,3,案件量大但有規矩,allow,,allow,,,
2025-09-18,台北市,醫學中心,國泰醫療財團法人國泰綜合醫院,泌尿手術室,護理長,恢復室,泌尿,21 間以上,50-100 台,1 刷手＋1 流動,全科都要會,,固定白班，不需值班,,,,,不需要,,,,,,,幾乎每天,有，完整 1 小時,,50-55,主管判斷,幾乎沒有,不適用,,2-3 次,,,僅部分給假,部分補助,1,3,138,58,21,,3,機會多,3,主管管太細,allow,,,,,
2025-09-18,台北市,區域醫院,三軍總醫院松山分院附設民眾診療服務處,耳鼻喉手術室,N2,麻醉護理,耳鼻喉,不清楚,20-50 台,只有 1 位流動，兼刷手,固定科別,偶爾,固定白班＋on call,,,,,需要,1-4 次,幾乎每次都被叫回,,300 元以上,有,隔天休假,很少,有，但常被中斷／縮短,1-2 小時,50-55,合理範圍給,偶爾,有但不足或老舊,不清楚,,5,不一定,需用自己休假（放假天去上課）,部分補助,5,7,96,40,14,,4,機會多,3,專科氣氛 OK,allow,,,,,
2025-09-17,台北市,區域醫院,臺北市立聯合醫院和平婦幼院區及其婦幼院區,心臟外科手術室,N4,恢復室、麻醉護理,心臟外科,11-20 間,50-100 台,1 刷手＋1 流動,,偶爾,固定白班＋on call,,,,,需要,5-8 次,,30 分鐘內,200-250 元,,照常上班,幾乎每天,無,,55-60,主管判斷,幾乎每天,充足且合身,每間都有且有使用,1 次,,1 個月內,僅部分給假,部分補助,4,8,122,51,18,,3,難以升遷,2,門診作息穩定,allow,,,,,
2025-09-17,高雄市,醫學中心,義大醫療財團法人義大醫院,泌尿手術室,N3,麻醉護理,泌尿,21 間以上,50-100 台,只有 1 位流動，兼刷手,跨 2-3 科,從不,三班輪值,無,200,600,500,需要,9-12 次,幾乎每次都被叫回,沒有規定,,有,照常上班,幾乎每天,有，完整 1 小時,,50-55,主管判斷,每週數次,,有但不常用,沒有,,3-6 個月,需用自己休假（放假天去上課）,全額公費,3,5,118,50,18,,4,普通,4,,,,,,,
2025-09-17,台南市,區域醫院,奇美醫療財團法人柳營奇美醫院,中央開刀房,N0,流動、恢復室、麻醉護理,一般外科,6-10 間,20-50 台,只有 1 位流動，兼刷手,全科都要會,,三班輪值,500,600,無,800,不需要,,,,,,,偶爾,無,1 小時內,45-50,合理範圍給,每週數次,,沒有,,4,,需用自己休假（放假天去上課）,部分補助,8,8,76,32,11,醫療費用員工優惠,4,機會多,3,加班頻率可接受,allow,,allow,,,
2025-09-17,台北市,醫學中心,國泰醫療財團法人國泰綜合醫院,神經外科手術室,N3,麻醉護理,神經外科,11-20 間,20 台以下,1 刷手＋1 流動,固定科別,偶爾,固定白班＋on call,,,,,需要,1-4 次,幾乎每次都被叫回,30 分鐘內,,,隔天休假,每週數次,有，但常被中斷／縮短,無,45-50,合理範圍給,,,不清楚,1 次,,,全程給公假,完全自費,1,1,119,50,18,生日禮金、三節禮券,4,機會多,3,案件量大但有規矩,allow,,allow,,,
2025-09-17,彰化縣,醫學中心,彰化基督教醫療財團法人彰化基督教醫院,中央手術室,N2,麻醉護理,骨科,21 間以上,20 台以下,1 位流動同時顧 2 間以上,,經常,固定白班＋on call,,,,,需要,5-8 次,偶爾,,200-250 元,有,照常上班,每週數次,有，完整 1 小時,4 小時,50-55,合理範圍給,,不適用,不清楚,2-3 次,,,僅部分給假,全額公費,4,4,98,41,15,員工餐廳伙食補助,3,機會多,3,團隊互助強,allow,,allow,,,
