timestamp,location,institutionType,institutionName,unitName,jobTitle,workplaceType,practiceRegistration,otherCerts,certRequired,scheduleSystem,shiftPattern,fieldWork,violenceRisk,dailyOvertime,weeklyHours,overtimePolicy,yearsCurrent,yearsTotal,annualSalary,monthlyBase,annualBonus,specialBenefits,workAtmosphere,promotion,recommendIndex,comment,modComment,modCommentCode,modSpecialBenefits,modSpecialBenefitsCode,modOnCallPattern,modOnCallPatternCode
2025-11-15 19:08,彰化縣,其他,製造廠醫護室,某製造廠醫護室,廠護,職護／廠護,需要,廠護／職業衛生護理,否，加分用,見紅休（週休二日＋國定假日）,純白班,否,中,1 小時內,40-45,合理範圍給,2,6,94,39,14,彈性工時,4,機會多,4,,,,allow,,,
2025-11-15,新竹縣,其他,製造廠醫護室,某製造廠醫護室,N2,職護／廠護,需要,廠護／職業衛生護理,是，必備,見紅休（週休二日＋國定假日）,純白班,否,低,無,40-45,合理範圍給,7,7,82,34,12,彈性工時,3,難以升遷,2,人力嚴重不足,allow,,allow,,,
2025-11-15,南投縣,護理之家,康健 月子中心,月子中心,督導,月子中心,需要,無,不適用,排班制（輪班）,純白班,否,中,1-2 小時,45-50,合理範圍給,1,1,116,49,17,,4,機會多,3,,,,,,,
2025-11-15,南投縣,其他,製造廠醫護室,某製造廠醫護室,廠護,職護／廠護,需要,廠護／職業衛生護理,是，必備,見紅休（週休二日＋國定假日）,純白班,是,低,無,35-40,主管判斷,5,9,104,44,16,員工餐廳伙食補助,4,機會多,3,排班相對人性化,allow,,allow,,,
2025-11-15,彰化縣,其他,飯店醫護室,某飯店醫護室,N2,職護／廠護,需要,廠護／職業衛生護理,否，加分用,見紅休（週休二日＋國定假日）,純白班,否,低,無,35-40,主管判斷,2,4,81,34,12,,4,普通,3,門診作息穩定,allow,,,,,
2025-11-15,新北市,其他,健康服務中心,健康服務中心,公衛護士,公共衛生／衛生所,需要,BLS／ACLS 等急救,否，加分用,見紅休（週休二日＋國定假日）,純白班,是,中,1-2 小時,40-45,合理範圍給,6,7,87,37,13,年節獎金,3,普通,3,主管管太細,allow,,allow,,,
2025-11-14 23:20,花蓮縣,長照機構,長青 長照機構,長照機構,督導,長照機構／護理之家,需要,長照相關證照,否，加分用,排班制（輪班）,需輪小夜,否,低,無,45-50,主管判斷,6,9,114,48,17,員工旅遊補助,5,機會多,4,排班相對人性化,allow,,allow,,,
2025-11-14,台南市,其他,銀行醫護室,某銀行醫護室,N2,職護／廠護,需要,廠護／職業衛生護理,否，加分用,見紅休（週休二日＋國定假日）,純白班,否,無,1 小時內,45-50,合理範圍給,8,10,86,36,13,員工旅遊補助,3,難以升遷,2,中部醫院 case 量適中,allow,,allow,,,
2025-11-14,宜蘭縣,長照機構,銀光 長照機構,長照機構,N1,長照機構／護理之家,需要,無,不適用,排班制（輪班）,需輪三班,否,低,無,40-45,主管判斷,5,10,71,30,11,員工餐廳伙食補助,4,機會多,3,薪資與制度都優,allow,,allow,,,
2025-11-14,嘉義市,居護所,安心 居家護理所,居家護理所,N2,居家護理,需要,個案管理師,否，加分用,排班制（輪班）,純白班,是,低,無,45-50,一律給,1,1,86,36,13,醫療費用員工優惠,3,難以升遷,2,新人零保護,allow,,allow,,,
2025-11-14,雲林縣,其他,製造廠醫護室,某製造廠醫護室,廠護,職護／廠護,需要,廠護／職業衛生護理,是，必備,見紅休（週休二日＋國定假日）,純白班,否,低,1-2 小時,40-45,合理範圍給,3,5,102,43,15,員工旅遊補助,4,機會多,4,訓練體系完整,allow,,allow,,,
2025-11-13 19:17,嘉義市,其他,面板廠醫護室,某面板廠醫護室,廠護,職護／廠護,不需要,廠護／職業衛生護理,否，加分用,見紅休（週休二日＋國定假日）,純白班,否,低,1 小時內,45-50,合理範圍給,3,9,91,38,14,年節獎金,4,機會多,4,同事關係好,allow,,allow,,,
2025-11-13 18:48,台東縣,其他,銀行醫護室,某銀行醫護室,N2,職護／廠護,不需要,廠護／職業衛生護理,是，必備,見紅休（週休二日＋國定假日）,純白班,否,無,1-2 小時,40-45,主管判斷,4,5,85,36,13,進修補助,4,普通,4,排班相對人性化,allow,,allow,,,
2025-11-13 13:47,新竹市,其他,科技廠醫護室,某科技廠醫護室,N3,職護／廠護,不需要,廠護／職業衛生護理,是，必備,見紅休（週休二日＋國定假日）,純白班,否,無,1 小時內,40-45,合理範圍給,4,9,90,38,14,員工健檢自費項目補助,4,機會多,4,案件多但學得快,allow,,allow,,,
2025-11-13,花蓮縣,居護所,康健 居家護理所,居家護理所,個案管理師,居家護理,需要,長照相關證照,否，加分用,排班制（輪班）,純白班,是,中,無,40-45,合理範圍給,8,13,89,37,13,宿舍（單人房）,4,機會多,3,訓練體系完整,allow,,allow,,,
2025-11-13,桃園市,其他,南港國中,國中保健室,學校護理師,學校護理師,需要,無,不適用,見紅休（週休二日＋國定假日）,純白班,否,中,1-2 小時,40-45,主管判斷,3,7,75,32,11,年節獎金,3,難以升遷,2,,,,allow,,,
2025-11-12 21:09,花蓮縣,居護所,璞玉 居家護理所,居家護理所,N2,居家護理,需要,無,不適用,見紅休（週休二日＋國定假日）,純白班,是,低,無,35-40,主管判斷,6,6,78,33,12,醫療費用員工優惠,3,難以升遷,2,主管偏心嚴重,allow,,allow,,,
2025-11-12,基隆市,護理之家,康寧 月子中心,坐月子中心,N1,月子中心,需要,無,不適用,排班制（輪班）,需輪小夜,否,中,無,45-50,一律給,4,4,72,30,11,彈性工時,3,難以升遷,2,新人訓練紮實,allow,,allow,,,
2025-11-12,桃園市,其他,中山高中,高中保健室,學校護理師,學校護理師,需要,無,不適用,見紅休（週休二日＋國定假日）,純白班,否,低,無,35-40,一律給,8,13,75,32,11,宿舍（單人房）,4,機會多,4,資深領班受重視,allow,,allow,,,
2025-11-12,苗栗縣,其他,衛生所,衛生所,公衛護士,公共衛生／衛生所,需要,BLS／ACLS 等急救,否，加分用,見紅休（週休二日＋國定假日）,純白班,是,低,1-2 小時,40-45,主管判斷,6,11,86,36,13,進修補助,3,機會多,3,兒科氣氛溫暖,allow,,allow,,,
2025-11-12,苗栗縣,其他,永和國中,國中保健室,學校護理師,學校護理師,需要,無,不適用,見紅休（週休二日＋國定假日）,純白班,否,低,1 小時內,40-45,一律給,5,7,81,34,12,員工健檢自費項目補助,4,機會多,4,薪資與制度都優,allow,,allow,,,
2025-11-11 14:28,台南市,居護所,康健 居家護理所,居家護理所,N2,居家護理,需要,無,不適用,排班制（輪班）,需輪三班,是,無,無,35-40,主管判斷,3,6,84,35,13,員工餐廳伙食補助,4,機會多,3,訓練體系完整,allow,,allow,,,
2025-11-11,台東縣,其他,飯店醫護室,某飯店醫護室,N2,職護／廠護,需要,廠護／職業衛生護理,是，必備,見紅休（週休二日＋國定假日）,純白班,否,中,1 小時內,40-45,主管判斷,3,7,75,32,11,年節獎金,4,機會多,3,我們單位缺人快來，加 LINE 問我，介紹有獎金。,block,廣告或招攬,allow,,,
2025-11-11,高雄市,長照機構,愛心 長照機構,日照中心,N1,長照機構／護理之家,需要,長照相關證照,否，加分用,排班制（輪班）,需輪三班,否,低,1-2 小時,40-45,主管判斷,1,2,73,31,11,員工旅遊補助,4,普通,4,案件多但學得快,allow,,allow,,,
2025-11-11,新北市,護理之家,康健 長照機構,護理之家,督導,長照機構／護理之家,需要,個案管理師,否，加分用,排班制（輪班）,純白班,否,低,1-2 小時,40-45,合理範圍給,8,12,115,48,17,年節獎金,4,普通,4,專科很強值得待,allow,,allow,,,
2025-11-11,台南市,長照機構,欣欣 長照機構,日照中心,N2,長照機構／護理之家,需要,無,不適用,排班制（輪班）,純白班,否,低,1 小時內,40-45,合理範圍給,7,12,80,34,12,進修補助,5,機會多,4,專科很強值得待,allow,,allow,,,
2025-11-10 15:34,台南市,其他,健康服務中心,健康服務中心,公衛護士,公共衛生／衛生所,需要,無,不適用,見紅休（週休二日＋國定假日）,純白班,是,低,無,45-50,一律給,8,8,80,34,12,宿舍（單人房）,3,普通,2,,,,allow,,,
2025-11-10,嘉義縣,其他,衛生所,衛生所,公衛護士,公共衛生／衛生所,需要,BLS／ACLS 等急救,否，加分用,見紅休（週休二日＋國定假日）,純白班,是,低,1-2 小時,40-45,合理範圍給,3,8,76,32,11,,4,普通,4,,,,,,,
2025-11-09 08:18,高雄市,其他,景美小學,小學保健室,學校護理師,學校護理師,需要,無,不適用,見紅休（週休二日＋國定假日）,純白班,否,無,1 小時內,40-45,合理範圍給,6,6,77,32,12,年節獎金,3,難以升遷,2,,,,allow,,,
2025-11-09,台南市,護理之家,康寧 月子中心,坐月子中心,N1,月子中心,需要,IBCLC 國際泌乳顧問,否，加分用,排班制（輪班）,需輪三班,否,中,1 小時內,35-40,合理範圍給,3,7,86,36,13,,3,普通,2,人力極端不足,allow,,,,,
2025-11-09,台東縣,其他,景美高中,高中保健室,學校護理師,學校護理師,不需要,無,不適用,見紅休（週休二日＋國定假日）,純白班,否,低,1-2 小時,35-40,合理範圍給,5,9,74,31,11,,5,機會多,4,薪資與制度都優,allow,,,,,
2025-11-09,台南市,護理之家,璞玉 長照機構,護理之家,N2,長照機構／護理之家,需要,無,不適用,排班制（輪班）,需輪三班,否,低,無,35-40,合理範圍給,3,7,75,32,11,彈性工時,3,機會多,3,中部醫院 case 量適中,allow,,allow,,,
2025-11-09,台北市,其他,面板廠醫護室,某面板廠醫護室,廠護,職護／廠護,需要,廠護／職業衛生護理,否，加分用,見紅休（週休二日＋國定假日）,純白班,是,低,1-2 小時,40-45,合理範圍給,8,10,97,41,15,年節獎金,3,普通,3,兒科氣氛溫暖,allow,,allow,,,
2025-11-09,宜蘭縣,長照機構,璞玉 長照機構,長照機構,N1,長照機構／護理之家,需要,長照相關證照,否，加分用,排班制（輪班）,需輪三班,否,低,無,40-45,一律給,7,10,77,32,12,員工旅遊補助,3,難以升遷,2,常被臨時調班,allow,,allow,,,
2025-11-09,台南市,其他,建國高中,高中保健室,學校護理師,學校護理師,不需要,無,不適用,見紅休（週休二日＋國定假日）,純白班,否,無,無,35-40,一律給,4,5,80,34,12,年節獎金,4,機會多,4,,,,allow,,,
2025-11-08 18:33,雲林縣,居護所,康健 居家護理所,居家護理所,N2,居家護理,需要,無,不適用,排班制（輪班）,純白班,是,無,無,40-45,主管判斷,7,9,90,38,14,年節獎金,4,機會多,3,安寧團隊互相 support,allow,,allow,,,
2025-11-08 10:35,嘉義市,長照機構,貝兒 長照機構,長照機構,N2,長照機構／護理之家,需要,個案管理師,否，加分用,排班制（輪班）,需輪三班,否,低,無,35-40,主管判斷,8,14,85,36,13,,5,機會多,4,薪資與制度都優,allow,,,,,
2025-11-08,新竹市,其他,衛生所,衛生所,公衛護士,公共衛生／衛生所,需要,BLS／ACLS 等急救,否，加分用,見紅休（週休二日＋國定假日）,純白班,是,無,無,45-50,主管判斷,3,9,81,34,12,彈性工時,4,普通,3,資深領班受重視,allow,,allow,,,
2025-11-07 19:10,台北市,居護所,貝兒 居家護理所,居家護理所,N2,居家護理,需要,長照相關證照,否，加分用,排班制（輪班）,純白班,是,中,無,40-45,合理範圍給,3,8,77,32,12,進修補助,4,機會多,4,排班相對人性化,allow,,allow,,,
2025-11-07 18:55,嘉義縣,居護所,安心 居家護理所,居家護理所,個案管理師,居家護理,需要,長照相關證照,否，加分用,見紅休（週休二日＋國定假日）,純白班,是,低,無,35-40,合理範圍給,5,10,96,40,14,員工旅遊補助,4,普通,3,aaaaaaa 測試測試 123456,block,亂填或無關,allow,,,
2025-11-07,嘉義市,其他,中正高中,高中保健室,學校護理師,學校護理師,需要,無,不適用,見紅休（週休二日＋國定假日）,純白班,否,低,無,40-45,一律給,8,10,80,34,12,彈性工時,3,難以升遷,2,門診作息穩定,allow,,allow,,,
2025-11-06 16:19,新北市,其他,衛生所,衛生所,公衛護士,公共衛生／衛生所,需要,BLS／ACLS 等急救,否，加分用,見紅休（週休二日＋國定假日）,純白班,是,低,無,40-45,合理範圍給,5,8,80,34,12,,3,機會多,3,夜班輪轉公平,allow,,,,,
2025-11-06,台中市,護理之家,幸福 長照機構,護理之家,N3,長照機構／護理之家,需要,無,不適用,排班制（輪班）,需輪三班,否,中,無,35-40,合理範圍給,3,6,93,39,14,醫療費用員工優惠,4,機會多,4,,,,allow,,,
2025-11-05 12:12,台北市,其他,建國高中,高中保健室,學校護理師,學校護理師,不需要,無,不適用,見紅休（週休二日＋國定假日）,純白班,否,低,1 小時內,45-50,合理範圍給,4,4,77,32,12,員工旅遊補助,4,機會多,4,案件多但學得快,allow,,allow,,,
2025-11-05,南投縣,其他,科技廠醫護室,某科技廠醫護室,N3,職護／廠護,需要,廠護／職業衛生護理,是，必備,見紅休（週休二日＋國定假日）,純白班,是,低,無,45-50,主管判斷,6,7,89,37,13,年節獎金,5,普通,5,薪資與制度都優,allow,,allow,,,
2025-11-05,嘉義縣,其他,景美高中,高中保健室,學校護理師,學校護理師,需要,無,不適用,見紅休（週休二日＋國定假日）,純白班,否,低,1-2 小時,45-50,一律給,8,10,71,30,11,,4,普通,4,訓練體系完整,allow,,,,,
2025-11-05,桃園市,居護所,銀光 居家護理所,居家護理所,N2,居家護理,需要,個案管理師,否，加分用,見紅休（週休二日＋國定假日）,純白班,是,無,無,35-40,合理範圍給,6,12,91,38,14,進修補助,4,機會多,4,,,,allow,,,
2025-11-05,台東縣,護理之家,璞玉 月子中心,坐月子中心,N1,月子中心,需要,IBCLC 國際泌乳顧問,否，加分用,排班制（輪班）,需輪小夜,否,低,1 小時內,35-40,合理範圍給,1,6,74,31,11,彈性工時,4,機會多,3,案件量大但有規矩,allow,,allow,,,
2025-11-05,新竹市,其他,科技廠醫護室,某科技廠醫護室,廠護,職護／廠護,需要,廠護／職業衛生護理,否，加分用,見紅休（週休二日＋國定假日）,純白班,否,中,無,40-45,合理範圍給,8,12,91,38,14,彈性工時,4,普通,4,同事關係好,allow,,allow,,,
2025-11-04 20:09,高雄市,長照機構,康寧 長照機構,長照機構,N2,長照機構／護理之家,需要,無,不適用,排班制（輪班）,需輪小夜,否,低,無,35-40,合理範圍給,4,4,79,33,12,年節獎金,3,機會多,3,中部醫院 case 量適中,allow,,allow,,,
2025-11-04 18:51,雲林縣,其他,銀行醫護室,某銀行醫護室,N2,職護／廠護,需要,廠護／職業衛生護理,是，必備,見紅休（週休二日＋國定假日）,純白班,是,無,1-2 小時,45-50,主管判斷,4,8,78,33,12,員工旅遊補助,3,機會多,3,專科氣氛 OK,allow,,allow,,,
2025-11-04 15:07,桃園市,長照機構,長青 長照機構,日照中心,N1,長照機構／護理之家,需要,長照相關證照,否，加分用,排班制（輪班）,純白班,否,中,無,40-45,一律給,2,7,82,34,12,年節獎金,3,普通,3,工時長但待遇可,allow,,allow,,,
2025-11-04 14:20,台北市,長照機構,康健 長照機構,日照中心,N1,長照機構／護理之家,需要,長照相關證照,否，加分用,排班制（輪班）,需輪三班,否,無,1 小時內,45-50,合理範圍給,5,6,72,30,11,托兒補助,3,難以升遷,2,被當打雜,allow,,allow,,,
2025-11-04,苗栗縣,其他,建國高中,高中保健室,學校護理師,學校護理師,不需要,無,不適用,見紅休（週休二日＋國定假日）,純白班,否,無,1-2 小時,35-40,合理範圍給,2,2,75,32,11,進修補助,5,普通,4,氣氛輕鬆,allow,,allow,,,
2025-11-04,雲林縣,其他,面板廠醫護室,某面板廠醫護室,廠護,職護／廠護,需要,廠護／職業衛生護理,否，加分用,見紅休（週休二日＋國定假日）,純白班,否,低,1 小時內,40-45,主管判斷,3,8,92,39,14,年節獎金,5,普通,5,團隊互助強,allow,,allow,,,
2025-11-04,新竹市,其他,南港高中,高中保健室,學校護理師,學校護理師,需要,無,不適用,見紅休（週休二日＋國定假日）,純白班,否,低,無,40-45,合理範圍給,2,6,78,33,12,彈性工時,4,普通,4,薪資與制度都優,allow,,allow,,,
2025-11-04,嘉義市,其他,製造廠醫護室,某製造廠醫護室,廠護,職護／廠護,需要,廠護／職業衛生護理,是，必備,見紅休（週休二日＋國定假日）,純白班,是,無,無,40-45,一律給,1,5,94,39,14,彈性工時,4,機會多,4,安寧團隊互相 support,allow,,allow,,,
2025-11-04,花蓮縣,其他,健康服務中心,健康服務中心,公衛護士,公共衛生／衛生所,需要,BLS／ACLS 等急救,否，加分用,見紅休（週休二日＋國定假日）,純白班,是,低,無,40-45,合理範圍給,4,7,89,37,13,進修補助,4,普通,3,資深領班受重視,allow,,allow,,,
2025-11-03,嘉義市,其他,健康服務中心,健康服務中心,公衛護士,公共衛生／衛生所,需要,BLS／ACLS 等急救,否，加分用,見紅休（週休二日＋國定假日）,純白班,是,低,1-2 小時,40-45,一律給,2,5,77,32,12,彈性工時,4,機會多,4,主管支持度高,allow,,allow,,,
2025-11-03,屏東縣,其他,師大附中小學,小學保健室,學校護理師,學校護理師,不需要,無,不適用,見紅休（週休二日＋國定假日）,純白班,否,低,無,45-50,主管判斷,1,6,79,33,12,,3,難以升遷,2,人力過勞且無加班費,allow,,,,,
2025-11-03,苗栗縣,其他,中正小學,小學保健室,學校護理師,學校護理師,需要,無,不適用,見紅休（週休二日＋國定假日）,純白班,否,中,1 小時內,35-40,主管判斷,4,4,71,30,11,彈性工時,5,普通,4,專科很強值得待,allow,,allow,,,
2025-11-02 15:37,南投縣,長照機構,長青 長照機構,長照機構,督導,長照機構／護理之家,需要,長照相關證照,否，加分用,排班制（輪班）,需輪小夜,否,低,1-2 小時,40-45,主管判斷,7,11,112,47,17,年節獎金,3,難以升遷,2,夜班暴力事件多,allow,,allow,,,
2025-11-02 13:34,彰化縣,其他,北一女小學,小學保健室,學校護理師,學校護理師,不需要,無,不適用,見紅休（週休二日＋國定假日）,純白班,否,低,無,45-50,合理範圍給,5,10,81,34,12,員工旅遊補助,3,機會多,3,新人訓練紮實,allow,,allow,,,
2025-11-02 09:56,高雄市,護理之家,璞玉 月子中心,坐月子中心,N2,月子中心,需要,無,不適用,排班制（輪班）,純白班,否,無,無,45-50,一律給,1,1,82,34,12,員工旅遊補助,4,機會多,3,可學到很多技術,allow,,allow,,,
2025-11-01 20:17,嘉義縣,其他,健康服務中心,健康服務中心,公衛護士,公共衛生／衛生所,需要,BLS／ACLS 等急救,否，加分用,見紅休（週休二日＋國定假日）,純白班,是,低,1-2 小時,35-40,主管判斷,6,9,80,34,12,醫療費用員工優惠,4,普通,4,資深領班受重視,allow,,allow,,,
2025-11-01 17:50,桃園市,其他,飯店醫護室,某飯店醫護室,N2,職護／廠護,不需要,廠護／職業衛生護理,是，必備,見紅休（週休二日＋國定假日）,純白班,否,無,無,35-40,一律給,7,9,86,36,13,年節獎金,3,普通,3,門診作息穩定,allow,,allow,,,
2025-11-01,彰化縣,其他,衛生所,衛生所,公衛護士,公共衛生／衛生所,需要,無,不適用,見紅休（週休二日＋國定假日）,純白班,是,中,1-2 小時,35-40,合理範圍給,6,6,75,32,11,彈性工時,4,機會多,4,案件多但學得快,allow,,allow,,,
2025-10-31 23:56,新竹市,其他,師大附中高中,高中保健室,學校護理師,學校護理師,不需要,無,不適用,見紅休（週休二日＋國定假日）,純白班,否,中,無,35-40,合理範圍給,3,6,85,36,13,,4,機會多,4,訓練體系完整,allow,,,,,
2025-10-31 22:25,嘉義縣,其他,健康服務中心,健康服務中心,公衛護士,公共衛生／衛生所,需要,無,不適用,見紅休（週休二日＋國定假日）,純白班,是,低,無,40-45,主管判斷,2,3,76,32,11,進修補助,5,機會多,4,同事關係好,allow,,allow,,,
2025-10-31 20:52,宜蘭縣,其他,銀行醫護室,某銀行醫護室,廠護,職護／廠護,不需要,廠護／職業衛生護理,是，必備,見紅休（週休二日＋國定假日）,純白班,否,中,1 小時內,45-50,合理範圍給,2,3,93,39,14,,4,機會多,4,資深領班受重視,allow,,,,,
2025-10-31 19:48,屏東縣,其他,面板廠醫護室,某面板廠醫護室,廠護,職護／廠護,不需要,廠護／職業衛生護理,否，加分用,見紅休（週休二日＋國定假日）,純白班,否,低,無,45-50,合理範圍給,2,2,95,40,14,進修學分補助、國外研討會補助,4,機會多,3,兒科氣氛溫暖,allow,,allow,,,
2025-10-30,嘉義市,居護所,美樂蒂 居家護理所,居家護理所,N2,居家護理,需要,無,不適用,排班制（輪班）,需輪三班,是,無,1-2 小時,35-40,合理範圍給,5,11,88,37,13,進修學分補助、國外研討會補助,3,難以升遷,2,人力嚴重不足,allow,,allow,,,
2025-10-29 15:30,嘉義縣,其他,建國小學,小學保健室,學校護理師,學校護理師,不需要,無,不適用,見紅休（週休二日＋國定假日）,純白班,否,低,無,45-50,合理範圍給,6,11,71,30,11,彈性工時,4,機會多,3,氣氛輕鬆,allow,,allow,,,
2025-10-29,台南市,其他,製造廠醫護室,某製造廠醫護室,N2,職護／廠護,不需要,廠護／職業衛生護理,是，必備,見紅休（週休二日＋國定假日）,純白班,是,中,無,40-45,合理範圍給,1,6,89,37,13,,5,機會多,4,團隊互助強,allow,,,,,
2025-10-28,新北市,護理之家,信安 月子中心,月子中心,N2,月子中心,需要,無,不適用,排班制（輪班）,需輪三班,否,無,1 小時內,40-45,一律給,3,8,83,35,12,彈性工時,3,普通,2,,,,allow,,,
2025-10-27 09:11,新北市,其他,面板廠醫護室,某面板廠醫護室,廠護,職護／廠護,需要,廠護／職業衛生護理,是，必備,見紅休（週休二日＋國定假日）,純白班,否,低,無,40-45,主管判斷,8,10,96,40,14,進修補助,4,機會多,3,新人訓練紮實,allow,,allow,,,
2025-10-27 08:13,台中市,其他,健康服務中心,健康服務中心,公衛護士,公共衛生／衛生所,需要,無,不適用,見紅休（週休二日＋國定假日）,純白班,是,中,1-2 小時,35-40,合理範圍給,6,10,84,35,13,員工旅遊補助,3,機會多,3,新人訓練紮實,allow,,allow,,,
2025-10-26 17:27,桃園市,其他,景美小學,小學保健室,學校護理師,學校護理師,需要,無,不適用,見紅休（週休二日＋國定假日）,純白班,否,低,無,40-45,一律給,1,6,84,35,13,進修補助,4,普通,4,排班相對人性化,allow,,allow,,,
2025-10-26 10:17,桃園市,居護所,信安 居家護理所,居家護理所,個案管理師,居家護理,需要,個案管理師,否，加分用,見紅休（週休二日＋國定假日）,純白班,是,低,無,40-45,合理範圍給,2,6,91,38,14,員工旅遊補助,4,普通,3,氣氛輕鬆,allow,,allow,,,
2025-10-26,桃園市,居護所,聖德 居家護理所,居家護理所,專科護理師,居家護理,需要,個案管理師,否，加分用,排班制（輪班）,需輪三班,是,低,1 小時內,40-45,合理範圍給,3,6,94,39,14,員工旅遊補助,2,難以升遷,1,主管偏心嚴重,allow,,allow,,,
2025-10-25 10:26,嘉義市,其他,面板廠醫護室,某面板廠醫護室,廠護,職護／廠護,需要,廠護／職業衛生護理,否，加分用,見紅休（週休二日＋國定假日）,純白班,否,低,1-2 小時,35-40,主管判斷,1,2,96,40,14,員工旅遊補助,3,機會多,3,,,,allow,,,
2025-10-25,彰化縣,其他,面板廠醫護室,某面板廠醫護室,廠護,職護／廠護,需要,廠護／職業衛生護理,否，加分用,見紅休（週休二日＋國定假日）,純白班,否,低,無,35-40,主管判斷,2,5,94,39,14,年節獎金,4,機會多,3,夜班輪轉公平,allow,,allow,,,
2025-10-25,彰化縣,居護所,聖德 居家護理所,居家護理所,N2,居家護理,需要,個案管理師,否，加分用,排班制（輪班）,純白班,是,中,1 小時內,40-45,合理範圍給,1,7,84,35,13,彈性工時,3,普通,2,主管偏心嚴重,allow,,allow,,,
2025-10-24,基隆市,其他,面板廠醫護室,某面板廠醫護室,廠護,職護／廠護,需要,廠護／職業衛生護理,否，加分用,見紅休（週休二日＋國定假日）,純白班,否,低,1 小時內,40-45,一律給,8,10,99,42,15,員工旅遊補助,4,機會多,4,薪資與制度都優,allow,,allow,,,
2025-10-24,宜蘭縣,其他,銀行醫護室,某銀行醫護室,N2,職護／廠護,不需要,廠護／職業衛生護理,否，加分用,見紅休（週休二日＋國定假日）,純白班,否,低,無,40-45,主管判斷,1,4,91,38,14,員工旅遊補助,4,普通,3,案件量大但有規矩,allow,,allow,,,
2025-10-23,嘉義縣,其他,中山高中,高中保健室,學校護理師,學校護理師,需要,無,不適用,見紅休（週休二日＋國定假日）,純白班,否,無,1-2 小時,40-45,主管判斷,6,11,79,33,12,彈性工時,3,機會多,3,主管支持度高,allow,,allow,,,
2025-10-22,嘉義市,其他,衛生所,衛生所,公衛護士,公共衛生／衛生所,需要,無,不適用,見紅休（週休二日＋國定假日）,純白班,是,低,1-2 小時,40-45,一律給,1,4,80,34,12,彈性工時,5,機會多,4,氣氛輕鬆,allow,,allow,,,
2025-10-22,嘉義縣,護理之家,貝兒 月子中心,坐月子中心,N2,月子中心,需要,無,不適用,排班制（輪班）,純白班,否,中,1 小時內,45-50,主管判斷,7,7,76,32,11,,4,普通,4,薪資與制度都優,allow,,,,,
2025-10-22,台中市,長照機構,太陽花 長照機構,日照中心,N2,長照機構／護理之家,需要,無,不適用,排班制（輪班）,需輪三班,否,中,無,45-50,一律給,3,4,86,36,13,,4,機會多,3,排班相對人性化,allow,,,,,
2025-10-22,苗栗縣,其他,面板廠醫護室,某面板廠醫護室,廠護,職護／廠護,需要,廠護／職業衛生護理,否，加分用,見紅休（週休二日＋國定假日）,純白班,否,低,1 小時內,35-40,合理範圍給,4,10,97,41,15,宿舍（單人房）,4,機會多,4,,,,allow,,,
2025-10-22,嘉義縣,其他,北一女小學,小學保健室,學校護理師,學校護理師,不需要,無,不適用,見紅休（週休二日＋國定假日）,純白班,否,低,1-2 小時,35-40,合理範圍給,6,11,76,32,11,,3,難以升遷,2,可學到很多技術,allow,,,,,
2025-10-22,台東縣,其他,銀行醫護室,某銀行醫護室,廠護,職護／廠護,不需要,廠護／職業衛生護理,否，加分用,見紅休（週休二日＋國定假日）,純白班,否,中,無,40-45,一律給,2,8,88,37,13,彈性工時,3,難以升遷,2,門診作息穩定,allow,,allow,,,
2025-10-21 21:59,台東縣,長照機構,貝兒 長照機構,日照中心,N1,長照機構／護理之家,需要,長照相關證照,否，加分用,排班制（輪班）,需輪三班,否,低,無,40-45,一律給,3,3,73,31,11,宿舍（單人房）,3,機會多,3,兒科氣氛溫暖,allow,,allow,,,
2025-10-21 16:57,台北市,其他,飯店醫護室,某飯店醫護室,N2,職護／廠護,不需要,廠護／職業衛生護理,否，加分用,見紅休（週休二日＋國定假日）,純白班,是,低,1-2 小時,35-40,合理範圍給,7,12,80,34,12,年節獎金,4,機會多,5,訓練體系完整,allow,,allow,,,
2025-10-21,雲林縣,護理之家,長青 月子中心,月子中心,N2,月子中心,需要,無,不適用,排班制（輪班）,需輪三班,否,低,無,35-40,合理範圍給,4,7,89,37,13,彈性工時,4,機會多,3,夜班輪轉公平,allow,,allow,,,
2025-10-21,台東縣,其他,飯店醫護室,某飯店醫護室,N2,職護／廠護,需要,廠護／職業衛生護理,否，加分用,見紅休（週休二日＋國定假日）,純白班,否,無,無,35-40,一律給,4,10,78,33,12,宿舍（單人房）,3,機會多,3,加班頻率可接受,allow,,allow,,,
2025-10-21,台北市,其他,科技廠醫護室,某科技廠醫護室,廠護,職護／廠護,需要,廠護／職業衛生護理,否，加分用,見紅休（週休二日＋國定假日）,純白班,是,低,無,35-40,主管判斷,3,4,104,44,16,員工健檢自費項目補助,5,機會多,5,案件多但學得快,allow,,allow,,,
2025-10-21,彰化縣,護理之家,太陽花 長照機構,護理之家,N3,長照機構／護理之家,需要,無,不適用,排班制（輪班）,純白班,否,低,無,35-40,合理範圍給,1,7,87,37,13,員工旅遊補助,3,難以升遷,2,門診作息穩定,allow,,allow,,,
2025-10-21,桃園市,其他,南港國中,國中保健室,學校護理師,學校護理師,需要,無,不適用,見紅休（週休二日＋國定假日）,純白班,否,低,1-2 小時,40-45,主管判斷,5,9,82,34,12,員工旅遊補助,3,難以升遷,2,,,,allow,,,
2025-10-20 16:12,台南市,居護所,聖德 居家護理所,居家護理所,N2,居家護理,需要,個案管理師,否，加分用,排班制（輪班）,純白班,是,無,無,40-45,主管判斷,4,4,87,37,13,年節獎金,4,普通,3,訓練體系完整,allow,,allow,,,
2025-10-20 10:46,苗栗縣,護理之家,聖德 月子中心,月子中心,N1,月子中心,需要,無,不適用,排班制（輪班）,純白班,否,低,無,40-45,合理範圍給,7,7,71,30,11,彈性工時,3,機會多,3,工時長但待遇可,allow,,allow,,,
2025-10-20 09:39,台中市,其他,健康服務中心,健康服務中心,公衛護士,公共衛生／衛生所,需要,無,不適用,見紅休（週休二日＋國定假日）,純白班,是,中,無,40-45,合理範圍給,1,5,85,36,13,年節獎金,4,機會多,5,排班相對人性化,allow,,allow,,,
2025-10-20,南投縣,護理之家,欣欣 長照機構,護理之家,督導,長照機構／護理之家,需要,長照相關證照,否，加分用,排班制（輪班）,需輪三班,否,低,1 小時內,40-45,合理範圍給,3,6,113,47,17,進修補助,4,機會多,3,案件多但學得快,allow,,allow,,,
2025-10-20,台中市,其他,銀行醫護室,某銀行醫護室,N2,職護／廠護,不需要,廠護／職業衛生護理,是，必備,見紅休（週休二日＋國定假日）,純白班,否,低,無,40-45,合理範圍給,6,6,75,32,11,員工旅遊補助,4,機會多,4,安寧團隊互相 support,allow,,allow,,,
2025-10-20,桃園市,居護所,幸福 居家護理所,居家護理所,N2,居家護理,需要,無,不適用,排班制（輪班）,需輪三班,是,低,無,40-45,一律給,4,5,77,32,12,員工健檢自費項目補助,2,難以升遷,1,主管常 stand-by 不夠,allow,,allow,,,
2025-10-19 22:39,桃園市,護理之家,天恩 長照機構,護理之家,N2,長照機構／護理之家,需要,個案管理師,否，加分用,排班制（輪班）,需輪三班,否,低,1-2 小時,35-40,一律給,5,11,89,37,13,員工旅遊補助,5,機會多,5,兒科氣氛溫暖,allow,,allow,,,
2025-10-19,台南市,護理之家,安心 月子中心,月子中心,N1,月子中心,需要,IBCLC 國際泌乳顧問,否，加分用,排班制（輪班）,需輪三班,否,低,無,40-45,合理範圍給,1,7,74,31,11,員工旅遊補助,4,機會多,4,資深領班受重視,allow,,allow,,,
2025-10-19,南投縣,長照機構,信安 長照機構,日照中心,N2,長照機構／護理之家,需要,個案管理師,否，加分用,排班制（輪班）,需輪小夜,否,中,無,35-40,主管判斷,7,8,86,36,13,彈性工時,4,普通,4,專科很強值得待,allow,,allow,,,
2025-10-18 08:37,台東縣,其他,健康服務中心,健康服務中心,公衛護士,公共衛生／衛生所,需要,無,不適用,見紅休（週休二日＋國定假日）,純白班,是,低,無,40-45,合理範圍給,6,7,91,38,14,員工旅遊補助,5,機會多,4,薪資與制度都優,allow,,allow,,,
2025-10-18,台中市,其他,健康服務中心,健康服務中心,公衛護士,公共衛生／衛生所,需要,BLS／ACLS 等急救,否，加分用,見紅休（週休二日＋國定假日）,純白班,是,低,無,40-45,一律給,1,1,89,37,13,,3,難以升遷,2,工時長到爆,allow,,,,,
2025-10-18,基隆市,居護所,貝兒 居家護理所,居家護理所,個案管理師,居家護理,需要,無,不適用,排班制（輪班）,需輪小夜,是,無,無,45-50,合理範圍給,6,9,89,37,13,進修學分補助、國外研討會補助,4,普通,3,薪資與制度都優,allow,,allow,,,
2025-10-18,苗栗縣,其他,面板廠醫護室,某面板廠醫護室,廠護,職護／廠護,需要,廠護／職業衛生護理,否，加分用,見紅休（週休二日＋國定假日）,純白班,是,中,1 小時內,40-45,合理範圍給,7,10,98,41,15,員工旅遊補助,4,機會多,4,案件多但學得快,allow,,allow,,,
2025-10-18,嘉義市,其他,衛生所,衛生所,公衛護士,公共衛生／衛生所,需要,BLS／ACLS 等急救,否，加分用,見紅休（週休二日＋國定假日）,純白班,是,無,無,35-40,主管判斷,7,7,76,32,11,彈性工時,5,普通,4,團隊互助強,allow,,allow,,,
2025-10-18,宜蘭縣,其他,景美小學,小學保健室,學校護理師,學校護理師,不需要,無,不適用,見紅休（週休二日＋國定假日）,純白班,否,低,1-2 小時,40-45,合理範圍給,6,9,79,33,12,進修學分補助、國外研討會補助,4,機會多,3,人力穩定但行政會議多,allow,,allow,,,
2025-10-17 17:05,台南市,其他,師大附中國中,國中保健室,學校護理師,學校護理師,不需要,無,不適用,見紅休（週休二日＋國定假日）,純白班,否,中,無,40-45,合理範圍給,7,7,74,31,11,進修補助,3,普通,3,專科氣氛 OK,allow,,allow,,,
2025-10-17 14:53,新北市,其他,景美國中,國中保健室,學校護理師,學校護理師,需要,無,不適用,見紅休（週休二日＋國定假日）,純白班,否,無,1 小時內,40-45,合理範圍給,5,11,78,33,12,生日禮金、三節禮券,4,機會多,4,,,,allow,,,
2025-10-17 07:48,彰化縣,其他,景美高中,高中保健室,學校護理師,學校護理師,需要,無,不適用,見紅休（週休二日＋國定假日）,純白班,否,無,1 小時內,35-40,主管判斷,7,11,78,33,12,彈性工時,4,機會多,4,可學到很多技術,allow,,allow,,,
2025-10-16 23:13,新竹市,居護所,長青 居家護理所,居家護理所,個案管理師,居家護理,需要,無,不適用,見紅休（週休二日＋國定假日）,純白班,是,低,無,40-45,主管判斷,6,7,92,39,14,年節獎金,4,機會多,3,案件量大但有規矩,allow,,allow,,,
2025-10-15 20:40,高雄市,護理之家,長青 長照機構,護理之家,N3,長照機構／護理之家,需要,無,不適用,排班制（輪班）,需輪小夜,否,中,1-2 小時,40-45,合理範圍給,5,7,90,38,14,進修補助,3,機會多,3,薪資與制度都優,allow,,allow,,,
2025-10-15 17:07,高雄市,居護所,太陽花 居家護理所,居家護理所,專科護理師,居家護理,需要,無,不適用,見紅休（週休二日＋國定假日）,純白班,是,低,無,35-40,一律給,4,5,96,40,14,,4,機會多,3,可學到很多技術,allow,,,,,
2025-10-15 07:39,台東縣,其他,製造廠醫護室,某製造廠醫護室,廠護,職護／廠護,需要,廠護／職業衛生護理,是，必備,見紅休（週休二日＋國定假日）,純白班,是,低,無,40-45,合理範圍給,1,2,98,41,15,員工旅遊補助,4,普通,4,薪資與制度都優,allow,,allow,,,
2025-10-15,彰化縣,其他,銀行醫護室,某銀行醫護室,廠護,職護／廠護,不需要,廠護／職業衛生護理,否，加分用,見紅休（週休二日＋國定假日）,純白班,是,低,無,40-45,一律給,2,6,89,37,13,彈性工時,4,機會多,3,人力穩定但行政會議多,allow,,allow,,,
2025-10-14 23:47,宜蘭縣,長照機構,欣欣 長照機構,日照中心,N2,長照機構／護理之家,需要,長照相關證照,否，加分用,排班制（輪班）,純白班,否,中,1-2 小時,35-40,一律給,1,2,84,35,13,彈性工時,4,普通,4,氣氛輕鬆,allow,,allow,,,
2025-10-14,雲林縣,其他,衛生所,衛生所,公衛護士,公共衛生／衛生所,需要,無,不適用,見紅休（週休二日＋國定假日）,純白班,是,無,1-2 小時,40-45,主管判斷,3,7,78,33,12,進修補助,4,普通,3,新人訓練紮實,allow,,allow,,,
2025-10-14,嘉義縣,其他,景美國中,國中保健室,學校護理師,學校護理師,不需要,無,不適用,見紅休（週休二日＋國定假日）,純白班,否,低,1 小時內,45-50,合理範圍給,8,11,85,36,13,員工旅遊補助,3,普通,1,,,,allow,,,
2025-10-14,雲林縣,護理之家,愛心 月子中心,坐月子中心,N1,月子中心,需要,無,不適用,排班制（輪班）,需輪三班,否,低,1 小時內,35-40,合理範圍給,6,8,70,30,11,進修補助,4,機會多,4,,,,allow,,,
2025-10-14,嘉義縣,居護所,美樂蒂 居家護理所,居家護理所,N2,居家護理,需要,個案管理師,否，加分用,排班制（輪班）,需輪三班,是,無,無,45-50,合理範圍給,6,10,90,38,14,進修補助,4,機會多,3,排班相對人性化,allow,,allow,,,
2025-10-14,基隆市,其他,南港小學,小學保健室,學校護理師,學校護理師,不需要,無,不適用,見紅休（週休二日＋國定假日）,純白班,否,中,1-2 小時,45-50,合理範圍給,8,10,78,33,12,,5,機會多,4,可學到很多技術,allow,,,,,
2025-10-13 18:12,苗栗縣,居護所,天恩 居家護理所,居家護理所,個案管理師,居家護理,需要,無,不適用,見紅休（週休二日＋國定假日）,純白班,是,無,無,35-40,主管判斷,6,11,91,38,14,,4,機會多,3,可學到很多技術,allow,,,,,
2025-10-13,新竹市,其他,科技廠醫護室,某科技廠醫護室,廠護,職護／廠護,需要,廠護／職業衛生護理,是，必備,見紅休（週休二日＋國定假日）,純白班,否,低,無,45-50,合理範圍給,2,3,88,37,13,,4,機會多,4,薪資與制度都優,allow,,,,,
2025-10-12 18:59,嘉義縣,其他,師大附中小學,小學保健室,學校護理師,學校護理師,需要,無,不適用,見紅休（週休二日＋國定假日）,純白班,否,低,無,40-45,合理範圍給,7,7,84,35,13,進修補助,4,機會多,4,專科很強值得待,allow,,allow,,,
2025-10-11 07:36,新北市,居護所,安心 居家護理所,居家護理所,N2,居家護理,需要,無,不適用,見紅休（週休二日＋國定假日）,純白班,是,低,無,45-50,主管判斷,5,7,75,32,11,彈性工時,5,機會多,5,團隊互助強,allow,,allow,,,
2025-10-11,台東縣,護理之家,康寧 月子中心,月子中心,督導,月子中心,需要,無,不適用,排班制（輪班）,需輪小夜,否,低,無,40-45,合理範圍給,7,13,100,42,15,托兒補助,4,機會多,3,氣氛輕鬆,allow,,allow,,,
2025-10-11,台中市,其他,製造廠醫護室,某製造廠醫護室,N2,職護／廠護,不需要,廠護／職業衛生護理,是，必備,見紅休（週休二日＋國定假日）,純白班,否,中,無,45-50,一律給,1,3,75,32,11,進修補助,3,普通,3,工時長但待遇可,allow,,allow,,,
2025-10-11,南投縣,其他,健康服務中心,健康服務中心,公衛護士,公共衛生／衛生所,需要,BLS／ACLS 等急救,否，加分用,見紅休（週休二日＋國定假日）,純白班,是,中,無,40-45,合理範圍給,3,8,75,32,11,員工旅遊補助,4,普通,4,薪資與制度都優,allow,,allow,,,
2025-10-10 18:55,基隆市,護理之家,永康 月子中心,坐月子中心,N1,月子中心,需要,無,不適用,排班制（輪班）,需輪小夜,否,低,無,45-50,主管判斷,3,8,82,34,12,,4,普通,4,可學到很多技術,allow,,,,,
2025-10-10,高雄市,其他,永和國中,國中保健室,學校護理師,學校護理師,不需要,無,不適用,見紅休（週休二日＋國定假日）,純白班,否,低,1 小時內,45-50,一律給,3,4,81,34,12,,3,難以升遷,2,leader 形同虛設,allow,,,,,
2025-10-10,彰化縣,其他,景美高中,高中保健室,學校護理師,學校護理師,需要,無,不適用,見紅休（週休二日＋國定假日）,純白班,否,無,1 小時內,40-45,主管判斷,3,7,72,30,11,員工旅遊補助,4,普通,3,,,,allow,,,
2025-10-09,基隆市,其他,師大附中國中,國中保健室,學校護理師,學校護理師,不需要,無,不適用,見紅休（週休二日＋國定假日）,純白班,否,低,1-2 小時,35-40,一律給,4,9,81,34,12,員工旅遊補助,4,機會多,4,資深領班受重視,allow,,allow,,,
2025-10-09,新竹市,其他,衛生所,衛生所,公衛護士,公共衛生／衛生所,需要,無,不適用,見紅休（週休二日＋國定假日）,純白班,是,低,1 小時內,45-50,主管判斷,4,7,78,33,12,年節獎金,3,普通,3,,,,allow,,,
2025-10-08 17:16,台北市,其他,銀行醫護室,某銀行醫護室,廠護,職護／廠護,需要,廠護／職業衛生護理,是，必備,見紅休（週休二日＋國定假日）,純白班,否,無,1 小時內,35-40,主管判斷,3,4,102,43,15,年節獎金,4,機會多,3,兒科氣氛溫暖,allow,,allow,,,
2025-10-08,台東縣,長照機構,幸福 長照機構,日照中心,N1,長照機構／護理之家,需要,長照相關證照,否，加分用,排班制（輪班）,需輪三班,否,低,1-2 小時,45-50,合理範圍給,1,2,80,34,12,,4,機會多,4,,,,,,,
2025-10-08,新竹縣,其他,衛生所,衛生所,公衛護士,公共衛生／衛生所,需要,無,不適用,見紅休（週休二日＋國定假日）,純白班,是,無,1 小時內,40-45,合理範圍給,2,5,81,34,12,彈性工時,4,普通,3,主管管太細,allow,,allow,,,
2025-10-08,南投縣,其他,銀行醫護室,某銀行醫護室,廠護,職護／廠護,需要,廠護／職業衛生護理,否，加分用,見紅休（週休二日＋國定假日）,純白班,否,低,1-2 小時,40-45,主管判斷,8,14,94,39,14,員工健檢自費項目補助,3,難以升遷,2,,,,allow,,,
2025-10-07 21:49,南投縣,護理之家,幸福 月子中心,月子中心,N2,月子中心,需要,無,不適用,排班制（輪班）,純白班,否,低,1-2 小時,40-45,主管判斷,8,8,82,34,12,彈性工時,4,機會多,3,訓練體系完整,allow,,allow,,,
2025-10-07 14:07,花蓮縣,其他,中正高中,高中保健室,學校護理師,學校護理師,不需要,無,不適用,見紅休（週休二日＋國定假日）,純白班,否,無,1-2 小時,45-50,主管判斷,8,8,79,33,12,員工旅遊補助,5,機會多,4,團隊互助強,allow,,allow,,,
2025-10-06 23:14,新竹縣,其他,北一女國中,國中保健室,學校護理師,學校護理師,不需要,無,不適用,見紅休（週休二日＋國定假日）,純白班,否,低,無,40-45,主管判斷,8,10,72,30,11,員工旅遊補助,4,機會多,3,薪資與制度都優,allow,,allow,,,
2025-10-06 12:22,彰化縣,居護所,美樂蒂 居家護理所,居家護理所,個案管理師,居家護理,需要,個案管理師,否，加分用,見紅休（週休二日＋國定假日）,純白班,是,低,1-2 小時,45-50,一律給,1,5,91,38,14,員工旅遊補助,4,機會多,4,,,,allow,,,
2025-10-06 11:08,花蓮縣,其他,中山小學,小學保健室,學校護理師,學校護理師,需要,無,不適用,見紅休（週休二日＋國定假日）,純白班,否,中,無,40-45,主管判斷,3,8,77,32,12,,4,機會多,4,案件多但學得快,allow,,,,,
2025-10-06,宜蘭縣,居護所,天恩 居家護理所,居家護理所,專科護理師,居家護理,需要,無,不適用,排班制（輪班）,需輪三班,是,低,1 小時內,45-50,一律給,1,7,99,42,15,彈性工時,3,機會多,3,團隊互助強,allow,,allow,,,
2025-10-06,高雄市,其他,銀行醫護室,某銀行醫護室,N2,職護／廠護,需要,廠護／職業衛生護理,是，必備,見紅休（週休二日＋國定假日）,純白班,否,低,1-2 小時,35-40,合理範圍給,7,8,78,33,12,年節獎金,3,難以升遷,2,,,,allow,,,
2025-10-06,基隆市,護理之家,欣欣 月子中心,坐月子中心,N1,月子中心,需要,IBCLC 國際泌乳顧問,否，加分用,排班制（輪班）,需輪三班,否,中,無,40-45,一律給,5,6,74,31,11,,3,普通,2,新人訓練紮實,allow,,,,,
2025-10-05 23:23,嘉義縣,護理之家,長青 月子中心,月子中心,N2,月子中心,需要,無,不適用,排班制（輪班）,純白班,否,低,無,35-40,主管判斷,1,2,83,35,12,年節獎金,4,普通,3,夜班輪轉公平,allow,,allow,,,
2025-10-05 21:25,新竹市,其他,健康服務中心,健康服務中心,公衛護士,公共衛生／衛生所,需要,BLS／ACLS 等急救,否，加分用,見紅休（週休二日＋國定假日）,純白班,是,無,1 小時內,35-40,合理範圍給,1,2,80,34,12,進修補助,4,機會多,3,中部醫院 case 量適中,allow,,allow,,,
2025-10-05 16:08,新北市,其他,健康服務中心,健康服務中心,公衛護士,公共衛生／衛生所,需要,無,不適用,見紅休（週休二日＋國定假日）,純白班,是,低,無,40-45,合理範圍給,7,9,89,37,13,員工旅遊補助,4,普通,4,兒科氣氛溫暖,allow,,allow,,,
2025-10-05,彰化縣,護理之家,愛心 長照機構,護理之家,N3,長照機構／護理之家,需要,無,不適用,排班制（輪班）,純白班,否,低,1-2 小時,40-45,一律給,4,7,88,37,13,年節獎金,4,普通,3,人力穩定但行政會議多,allow,,allow,,,
2025-10-05,桃園市,其他,製造廠醫護室,某製造廠醫護室,N2,職護／廠護,不需要,廠護／職業衛生護理,否，加分用,見紅休（週休二日＋國定假日）,純白班,否,中,1-2 小時,45-50,主管判斷,7,8,77,32,12,年節獎金,4,機會多,4,氣氛輕鬆,allow,,allow,,,
2025-10-04 19:30,彰化縣,其他,南港高中,高中保健室,學校護理師,學校護理師,需要,無,不適用,見紅休（週休二日＋國定假日）,純白班,否,低,1 小時內,45-50,一律給,6,6,72,30,11,員工旅遊補助,5,機會多,5,資深領班受重視,allow,,allow,,,
2025-10-04 16:01,台東縣,其他,銀行醫護室,某銀行醫護室,N2,職護／廠護,需要,廠護／職業衛生護理,否，加分用,見紅休（週休二日＋國定假日）,純白班,否,低,無,35-40,合理範圍給,6,7,89,37,13,彈性工時,3,普通,2,中部醫院 case 量適中,allow,,allow,,,
2025-10-04,宜蘭縣,其他,景美國中,國中保健室,學校護理師,學校護理師,需要,無,不適用,見紅休（週休二日＋國定假日）,純白班,否,低,無,45-50,主管判斷,8,14,77,32,12,彈性工時,4,機會多,4,團隊互助強,allow,,allow,,,
2025-10-04,苗栗縣,居護所,長青 居家護理所,居家護理所,個案管理師,居家護理,需要,無,不適用,見紅休（週休二日＋國定假日）,純白班,是,低,1-2 小時,40-45,合理範圍給,8,13,96,40,14,,4,普通,4,同事關係好,allow,,,,,
2025-10-04,台中市,長照機構,銀光 長照機構,日照中心,N1,長照機構／護理之家,需要,無,不適用,排班制（輪班）,純白班,否,低,1 小時內,35-40,主管判斷,2,8,73,31,11,宿舍（單人房）,4,普通,4,排班相對人性化,allow,,allow,,,
2025-10-04,台南市,其他,製造廠醫護室,某製造廠醫護室,廠護,職護／廠護,需要,廠護／職業衛生護理,是，必備,見紅休（週休二日＋國定假日）,純白班,否,無,無,35-40,合理範圍給,8,8,96,40,14,員工旅遊補助,4,機會多,4,排班相對人性化,allow,,allow,,,
2025-10-04,台北市,長照機構,璞玉 長照機構,長照機構,N1,長照機構／護理之家,需要,個案管理師,否，加分用,排班制（輪班）,需輪小夜,否,低,1-2 小時,35-40,主管判斷,1,4,76,32,11,員工旅遊補助,4,普通,4,同事關係好,allow,,allow,,,
2025-10-03,花蓮縣,其他,飯店醫護室,某飯店醫護室,N2,職護／廠護,需要,廠護／職業衛生護理,否，加分用,見紅休（週休二日＋國定假日）,純白班,是,低,1 小時內,40-45,合理範圍給,3,5,91,38,14,進修補助,4,機會多,3,氣氛輕鬆,allow,,allow,,,
2025-10-03,新竹縣,居護所,幸福 居家護理所,居家護理所,N3,居家護理,需要,個案管理師,否，加分用,見紅休（週休二日＋國定假日）,純白班,是,無,1-2 小時,45-50,合理範圍給,2,5,96,40,14,托兒補助,4,機會多,4,,,,allow,,,
2025-10-02 19:47,桃園市,護理之家,康寧 月子中心,坐月子中心,N2,月子中心,需要,無,不適用,排班制（輪班）,需輪小夜,否,無,1-2 小時,45-50,合理範圍給,6,8,86,36,13,進修補助,4,機會多,4,可學到很多技術,allow,,allow,,,
2025-10-02 07:11,苗栗縣,護理之家,欣欣 長照機構,護理之家,N2,長照機構／護理之家,需要,長照相關證照,否，加分用,排班制（輪班）,需輪三班,否,中,1 小時內,40-45,一律給,2,6,90,38,14,年節獎金,4,機會多,3,加班頻率可接受,allow,,allow,,,
2025-10-02,台北市,長照機構,康寧 長照機構,日照中心,N1,長照機構／護理之家,需要,無,不適用,排班制（輪班）,需輪小夜,否,低,無,40-45,合理範圍給,5,5,85,36,13,宿舍（單人房）,4,普通,4,資深領班受重視,allow,,allow,,,
2025-10-02,嘉義縣,其他,師大附中小學,小學保健室,學校護理師,學校護理師,需要,無,不適用,見紅休（週休二日＋國定假日）,純白班,否,低,1 小時內,45-50,一律給,5,6,81,34,12,年節獎金,4,普通,4,安寧團隊互相 support,allow,,allow,,,
2025-10-02,嘉義市,其他,製造廠醫護室,某製造廠醫護室,N2,職護／廠護,需要,廠護／職業衛生護理,否，加分用,見紅休（週休二日＋國定假日）,純白班,否,中,1-2 小時,35-40,主管判斷,2,5,88,37,13,彈性工時,4,機會多,4,可學到很多技術,allow,,allow,,,
2025-10-01 07:17,花蓮縣,其他,健康服務中心,健康服務中心,公衛護士,公共衛生／衛生所,需要,無,不適用,見紅休（週休二日＋國定假日）,純白班,是,低,1-2 小時,40-45,合理範圍給,8,14,81,34,12,彈性工時,3,普通,2,主管常 stand-by 不夠,allow,,allow,,,
2025-10-01,台北市,其他,面板廠醫護室,某面板廠醫護室,廠護,職護／廠護,不需要,廠護／職業衛生護理,是，必備,見紅休（週休二日＋國定假日）,純白班,是,中,1-2 小時,35-40,主管判斷,5,8,103,43,15,彈性工時,4,機會多,3,兒科氣氛溫暖,allow,,allow,,,
2025-10-01,屏東縣,其他,科技廠醫護室,某科技廠醫護室,廠護,職護／廠護,不需要,廠護／職業衛生護理,否，加分用,見紅休（週休二日＋國定假日）,純白班,是,低,無,40-45,一律給,8,12,89,37,13,進修補助,4,機會多,4,可學到很多技術,allow,,allow,,,
2025-09-30 16:12,新竹縣,其他,製造廠醫護室,某製造廠醫護室,廠護,職護／廠護,需要,廠護／職業衛生護理,否，加分用,見紅休（週休二日＋國定假日）,純白班,否,無,無,40-45,主管判斷,8,11,95,40,14,年度自強活動,4,機會多,3,,,,allow,,,
2025-09-30,宜蘭縣,居護所,康健 居家護理所,居家護理所,專科護理師,居家護理,需要,無,不適用,排班制（輪班）,需輪小夜,是,中,1-2 小時,40-45,合理範圍給,2,3,91,38,14,,3,難以升遷,2,被當打雜,allow,,,,,
2025-09-29 23:29,新竹縣,護理之家,美樂蒂 月子中心,月子中心,督導,月子中心,需要,IBCLC 國際泌乳顧問,否，加分用,排班制（輪班）,需輪三班,否,低,1 小時內,40-45,合理範圍給,2,7,110,46,17,彈性工時,3,普通,2,人力極端不足,allow,,allow,,,
2025-09-29 19:53,南投縣,其他,飯店醫護室,某飯店醫護室,N2,職護／廠護,需要,廠護／職業衛生護理,是，必備,見紅休（週休二日＋國定假日）,純白班,否,低,無,45-50,一律給,7,9,76,32,11,彈性工時,4,機會多,4,專科很強值得待,allow,,allow,,,
2025-09-29 15:18,台東縣,護理之家,安心 月子中心,坐月子中心,N1,月子中心,需要,無,不適用,排班制（輪班）,純白班,否,中,1 小時內,35-40,合理範圍給,5,8,86,36,13,員工旅遊補助,3,普通,2,,,,allow,,,
2025-09-29 10:30,台南市,其他,師大附中高中,高中保健室,學校護理師,學校護理師,不需要,無,不適用,見紅休（週休二日＋國定假日）,純白班,否,中,1 小時內,35-40,合理範圍給,5,9,84,35,13,,4,機會多,4,主管支持度高,allow,,,,,
2025-09-29,新北市,其他,健康服務中心,健康服務中心,公衛護士,公共衛生／衛生所,需要,BLS／ACLS 等急救,否，加分用,見紅休（週休二日＋國定假日）,純白班,是,中,無,40-45,一律給,2,8,85,36,13,年度自強活動,3,難以升遷,2,,,,allow,,,
2025-09-28 17:16,新竹市,長照機構,欣欣 長照機構,日照中心,N2,長照機構／護理之家,需要,個案管理師,否，加分用,排班制（輪班）,需輪小夜,否,低,無,35-40,合理範圍給,1,5,88,37,13,,3,難以升遷,2,訓練體系完整,allow,,,,,
2025-09-28 14:38,新竹市,其他,景美國中,國中保健室,學校護理師,學校護理師,需要,無,不適用,見紅休（週休二日＋國定假日）,純白班,否,中,1-2 小時,45-50,一律給,1,2,85,36,13,員工旅遊補助,4,機會多,4,資深領班受重視,allow,,allow,,,
2025-09-28 11:50,桃園市,其他,健康服務中心,健康服務中心,公衛護士,公共衛生／衛生所,需要,無,不適用,見紅休（週休二日＋國定假日）,純白班,是,低,無,40-45,一律給,3,6,85,36,13,彈性工時,4,普通,4,同事關係好,allow,,allow,,,
2025-09-28,基隆市,長照機構,愛心 長照機構,長照機構,N2,長照機構／護理之家,需要,長照相關證照,否，加分用,排班制（輪班）,需輪三班,否,低,1 小時內,40-45,合理範圍給,1,5,91,38,14,員工旅遊補助,4,機會多,4,團隊互助強,allow,,allow,,,
2025-09-27 08:01,新竹縣,居護所,信安 居家護理所,居家護理所,N2,居家護理,需要,長照相關證照,否，加分用,見紅休（週休二日＋國定假日）,純白班,是,中,無,40-45,主管判斷,1,2,91,38,14,進修補助,4,普通,4,訓練體系完整,allow,,allow,,,
2025-09-27,雲林縣,護理之家,長青 長照機構,護理之家,督導,長照機構／護理之家,需要,無,不適用,排班制（輪班）,需輪三班,否,低,1 小時內,40-45,合理範圍給,8,8,102,43,15,進修補助,5,機會多,5,安寧團隊互相 support,allow,,allow,,,
2025-09-27,嘉義市,其他,景美高中,高中保健室,學校護理師,學校護理師,不需要,無,不適用,見紅休（週休二日＋國定假日）,純白班,否,低,1 小時內,40-45,主管判斷,7,12,70,30,11,員工旅遊補助,4,普通,3,案件多但學得快,allow,,allow,,,
2025-09-26 20:50,新竹市,長照機構,愛心 長照機構,長照機構,N1,長照機構／護理之家,需要,個案管理師,否，加分用,排班制（輪班）,需輪小夜,否,中,無,40-45,主管判斷,1,3,86,36,13,員工旅遊補助,4,機會多,4,團隊互助強,allow,,allow,,,
2025-09-26 19:30,新北市,其他,健康服務中心,健康服務中心,公衛護士,公共衛生／衛生所,需要,無,不適用,見紅休（週休二日＋國定假日）,純白班,是,無,無,35-40,一律給,4,10,77,32,12,員工旅遊補助,3,難以升遷,1,沒人沒錢沒尊重,allow,,allow,,,
2025-09-26 12:57,新竹縣,其他,科技廠醫護室,某科技廠醫護室,廠護,職護／廠護,需要,廠護／職業衛生護理,否，加分用,見紅休（週休二日＋國定假日）,純白班,否,中,無,35-40,一律給,7,7,95,40,14,進修補助,4,普通,3,,,,allow,,,
2025-09-26,花蓮縣,護理之家,聖德 長照機構,護理之家,N3,長照機構／護理之家,需要,無,不適用,排班制（輪班）,需輪小夜,否,低,無,40-45,一律給,4,4,91,38,14,進修補助,4,機會多,4,同事關係好,allow,,allow,,,
2025-09-26,嘉義市,護理之家,長青 月子中心,月子中心,N2,月子中心,需要,IBCLC 國際泌乳顧問,否，加分用,排班制（輪班）,需輪三班,否,無,1 小時內,35-40,合理範圍給,1,3,87,37,13,進修補助,4,機會多,5,兒科氣氛溫暖,allow,,allow,,,
2025-09-26,花蓮縣,其他,景美小學,小學保健室,學校護理師,學校護理師,需要,無,不適用,見紅休（週休二日＋國定假日）,純白班,否,無,無,40-45,一律給,5,11,80,34,12,,4,機會多,4,團隊互助強,allow,,,,,
2025-09-26,花蓮縣,護理之家,璞玉 月子中心,坐月子中心,N2,月子中心,需要,無,不適用,排班制（輪班）,需輪小夜,否,無,1-2 小時,40-45,合理範圍給,1,5,87,37,13,員工旅遊補助,4,普通,4,可學到很多技術,allow,,allow,,,
2025-09-26,苗栗縣,其他,製造廠醫護室,某製造廠醫護室,N2,職護／廠護,需要,廠護／職業衛生護理,是，必備,見紅休（週休二日＋國定假日）,純白班,否,中,無,45-50,合理範圍給,1,5,80,34,12,員工旅遊補助,4,機會多,4,排班相對人性化,allow,,allow,,,
2025-09-25 09:34,新北市,居護所,愛心 居家護理所,居家護理所,N2,居家護理,需要,個案管理師,否，加分用,排班制（輪班）,純白班,是,中,無,45-50,合理範圍給,2,3,89,37,13,,5,機會多,4,,,,,,,
2025-09-25,台北市,其他,師大附中國中,國中保健室,學校護理師,學校護理師,不需要,無,不適用,見紅休（週休二日＋國定假日）,純白班,否,中,1-2 小時,40-45,一律給,5,7,86,36,13,進修補助,5,機會多,4,薪資與制度都優,allow,,allow,,,
2025-09-25,苗栗縣,長照機構,安心 長照機構,長照機構,督導,長照機構／護理之家,需要,長照相關證照,否，加分用,排班制（輪班）,純白班,否,低,無,45-50,合理範圍給,6,8,115,48,17,年節獎金,4,機會多,3,,,,allow,,,
2025-09-25,台南市,其他,科技廠醫護室,某科技廠醫護室,N3,職護／廠護,不需要,廠護／職業衛生護理,是，必備,見紅休（週休二日＋國定假日）,純白班,是,無,無,40-45,一律給,8,8,98,41,15,員工旅遊補助,3,難以升遷,2,案件量大但有規矩,allow,,allow,,,
2025-09-25,新竹市,其他,飯店醫護室,某飯店醫護室,N2,職護／廠護,不需要,廠護／職業衛生護理,否，加分用,見紅休（週休二日＋國定假日）,純白班,否,低,無,35-40,合理範圍給,1,2,86,36,13,進修補助,4,機會多,3,,,,allow,,,
2025-09-24,台北市,其他,衛生所,衛生所,公衛護士,公共衛生／衛生所,需要,無,不適用,見紅休（週休二日＋國定假日）,純白班,是,低,無,40-45,合理範圍給,6,10,87,37,13,年節獎金,5,機會多,5,氣氛輕鬆,allow,,allow,,,
2025-09-23 07:28,南投縣,居護所,美樂蒂 居家護理所,居家護理所,N2,居家護理,需要,長照相關證照,否，加分用,排班制（輪班）,需輪三班,是,無,1-2 小時,40-45,合理範圍給,3,3,79,33,12,年度自強活動,4,機會多,3,團隊互助強,allow,,allow,,,
2025-09-22 18:30,高雄市,其他,銀行醫護室,某銀行醫護室,N2,職護／廠護,需要,廠護／職業衛生護理,是，必備,見紅休（週休二日＋國定假日）,純白班,否,低,1 小時內,40-45,主管判斷,3,5,91,38,14,彈性工時,4,機會多,3,排班相對人性化,allow,,allow,,,
2025-09-22,台東縣,其他,衛生所,衛生所,公衛護士,公共衛生／衛生所,需要,BLS／ACLS 等急救,否，加分用,見紅休（週休二日＋國定假日）,純白班,是,低,1 小時內,40-45,合理範圍給,2,3,85,36,13,,5,普通,4,安寧團隊互相 support,allow,,,,,
2025-09-22,基隆市,護理之家,美樂蒂 月子中心,月子中心,N1,月子中心,需要,無,不適用,排班制（輪班）,純白班,否,低,1-2 小時,40-45,一律給,3,7,70,30,11,,4,普通,4,,,,,,,
2025-09-22,高雄市,居護所,貝兒 居家護理所,居家護理所,N2,居家護理,需要,個案管理師,否，加分用,排班制（輪班）,需輪小夜,是,低,無,40-45,主管判斷,5,9,89,37,13,員工餐廳伙食補助,4,機會多,3,安寧團隊互相 support,allow,,allow,,,
2025-09-21 20:54,新竹市,護理之家,璞玉 月子中心,坐月子中心,N1,月子中心,需要,無,不適用,排班制（輪班）,需輪三班,否,無,1-2 小時,45-50,合理範圍給,5,11,76,32,11,年節獎金,3,難以升遷,2,工時超長,allow,,allow,,,
2025-09-21 18:10,基隆市,護理之家,太陽花 長照機構,護理之家,N3,長照機構／護理之家,需要,長照相關證照,否，加分用,排班制（輪班）,需輪三班,否,中,無,35-40,合理範圍給,4,5,91,38,14,年節獎金,3,普通,2,新人訓練紮實,allow,,allow,,,
2025-09-21 09:14,屏東縣,其他,建國小學,小學保健室,學校護理師,學校護理師,需要,無,不適用,見紅休（週休二日＋國定假日）,純白班,否,中,無,35-40,合理範圍給,6,8,74,31,11,彈性工時,3,機會多,3,氣氛輕鬆,allow,,allow,,,
2025-09-21 07:08,花蓮縣,其他,製造廠醫護室,某製造廠醫護室,N2,職護／廠護,需要,廠護／職業衛生護理,是，必備,見紅休（週休二日＋國定假日）,純白班,是,低,無,45-50,一律給,4,9,84,35,13,,4,普通,4,安寧團隊互相 support,allow,,,,,
2025-09-21,台中市,居護所,康健 居家護理所,居家護理所,N2,居家護理,需要,無,不適用,排班制（輪班）,需輪小夜,是,低,1-2 小時,40-45,合理範圍給,3,7,89,37,13,進修補助,3,普通,3,,,,allow,,,
2025-09-21,新竹縣,居護所,天恩 居家護理所,居家護理所,個案管理師,居家護理,需要,長照相關證照,否，加分用,排班制（輪班）,純白班,是,無,無,40-45,合理範圍給,8,8,90,38,14,員工健檢自費項目補助,4,普通,3,人力穩定但行政會議多,allow,,allow,,,
2025-09-21,台中市,其他,銀行醫護室,某銀行醫護室,廠護,職護／廠護,需要,廠護／職業衛生護理,否，加分用,見紅休（週休二日＋國定假日）,純白班,否,低,無,45-50,合理範圍給,7,10,96,40,14,進修補助,4,普通,3,,,,allow,,,
2025-09-20 22:38,苗栗縣,長照機構,欣欣 長照機構,長照機構,督導,長照機構／護理之家,需要,無,不適用,排班制（輪班）,純白班,否,低,1-2 小時,35-40,主管判斷,4,7,105,44,16,年節獎金,4,普通,3,主管支持度高,allow,,allow,,,
2025-09-20 16:18,宜蘭縣,居護所,貝兒 居家護理所,居家護理所,N2,居家護理,需要,無,不適用,見紅休（週休二日＋國定假日）,純白班,是,低,無,40-45,合理範圍給,4,9,89,37,13,年節獎金,5,普通,4,主管支持度高,allow,,allow,,,
2025-09-20 07:51,新竹市,長照機構,幸福 長照機構,日照中心,N2,長照機構／護理之家,需要,個案管理師,否，加分用,排班制（輪班）,純白班,否,中,無,45-50,合理範圍給,1,1,87,37,13,進修補助,4,機會多,4,兒科氣氛溫暖,allow,,allow,,,
2025-09-20,南投縣,其他,衛生所,衛生所,公衛護士,公共衛生／衛生所,需要,BLS／ACLS 等急救,否，加分用,見紅休（週休二日＋國定假日）,純白班,是,低,無,40-45,合理範圍給,7,13,83,35,12,進修學分補助、國外研討會補助,3,機會多,3,主管支持度高,allow,,allow,,,
2025-09-20,屏東縣,居護所,安心 居家護理所,居家護理所,N2,居家護理,需要,無,不適用,排班制（輪班）,需輪小夜,是,低,無,45-50,主管判斷,2,8,89,37,13,年節獎金,4,普通,4,排班相對人性化,allow,,allow,,,
2025-09-20,桃園市,居護所,聖德 居家護理所,居家護理所,N2,居家護理,需要,無,不適用,排班制（輪班）,需輪三班,是,低,1-2 小時,40-45,合理範圍給,7,9,89,37,13,進修補助,5,機會多,4,主管支持度高,allow,,allow,,,
2025-09-20,桃園市,其他,面板廠醫護室,某面板廠醫護室,廠護,職護／廠護,需要,廠護／職業衛生護理,是，必備,見紅休（週休二日＋國定假日）,純白班,是,低,無,40-45,合理範圍給,1,2,102,43,15,年節獎金,4,機會多,4,,,,allow,,,
2025-09-19 18:15,宜蘭縣,居護所,聖德 居家護理所,居家護理所,個案管理師,居家護理,需要,長照相關證照,否，加分用,排班制（輪班）,需輪小夜,是,低,1-2 小時,40-45,合理範圍給,4,5,95,40,14,彈性工時,4,普通,3,訓練體系完整,allow,,allow,,,
2025-09-19 11:31,嘉義市,長照機構,長青 長照機構,長照機構,N2,長照機構／護理之家,需要,個案管理師,否，加分用,排班制（輪班）,需輪小夜,否,低,無,35-40,主管判斷,6,7,77,32,12,,4,普通,4,安寧團隊互相 support,allow,,,,,
2025-09-19,高雄市,護理之家,貝兒 月子中心,月子中心,N1,月子中心,需要,無,不適用,排班制（輪班）,需輪小夜,否,無,1 小時內,40-45,合理範圍給,8,8,74,31,11,員工餐廳伙食補助,3,普通,3,同事關係好,allow,,allow,,,
2025-09-19,南投縣,長照機構,幸福 長照機構,長照機構,N2,長照機構／護理之家,需要,長照相關證照,否，加分用,排班制（輪班）,純白班,否,低,1 小時內,40-45,合理範圍給,8,12,89,37,13,,4,普通,4,訓練體系完整,allow,,,,,
2025-09-19,基隆市,護理之家,貝兒 長照機構,護理之家,N3,長照機構／護理之家,需要,長照相關證照,否，加分用,排班制（輪班）,純白班,否,低,1 小時內,35-40,主管判斷,5,6,85,36,13,,3,難以升遷,2,新人零保護,allow,,,,,
2025-09-18,高雄市,其他,飯店醫護室,某飯店醫護室,N2,職護／廠護,不需要,廠護／職業衛生護理,否，加分用,見紅休（週休二日＋國定假日）,純白班,是,低,1-2 小時,40-45,一律給,2,2,91,38,14,員工旅遊補助,3,難以升遷,2,,,,allow,,,
2025-09-18,彰化縣,其他,中正國中,國中保健室,學校護理師,學校護理師,不需要,無,不適用,見紅休（週休二日＋國定假日）,純白班,否,低,無,35-40,合理範圍給,4,10,86,36,13,彈性工時,4,機會多,4,團隊互助強,allow,,allow,,,
2025-09-18,台南市,其他,科技廠醫護室,某科技廠醫護室,N3,職護／廠護,需要,廠護／職業衛生護理,否，加分用,見紅休（週休二日＋國定假日）,純白班,是,低,無,45-50,一律給,3,8,100,42,15,醫療費用員工優惠,4,普通,3,兒科氣氛溫暖,allow,,allow,,,
2025-09-18,新竹市,居護所,美樂蒂 居家護理所,居家護理所,個案管理師,居家護理,需要,長照相關證照,否，加分用,見紅休（週休二日＋國定假日）,純白班,是,無,無,35-40,合理範圍給,7,9,86,36,13,年節獎金,4,普通,3,訓練體系完整,allow,,allow,,,
2025-09-18,苗栗縣,長照機構,欣欣 長照機構,長照機構,督導,長照機構／護理之家,需要,個案管理師,否，加分用,排班制（輪班）,需輪小夜,否,無,1-2 小時,40-45,一律給,3,3,114,48,17,進修補助,5,機會多,5,,,,allow,,,
2025-09-17 13:23,桃園市,其他,中正高中,高中保健室,學校護理師,學校護理師,不需要,無,不適用,見紅休（週休二日＋國定假日）,純白班,否,中,1 小時內,40-45,一律給,6,11,70,30,11,年節獎金,4,普通,4,,,,allow,,,
2025-09-17,嘉義市,其他,中正國中,國中保健室,學校護理師,學校護理師,需要,無,不適用,見紅休（週休二日＋國定假日）,純白班,否,低,無,40-45,合理範圍給,1,1,80,34,12,年節獎金,5,普通,5,訓練體系完整,allow,,allow,,,
2025-09-17,南投縣,長照機構,欣欣 長照機構,長照機構,N1,長照機構／護理之家,需要,無,不適用,排班制（輪班）,需輪三班,否,低,1-2 小時,40-45,合理範圍給,6,11,81,34,12,彈性工時,4,普通,3,案件量大但有規矩,allow,,allow,,,
2025-09-17,彰化縣,居護所,愛心 居家護理所,居家護理所,N2,居家護理,需要,長照相關證照,否，加分用,排班制（輪班）,需輪小夜,是,低,1 小時內,40-45,合理範圍給,8,14,86,36,13,年節獎金,3,普通,2,,,,allow,,,
2025-09-16 20:57,基隆市,其他,科技廠醫護室,某科技廠醫護室,廠護,職護／廠護,需要,廠護／職業衛生護理,是，必備,見紅休（週休二日＋國定假日）,純白班,否,無,1-2 小時,45-50,一律給,4,7,91,38,14,年節獎金,5,機會多,4,訓練體系完整,allow,,allow,,,
2025-09-16,彰化縣,其他,科技廠醫護室,某科技廠醫護室,N3,職護／廠護,需要,廠護／職業衛生護理,否，加分用,見紅休（週休二日＋國定假日）,純白班,否,低,無,40-45,合理範圍給,4,9,86,36,13,彈性工時,4,機會多,3,薪資與制度都優,allow,,allow,,,
2025-09-16,新竹縣,其他,南港國中,國中保健室,學校護理師,學校護理師,不需要,無,不適用,見紅休（週休二日＋國定假日）,純白班,否,無,1-2 小時,35-40,合理範圍給,1,5,74,31,11,年節獎金,4,普通,3,安寧團隊互相 support,allow,,allow,,,
