timestamp,location,institutionType,institutionName,unitName,jobTitle,clinicType,clinicReason,clinicsPerNurse,weeklyPatients,shiftType,pShift,lunchBreak,clinicOvertimeWeekly,weeklyHours,overtimePolicy,patientComplaints,violenceRisk,yearsCurrent,yearsTotal,annualSalary,monthlyBase,annualBonus,specialBenefits,salaryGrowth,workAtmosphere,promotion,recommendIndex,comment,modComment,modCommentCode,modSpecialBenefits,modSpecialBenefitsCode,modOnCallPattern,modOnCallPatternCode
2025-11-15 10:22,雲林縣,地區醫院,長庚醫療財團法人雲林長庚紀念醫院,眼科門診,N1,專科,工時規律／少夜班,2 診,900-1200,早診＋午診,否（固定班表）,有，完整 1 小時,每週 1-2 次,45-50,一律給,偶爾,中,7,4,64,27,10,進修補助,有但幅度小,4,機會多,4,排班相對人性化,allow,,allow,,,
2025-11-15 08:02,高雄市,醫學中心,長庚醫療財團法人高雄長庚紀念醫院,心臟內科門診,N2,內科系,興趣／專長,2 診,300-600,輪班制,否（固定班表）,有，但常被中斷／縮短,幾乎不,40-45,合理範圍給,罕見,低,8,10,98,41,15,員工旅遊補助,幾乎不調,4,普通,3,氣氛輕鬆,allow,,allow,,,
2025-11-15,台北市,醫學中心,台灣基督長老教會馬偕醫療財團法人馬偕兒童醫院,健檢部,護理長,健檢中心,家庭因素,2 診,600-900,純早診（日班）,否（固定班表）,有，完整 1 小時,幾乎不,45-50,合理範圍給,罕見,低,6,8,128,54,19,年節獎金,有明確調薪制度,4,機會多,3,,,,allow,,,
2025-11-15,台南市,醫學中心,國立成功大學醫學院附設醫院,心臟外科門診,N1,外科系,工時規律／少夜班,2 診,600-900,輪班制,是（PRN，需要時才上班）,有，但常被中斷／縮短,每週 1-2 次,40-45,合理範圍給,偶爾,低,1,12,104,44,16,,幾乎不調,3,機會多,3,訓練體系完整,allow,,,,,
2025-11-15,嘉義市,區域醫院,天主教中華聖母修女會醫療財團法人天主教聖馬爾定醫,眼科門診,N1,專科,工時規律／少夜班,2 診,300-600,早診＋午診,否（固定班表）,無,每週 3-4 次,40-45,合理範圍給,經常,無,6,1,82,34,12,員工旅遊補助,有但幅度小,5,普通,4,兒科氣氛溫暖,allow,,allow,,,
2025-11-15,台中市,地區醫院,烏日澄清醫院,健康檢查中心,N1,健檢中心,家庭因素,3 診,300 以下,含夜診,否（固定班表）,有，但常被中斷／縮短,幾乎不,40-45,主管判斷,幾乎沒有,低,5,12,65,27,10,,有但幅度小,4,機會多,4,資深領班受重視,allow,,,,,
2025-11-15,桃園市,診所,GG 診所,小兒科門診,N4,專科,工時規律／少夜班,2 診,600-900,早診＋午診,否（固定班表）,有，但常被中斷／縮短,幾乎每診都逾時,40-45,主管判斷,經常,中,7,5,94,39,14,,幾乎不調,3,難以升遷,2,人力穩定但行政會議多,allow,,,,,
2025-11-15,花蓮縣,區域醫院,國軍花蓮總醫院附設民眾診療服務處,心臟內科門診,N2,內科系,家庭因素,1 診,300-600,純早診（日班）,否（固定班表）,有，但常被中斷／縮短,幾乎每診都逾時,40-45,主管判斷,經常,中,4,6,82,34,12,生日禮金、三節禮券,有明確調薪制度,3,機會多,3,專科很強值得待,allow,,allow,,,
2025-11-14 14:52,嘉義縣,診所,II 診所,心臟內科門診,N1,內科系,工時規律／少夜班,1 診,300-600,輪班制,是（PRN，需要時才上班）,有，但常被中斷／縮短,幾乎不,40-45,主管判斷,偶爾,無,4,8,57,24,9,進修補助,有但幅度小,5,機會多,5,同事關係好,allow,,allow,,,
2025-11-14,高雄市,醫學中心,長庚醫療財團法人高雄長庚紀念醫院,聯合門診中心,N1,聯合門診,工時規律／少夜班,1 診,300 以下,純早診（日班）,否（固定班表）,有，但常被中斷／縮短,每週 3-4 次,45-50,合理範圍給,偶爾,無,2,2,94,39,14,員工旅遊補助,有但幅度小,4,機會多,4,,,,allow,,,
2025-11-14,台北市,醫學中心,三軍總醫院附設民眾診療服務處及其汀州院區,內科門診中心,護理長,內科系,興趣／專長,1 診,600-900,早診＋午診,否（固定班表）,有，但常被中斷／縮短,每週 3-4 次,45-50,主管判斷,罕見,中,6,8,129,54,19,員工旅遊補助,有但幅度小,4,機會多,3,門診作息穩定,allow,,allow,,,
2025-11-13,新竹縣,診所,NN 診所,健檢部,N0,健檢中心,工時規律／少夜班,2 診,600-900,含夜診,否（固定班表）,無,幾乎不,40-45,合理範圍給,幾乎沒有,低,2,13,66,28,10,年節獎金,有明確調薪制度,5,普通,5,專科很強值得待,allow,,allow,,,
2025-11-13,台南市,診所,JJ 診所,耳鼻喉門診,N2,專科,工時規律／少夜班,1 診,600-900,純早診（日班）,否（固定班表）,有，完整 1 小時,幾乎每診都逾時,40-45,主管判斷,罕見,低,8,9,65,27,10,,有但幅度小,3,機會多,3,主管管太細,allow,,,,,
2025-11-12 23:03,台南市,區域醫院,奇美醫療財團法人柳營奇美醫院,心臟內科門診,護理長,內科系,興趣／專長,2 診,1200 以上,純早診（日班）,否（固定班表）,有，但常被中斷／縮短,每週 1-2 次,50-55,一律給,罕見,低,7,10,119,50,18,年節獎金,有明確調薪制度,3,機會多,3,主管支持度高,allow,,allow,,,
2025-11-12 17:10,高雄市,區域醫院,高雄市立大同醫院,健康檢查中心,N2,健檢中心,身體因素,1 診,1200 以上,純早診（日班）,否（固定班表）,有，完整 1 小時,每週 1-2 次,50-55,合理範圍給,幾乎沒有,低,6,2,83,35,12,員工旅遊補助,有但幅度小,4,普通,3,門診作息穩定,allow,,allow,,,
2025-11-12 15:40,台北市,醫學中心,長庚醫療財團法人台北長庚紀念醫院,腸胃內科門診,專科護理師,內科系,工時規律／少夜班,3 診,300 以下,輪班制,部分 PRN,有，但常被中斷／縮短,幾乎不,40-45,主管判斷,罕見,低,4,4,116,49,17,進修補助,不清楚,4,機會多,3,可學到很多技術,allow,,allow,,,
2025-11-12,彰化縣,醫學中心,彰化基督教醫療財團法人彰化基督教醫院,皮膚科門診,N1,專科,身體因素,2 診,300 以下,含夜診,否（固定班表）,有，但常被中斷／縮短,每週 1-2 次,40-45,合理範圍給,幾乎沒有,中,1,2,104,44,16,醫療費用員工優惠,幾乎不調,4,機會多,3,專科氣氛 OK,allow,,allow,,,
2025-11-11 22:39,台北市,地區醫院,郵政醫院（委託中英醫療社團法人經營）,內科診所,N1,內科系,家庭因素,3 診,600-900,純早診（日班）,否（固定班表）,無,每週 1-2 次,50-55,主管判斷,罕見,低,1,11,78,33,12,醫療費用員工優惠,有但幅度小,4,機會多,3,夜班輪轉公平,allow,,allow,,,
2025-11-11 20:55,桃園市,區域醫院,長庚醫療財團法人桃園長庚紀念醫院及其長青院區,腎臟內科門診,N0,內科系,興趣／專長,3 診,600-900,含夜診,是（PRN，需要時才上班）,有，完整 1 小時,幾乎不,45-50,合理範圍給,罕見,無,6,9,79,33,12,年節獎金,不清楚,4,機會多,4,同事關係好,allow,,allow,,,
2025-11-11 16:24,苗栗縣,區域醫院,為恭醫療財團法人為恭紀念醫院及其東興院區,內科門診,N3,內科系,工時規律／少夜班,2 診,600-900,純早診（日班）,否（固定班表）,有，但常被中斷／縮短,每週 1-2 次,40-45,主管判斷,經常,中,2,6,104,44,16,員工旅遊補助,有明確調薪制度,4,普通,4,,,,allow,,,
2025-11-11,新北市,醫學中心,衛生福利部雙和醫院(委託臺北醫學大學興建經營),內科門診中心,N1,內科系,興趣／專長,1 診,900-1200,輪班制,否（固定班表）,有，但常被中斷／縮短,每週 1-2 次,40-45,合理範圍給,幾乎沒有,低,1,6,101,42,15,托兒補助,有明確調薪制度,4,普通,3,專科很強值得待,allow,,allow,,,
2025-11-11,彰化縣,區域醫院,秀傳醫療社團法人秀傳紀念醫院,健康檢查中心,N2,健檢中心,工時規律／少夜班,2 診,900-1200,純早診（日班）,否（固定班表）,有，但常被中斷／縮短,每週 1-2 次,50-55,合理範圍給,罕見,低,5,6,96,40,14,進修補助,不清楚,4,普通,4,資深領班受重視,allow,,allow,,,
2025-11-11,高雄市,診所,MM 診所,小兒科門診,N2,專科,離職前緩衝,1 診,300-600,含夜診,否（固定班表）,有，完整 1 小時,每週 3-4 次,50-55,合理範圍給,偶爾,低,8,8,69,29,10,,幾乎不調,5,普通,5,同事關係好,allow,,,,,
2025-11-11,高雄市,地區醫院,新上琳醫院,心臟內科門診,N1,內科系,工時規律／少夜班,1 診,600-900,含夜診,部分 PRN,無,每週 1-2 次,45-50,一律給,經常,無,7,13,78,33,12,年節獎金,不清楚,4,機會多,3,新人訓練紮實,allow,,allow,,,
2025-11-10,台北市,區域醫院,臺北市立聯合醫院中興院區,皮膚科門診,專科護理師,專科,興趣／專長,1 診,600-900,純早診（日班）,部分 PRN,無,每週 1-2 次,40-45,一律給,偶爾,中,8,4,100,42,15,進修補助,有明確調薪制度,4,普通,3,可學到很多技術,allow,,allow,,,
2025-11-10,嘉義縣,診所,LL 診所,中醫診所,N3,專科,興趣／專長,1 診,600-900,純早診（日班）,否（固定班表）,有，但常被中斷／縮短,幾乎每診都逾時,40-45,主管判斷,幾乎沒有,無,2,12,84,35,13,員工旅遊補助,有但幅度小,3,難以升遷,2,加班頻率可接受,allow,,allow,,,
2025-11-10,屏東縣,區域醫院,衛生福利部屏東醫院,腸胃內科門診,N1,內科系,工時規律／少夜班,1 診,900-1200,含夜診,是（PRN，需要時才上班）,無,每週 1-2 次,50-55,合理範圍給,罕見,無,5,13,93,39,14,年節獎金,有但幅度小,4,機會多,3,團隊互助強,allow,,allow,,,
2025-11-09 22:46,台北市,區域醫院,三軍總醫院松山分院附設民眾診療服務處,中醫診所,N1,專科,家庭因素,1 診,600-900,早診＋午診,否（固定班表）,有，但常被中斷／縮短,每週 1-2 次,40-45,主管判斷,幾乎沒有,低,2,8,92,39,14,員工餐廳伙食補助,不清楚,4,機會多,4,案件多但學得快,allow,,allow,,,
2025-11-09 22:34,新竹縣,診所,II 診所,耳鼻喉門診,N2,專科,工時規律／少夜班,4 診以上,600-900,純早診（日班）,否（固定班表）,有，但常被中斷／縮短,幾乎不,40-45,合理範圍給,偶爾,無,2,5,73,31,11,員工餐廳伙食補助,有但幅度小,5,普通,4,我們單位缺人快來，加 LINE 問我，介紹有獎金。,block,廣告或招攬,allow,,,
2025-11-09,桃園市,區域醫院,天成醫療社團法人天晟醫院,內科門診中心,N4,內科系,工時規律／少夜班,4 診以上,1200 以上,純早診（日班）,否（固定班表）,有，完整 1 小時,每週 1-2 次,40-45,一律給,罕見,中,8,10,118,50,18,年度自強活動,幾乎不調,3,難以升遷,2,工時長到爆,allow,,allow,,,
2025-11-09,台南市,診所,GG 診所,眼科門診,專科護理師,專科,興趣／專長,1 診,600-900,輪班制,否（固定班表）,有，完整 1 小時,幾乎每診都逾時,40-45,主管判斷,偶爾,低,6,13,92,39,14,年節獎金,有但幅度小,4,普通,3,新人訓練紮實,allow,,allow,,,
2025-11-09,高雄市,醫學中心,長庚醫療財團法人高雄長庚紀念醫院,內科診所,專科護理師,內科系,興趣／專長,3 診,300-600,含夜診,否（固定班表）,有，但常被中斷／縮短,每週 1-2 次,40-45,一律給,經常,中,7,6,116,49,17,進修補助,有明確調薪制度,4,機會多,4,,,,allow,,,
2025-11-08 18:49,台南市,區域醫院,奇美醫療財團法人柳營奇美醫院,骨科門診,N2,外科系,工時規律／少夜班,3 診,600-900,早診＋午診,部分 PRN,有，但常被中斷／縮短,幾乎每診都逾時,45-50,一律給,罕見,低,1,13,90,38,14,,有但幅度小,2,難以升遷,1,新人零保護,allow,,,,,
2025-11-08 15:42,高雄市,地區醫院,霖園醫院,婦產科門診,N3,專科,工時規律／少夜班,3 診,300-600,純早診（日班）,部分 PRN,有，完整 1 小時,每週 1-2 次,40-45,合理範圍給,罕見,低,5,13,87,37,13,,有但幅度小,3,機會多,3,,,,,,,
2025-11-08 12:05,新北市,地區醫院,天主教耕莘醫療財團法人永和耕莘醫院,婦產科門診,N3,專科,工時規律／少夜班,2 診,300-600,純早診（日班）,是（PRN，需要時才上班）,有，但常被中斷／縮短,每週 1-2 次,45-50,一律給,罕見,低,6,2,92,39,14,年節獎金,有但幅度小,4,普通,4,,,,allow,,,
2025-11-08,台北市,區域醫院,振興醫療財團法人振興醫院,外科門診,N4,外科系,家庭因素,2 診,600-900,早診＋午診,否（固定班表）,有，但常被中斷／縮短,每週 1-2 次,45-50,合理範圍給,偶爾,低,6,9,114,48,17,進修補助,幾乎不調,4,機會多,4,專科很強值得待,allow,,allow,,,
2025-11-08,雲林縣,地區醫院,全生醫院,心臟內科門診,專科護理師,內科系,家庭因素,2 診,300-600,含夜診,否（固定班表）,無,幾乎不,40-45,合理範圍給,經常,無,3,1,98,41,15,員工旅遊補助,不清楚,4,普通,4,訓練體系完整,allow,,allow,,,
2025-11-08,台東縣,區域醫院,台灣基督長老教會馬偕醫療財團法人台東馬偕紀念醫院,婦產科門診,N2,專科,家庭因素,3 診,300 以下,純早診（日班）,否（固定班表）,有，完整 1 小時,每週 1-2 次,40-45,主管判斷,偶爾,低,2,2,91,38,14,,幾乎不調,5,普通,4,薪資與制度都優,allow,,,,,
2025-11-08,台北市,診所,MM 診所,內科門診中心,N1,內科系,離職前緩衝,2 診,600-900,早診＋午診,否（固定班表）,無,每週 1-2 次,40-45,合理範圍給,偶爾,無,2,7,62,26,9,,幾乎不調,3,機會多,3,同事關係好,allow,,,,,
2025-11-07 18:46,高雄市,診所,JJ 診所,小兒科門診,N4,專科,家庭因素,1 診,300-600,含夜診,否（固定班表）,有，但常被中斷／縮短,每週 1-2 次,50-55,主管判斷,偶爾,中,4,4,94,39,14,進修補助,有明確調薪制度,5,機會多,4,同事關係好,allow,,allow,,,
2025-11-07 15:36,雲林縣,診所,GG 診所,腎臟內科門診,N4,內科系,離職前緩衝,1 診,1200 以上,純早診（日班）,否（固定班表）,有，但常被中斷／縮短,幾乎不,40-45,合理範圍給,偶爾,低,8,6,88,37,13,員工健檢自費項目補助,有但幅度小,4,機會多,4,可學到很多技術,allow,,allow,,,
2025-11-07 12:07,台東縣,地區醫院,天主教花蓮教區醫療財團法人台東聖母醫院,皮膚診所,N2,專科,離職前緩衝,3 診,300 以下,含夜診,是（PRN，需要時才上班）,有，但常被中斷／縮短,每週 1-2 次,50-55,合理範圍給,罕見,低,5,11,80,34,12,年節獎金,有明確調薪制度,3,難以升遷,2,夜班暴力事件多,allow,,allow,,,
2025-11-07,基隆市,診所,HH 診所,內科診所,N2,內科系,工時規律／少夜班,4 診以上,300-600,早診＋午診,否（固定班表）,有，完整 1 小時,每週 1-2 次,40-45,合理範圍給,幾乎沒有,低,1,12,64,27,10,進修補助,不清楚,5,機會多,4,安寧團隊互相 support,allow,,allow,,,
2025-11-07,苗栗縣,區域醫院,衛生福利部苗栗醫院,耳鼻喉門診,N4,專科,家庭因素,1 診,600-900,含夜診,是（PRN，需要時才上班）,有，但常被中斷／縮短,幾乎每診都逾時,40-45,合理範圍給,罕見,無,6,3,116,49,17,員工旅遊補助,幾乎不調,4,機會多,3,同事關係好,allow,,allow,,,
2025-11-07,台南市,區域醫院,奇美醫療財團法人柳營奇美醫院,耳鼻喉門診,專科護理師,專科,離職前緩衝,4 診以上,600-900,輪班制,是（PRN，需要時才上班）,有，但常被中斷／縮短,幾乎每診都逾時,45-50,一律給,罕見,無,4,3,112,47,17,進修補助,幾乎不調,5,普通,4,主管支持度高,allow,,allow,,,
2025-11-07,新北市,地區醫院,蕭中正醫院,心臟內科門診,N2,內科系,離職前緩衝,2 診,300-600,純早診（日班）,部分 PRN,有，完整 1 小時,每週 3-4 次,40-45,合理範圍給,罕見,中,6,3,76,32,11,進修補助,有但幅度小,3,難以升遷,2,工時長但待遇可,allow,,allow,,,
2025-11-07,苗栗縣,地區醫院,梓榮醫療社團法人弘大醫院,耳鼻喉門診,N4,專科,離職前緩衝,1 診,900-1200,輪班制,是（PRN，需要時才上班）,有，但常被中斷／縮短,幾乎每診都逾時,45-50,一律給,幾乎沒有,低,1,13,107,45,16,員工旅遊補助,不清楚,4,普通,4,團隊互助強,allow,,allow,,,
2025-11-06 22:21,新北市,診所,JJ 診所,內科門診中心,N2,內科系,身體因素,1 診,600-900,純早診（日班）,否（固定班表）,有，完整 1 小時,幾乎每診都逾時,40-45,合理範圍給,幾乎沒有,低,7,9,67,28,10,進修補助,不清楚,3,難以升遷,2,leader 形同虛設,allow,,allow,,,
2025-11-06,高雄市,區域醫院,國軍左營總醫院附設民眾診療服務處,眼科門診,N3,專科,離職前緩衝,2 診,300 以下,早診＋午診,部分 PRN,有，但常被中斷／縮短,每週 1-2 次,40-45,合理範圍給,罕見,中,7,7,101,42,15,,有但幅度小,4,普通,3,兒科氣氛溫暖,allow,,,,,
2025-11-05 23:17,高雄市,醫學中心,財團法人私立高雄醫學大學附設中和紀念醫院,內科門診中心,副護理長,內科系,身體因素,1 診,1200 以上,含夜診,否（固定班表）,有，但常被中斷／縮短,每週 1-2 次,50-55,合理範圍給,經常,中,1,1,124,52,19,員工旅遊補助,有明確調薪制度,3,難以升遷,2,主管偏心嚴重,allow,,allow,,,
2025-11-05 22:27,高雄市,診所,NN 診所,腸胃內科門診,N2,內科系,離職前緩衝,4 診以上,900-1200,輪班制,否（固定班表）,有，但常被中斷／縮短,幾乎每診都逾時,40-45,主管判斷,幾乎沒有,中,4,13,70,29,11,,有明確調薪制度,3,普通,2,主管管太細,allow,,,,,
2025-11-05 18:48,新北市,醫學中心,台灣基督長老教會馬偕醫療財團法人淡水馬偕紀念醫院,外科門診,N2,外科系,身體因素,1 診,600-900,純早診（日班）,否（固定班表）,有，但常被中斷／縮短,幾乎每診都逾時,40-45,一律給,罕見,無,8,8,100,42,15,,有明確調薪制度,3,普通,3,,,,,,,
2025-11-05 09:01,苗栗縣,診所,MM 診所,牙科診所,N2,專科,興趣／專長,2 診,1200 以上,輪班制,否（固定班表）,無,每週 1-2 次,45-50,合理範圍給,罕見,中,1,7,75,32,11,年節獎金,有但幅度小,3,普通,3,可學到很多技術,allow,,allow,,,
2025-11-05,彰化縣,地區醫院,道周醫療社團法人道周醫院,中醫診所,N1,專科,工時規律／少夜班,1 診,300 以下,早診＋午診,是（PRN，需要時才上班）,無,幾乎不,40-45,主管判斷,罕見,低,7,7,64,27,10,員工旅遊補助,有明確調薪制度,4,機會多,4,安寧團隊互相 support,allow,,allow,,,
2025-11-05,高雄市,區域醫院,高雄市立大同醫院,內科診所,副護理長,內科系,家庭因素,4 診以上,600-900,純早診（日班）,部分 PRN,有，完整 1 小時,每週 1-2 次,40-45,合理範圍給,經常,中,7,13,105,44,16,年節獎金,有明確調薪制度,4,機會多,3,主管支持度高,allow,,allow,,,
2025-11-05,台中市,醫學中心,中國醫藥大學附設醫院,外科門診,N2,外科系,離職前緩衝,3 診,300 以下,早診＋午診,部分 PRN,有，但常被中斷／縮短,幾乎不,40-45,合理範圍給,罕見,中,3,4,99,42,15,進修補助,有但幅度小,3,機會多,3,夜班輪轉公平,allow,,allow,,,
2025-11-05,屏東縣,區域醫院,寶建醫療社團法人寶建醫院,心臟內科門診,N2,內科系,身體因素,2 診,1200 以上,輪班制,部分 PRN,有，但常被中斷／縮短,每週 1-2 次,45-50,主管判斷,幾乎沒有,中,3,11,94,39,14,進修補助,不清楚,3,普通,3,加班頻率可接受,allow,,allow,,,
2025-11-05,南投縣,診所,GG 診所,腎臟內科門診,N0,內科系,興趣／專長,3 診,1200 以上,純早診（日班）,部分 PRN,有，但常被中斷／縮短,每週 3-4 次,40-45,主管判斷,罕見,中,5,1,57,24,9,年節獎金,有但幅度小,4,普通,4,安寧團隊互相 support,allow,,allow,,,
2025-11-04,台中市,診所,II 診所,健康檢查中心,N3,健檢中心,家庭因素,3 診,600-900,含夜診,否（固定班表）,有，但常被中斷／縮短,每週 1-2 次,45-50,合理範圍給,罕見,中,4,2,85,36,13,,有但幅度小,4,機會多,3,,,,,,,
2025-11-04,台東縣,地區醫院,佛教慈濟醫療財團法人關山慈濟醫院,皮膚診所,N3,專科,興趣／專長,2 診,300 以下,純早診（日班）,否（固定班表）,有，但常被中斷／縮短,幾乎不,45-50,合理範圍給,偶爾,中,3,4,85,36,13,,有明確調薪制度,4,普通,3,兒科氣氛溫暖,allow,,,,,
2025-11-04,新北市,區域醫院,新北市立土城醫院(委託長庚醫療財團法人興建經營),外科門診,N2,外科系,家庭因素,3 診,1200 以上,輪班制,否（固定班表）,有，完整 1 小時,幾乎每診都逾時,40-45,一律給,罕見,低,8,12,88,37,13,進修補助,幾乎不調,5,普通,4,主管支持度高,allow,,allow,,,
2025-11-04,台中市,區域醫院,澄清綜合醫院中港分院,健檢部,N3,健檢中心,興趣／專長,2 診,600-900,輪班制,是（PRN，需要時才上班）,無,每週 1-2 次,50-55,主管判斷,幾乎沒有,無,5,12,108,45,16,進修補助,幾乎不調,4,機會多,4,,,,allow,,,
2025-11-04,南投縣,區域醫院,衛生福利部南投醫院及其中興院區,內科門診,副護理長,內科系,興趣／專長,2 診,300 以下,純早診（日班）,否（固定班表）,有，但常被中斷／縮短,幾乎不,40-45,合理範圍給,罕見,低,5,6,115,48,17,員工旅遊補助,有但幅度小,4,普通,4,薪資與制度都優,allow,,allow,,,
2025-11-04,桃園市,區域醫院,衛生福利部桃園醫院,健康檢查中心,護理長,健檢中心,離職前緩衝,2 診,300-600,輪班制,否（固定班表）,有，完整 1 小時,幾乎每診都逾時,45-50,合理範圍給,幾乎沒有,低,7,12,112,47,17,進修補助,有但幅度小,5,機會多,5,可學到很多技術,allow,,allow,,,
2025-11-04,高雄市,區域醫院,國軍高雄總醫院附設民眾診療服務處,牙科診所,N2,專科,離職前緩衝,2 診,300 以下,輪班制,否（固定班表）,有，但常被中斷／縮短,幾乎每診都逾時,40-45,合理範圍給,經常,中,5,10,85,36,13,年節獎金,有明確調薪制度,5,機會多,4,專科很強值得待,allow,,allow,,,
2025-11-03,桃園市,區域醫院,天成醫療社團法人天晟醫院,健檢部,N1,健檢中心,興趣／專長,1 診,900-1200,純早診（日班）,是（PRN，需要時才上班）,有，但常被中斷／縮短,每週 1-2 次,45-50,合理範圍給,經常,中,2,8,85,36,13,年度自強活動,幾乎不調,4,機會多,4,專科很強值得待,allow,,allow,,,
2025-11-03,高雄市,地區醫院,高新醫院,健檢部,N4,健檢中心,工時規律／少夜班,1 診,300 以下,輪班制,否（固定班表）,有，完整 1 小時,每週 1-2 次,40-45,主管判斷,偶爾,無,3,8,94,39,14,進修補助,不清楚,4,機會多,3,夜班輪轉公平,allow,,allow,,,
2025-11-02 13:21,台北市,醫學中心,三軍總醫院附設民眾診療服務處及其汀州院區,健檢部,護理長,健檢中心,興趣／專長,1 診,300 以下,輪班制,否（固定班表）,無,每週 1-2 次,45-50,一律給,經常,低,1,10,136,57,20,年度自強活動,有明確調薪制度,4,普通,3,團隊互助強,allow,,allow,,,
2025-11-02 12:49,新北市,診所,JJ 診所,內科門診,副護理長,內科系,工時規律／少夜班,1 診,1200 以上,純早診（日班）,否（固定班表）,有，但常被中斷／縮短,幾乎不,45-50,合理範圍給,罕見,低,2,9,83,35,12,,有明確調薪制度,3,機會多,3,人力穩定但行政會議多,allow,,,,,
2025-11-02,高雄市,醫學中心,義大醫療財團法人義大醫院,外科門診,N2,外科系,興趣／專長,2 診,300-600,純早診（日班）,部分 PRN,無,每週 3-4 次,40-45,主管判斷,偶爾,無,1,7,111,47,17,年節獎金,有但幅度小,4,普通,3,訓練體系完整,allow,,allow,,,
2025-11-01 17:55,新北市,區域醫院,衛生福利部臺北醫院,腸胃內科門診,N1,內科系,興趣／專長,3 診,300-600,含夜診,否（固定班表）,有，完整 1 小時,每週 3-4 次,50-55,主管判斷,罕見,低,8,5,88,37,13,進修學分補助、國外研討會補助,幾乎不調,3,難以升遷,2,主管管太細,allow,,allow,,,
2025-11-01 17:30,台中市,地區醫院,國軍臺中總醫院中清分院附設民眾診療服務處,聯合門診中心,護理長,聯合門診,身體因素,3 診,1200 以上,純早診（日班）,部分 PRN,有，但常被中斷／縮短,幾乎每診都逾時,40-45,合理範圍給,經常,低,2,11,113,47,17,進修補助,有但幅度小,4,普通,3,門診作息穩定,allow,,allow,,,
2025-11-01 13:38,南投縣,診所,GG 診所,小兒科門診,N1,專科,工時規律／少夜班,2 診,600-900,輪班制,否（固定班表）,有，完整 1 小時,每週 1-2 次,40-45,主管判斷,偶爾,低,5,5,69,29,10,,有但幅度小,3,難以升遷,1,工時長到爆,allow,,,,,
2025-11-01 12:27,台北市,區域醫院,臺北醫學大學附設醫院,腸胃內科門診,N3,內科系,工時規律／少夜班,1 診,600-900,含夜診,是（PRN，需要時才上班）,有，但常被中斷／縮短,幾乎每診都逾時,40-45,合理範圍給,幾乎沒有,無,1,12,93,39,14,員工旅遊補助,有明確調薪制度,4,機會多,4,可學到很多技術,allow,,allow,,,
2025-10-31,台中市,地區醫院,定國骨科醫院,小兒科門診,N2,專科,工時規律／少夜班,4 診以上,300 以下,含夜診,否（固定班表）,有，但常被中斷／縮短,每週 3-4 次,40-45,一律給,幾乎沒有,無,5,5,81,34,12,員工旅遊補助,有但幅度小,5,機會多,5,安寧團隊互相 support,allow,,allow,,,
2025-10-31,高雄市,診所,HH 診所,健檢部,N4,健檢中心,身體因素,3 診,300-600,純早診（日班）,否（固定班表）,有，但常被中斷／縮短,幾乎每診都逾時,40-45,合理範圍給,罕見,無,5,7,96,40,14,員工旅遊補助,有但幅度小,4,普通,4,排班相對人性化,allow,,allow,,,
2025-10-31,台北市,醫學中心,臺北榮民總醫院,聯合門診中心,護理長,聯合門診,興趣／專長,1 診,600-900,純早診（日班）,是（PRN，需要時才上班）,無,幾乎不,45-50,一律給,罕見,低,3,11,127,53,19,進修補助,幾乎不調,3,機會多,3,中部醫院 case 量適中,allow,,allow,,,
2025-10-30 20:17,台北市,區域醫院,基督復臨安息日會醫療財團法人臺安醫院,內科診所,N3,內科系,離職前緩衝,1 診,300-600,輪班制,是（PRN，需要時才上班）,有，但常被中斷／縮短,每週 1-2 次,50-55,合理範圍給,罕見,低,2,4,98,41,15,年節獎金,有但幅度小,3,機會多,3,,,,allow,,,
2025-10-30 13:10,嘉義市,診所,HH 診所,內科診所,N0,內科系,興趣／專長,1 診,600-900,純早診（日班）,是（PRN，需要時才上班）,有，但常被中斷／縮短,每週 1-2 次,50-55,合理範圍給,罕見,中,8,12,56,24,8,員工旅遊補助,有但幅度小,5,普通,4,訓練體系完整,allow,,allow,,,
2025-10-30,台北市,地區醫院,宏恩醫療財團法人宏恩綜合醫院,皮膚診所,N3,專科,家庭因素,3 診,600-900,早診＋午診,否（固定班表）,有，但常被中斷／縮短,幾乎不,40-45,一律給,幾乎沒有,無,6,9,86,36,13,年節獎金,有但幅度小,4,普通,4,資深領班受重視,allow,,allow,,,
2025-10-30,苗栗縣,區域醫院,衛生福利部苗栗醫院,中醫診所,N1,專科,工時規律／少夜班,2 診,300 以下,純早診（日班）,否（固定班表）,無,每週 3-4 次,40-45,合理範圍給,罕見,低,3,13,82,34,12,員工旅遊補助,有明確調薪制度,4,普通,5,可學到很多技術,allow,,allow,,,
2025-10-30,新北市,區域醫院,衛生福利部臺北醫院,耳鼻喉門診,N4,專科,工時規律／少夜班,2 診,900-1200,早診＋午診,是（PRN，需要時才上班）,無,幾乎每診都逾時,45-50,主管判斷,幾乎沒有,低,6,11,119,50,18,年節獎金,有但幅度小,3,普通,2,工時長到爆,allow,,allow,,,
2025-10-30,台北市,區域醫院,臺北市立聯合醫院陽明院區,眼科門診,N2,專科,興趣／專長,1 診,600-900,純早診（日班）,否（固定班表）,有，完整 1 小時,幾乎每診都逾時,40-45,合理範圍給,罕見,無,8,11,83,35,12,進修補助,有但幅度小,4,普通,4,兒科氣氛溫暖,allow,,allow,,,
2025-10-29 16:11,桃園市,醫學中心,長庚醫療財團法人林口長庚紀念醫院,皮膚診所,N2,專科,工時規律／少夜班,3 診,1200 以上,純早診（日班）,是（PRN，需要時才上班）,有，但常被中斷／縮短,每週 1-2 次,40-45,一律給,罕見,低,7,4,109,46,16,進修補助,有明確調薪制度,5,機會多,4,安寧團隊互相 support,allow,,allow,,,
2025-10-29 14:45,台北市,區域醫院,醫療財團法人辜公亮基金會和信治癌中心醫院,內科門診,護理長,內科系,離職前緩衝,2 診,600-900,輪班制,是（PRN，需要時才上班）,有，但常被中斷／縮短,每週 1-2 次,40-45,合理範圍給,幾乎沒有,無,1,12,127,53,19,托兒補助,幾乎不調,4,普通,3,訓練體系完整,allow,,allow,,,
2025-10-29 14:43,台北市,醫學中心,台灣基督長老教會馬偕醫療財團法人馬偕兒童醫院,耳鼻喉門診,護理長,專科,離職前緩衝,2 診,600-900,含夜診,否（固定班表）,無,每週 1-2 次,40-45,主管判斷,罕見,中,3,11,131,55,20,員工健檢自費項目補助,有但幅度小,3,普通,3,,,,allow,,,
2025-10-29,新北市,區域醫院,輔仁大學學校財團法人輔仁大學附設醫院,婦產科門診,N1,專科,工時規律／少夜班,1 診,1200 以上,純早診（日班）,否（固定班表）,無,每週 3-4 次,40-45,一律給,偶爾,中,6,3,91,38,14,員工旅遊補助,有但幅度小,5,普通,4,兒科氣氛溫暖,allow,,allow,,,
2025-10-29,宜蘭縣,區域醫院,國立陽明交通大學附設醫院及其新民院區,健康檢查中心,N0,健檢中心,工時規律／少夜班,2 診,600-900,輪班制,否（固定班表）,有，但常被中斷／縮短,幾乎不,40-45,合理範圍給,偶爾,無,4,1,85,36,13,員工健檢自費項目補助,有但幅度小,4,機會多,3,訓練體系完整,allow,,allow,,,
2025-10-29,台北市,診所,II 診所,心臟外科門診,N4,外科系,工時規律／少夜班,1 診,900-1200,純早診（日班）,部分 PRN,有，但常被中斷／縮短,每週 3-4 次,40-45,合理範圍給,罕見,低,5,1,98,41,15,進修補助,不清楚,4,機會多,3,訓練體系完整,allow,,allow,,,
2025-10-29,台中市,區域醫院,仁愛醫療財團法人大里仁愛醫院,心臟內科門診,N1,內科系,身體因素,1 診,600-900,含夜診,部分 PRN,無,幾乎不,40-45,一律給,幾乎沒有,無,7,1,78,33,12,,有但幅度小,3,普通,2,leader 形同虛設,allow,,,,,
2025-10-29,台南市,區域醫院,奇美醫療財團法人柳營奇美醫院,健檢部,專科護理師,健檢中心,工時規律／少夜班,2 診,300-600,純早診（日班）,否（固定班表）,有，但常被中斷／縮短,幾乎每診都逾時,40-45,合理範圍給,罕見,無,8,3,99,42,15,年節獎金,不清楚,4,機會多,3,新人訓練紮實,allow,,allow,,,
2025-10-28 23:57,台北市,區域醫院,基督復臨安息日會醫療財團法人臺安醫院,健康檢查中心,護理長,健檢中心,工時規律／少夜班,2 診,600-900,純早診（日班）,否（固定班表）,有，但常被中斷／縮短,幾乎每診都逾時,40-45,一律給,偶爾,無,7,10,114,48,17,醫療費用員工優惠,有明確調薪制度,4,普通,4,安寧團隊互相 support,allow,,allow,,,
2025-10-28 09:34,台南市,區域醫院,臺南市立安南醫院-委託中國醫藥大學興建經營,健康檢查中心,N2,健檢中心,離職前緩衝,1 診,1200 以上,純早診（日班）,是（PRN，需要時才上班）,有，完整 1 小時,每週 1-2 次,40-45,主管判斷,罕見,低,1,12,82,34,12,進修補助,不清楚,4,機會多,3,專科很強值得待,allow,,allow,,,
2025-10-28,台中市,地區醫院,勝美醫院,皮膚科門診,N3,專科,離職前緩衝,1 診,1200 以上,含夜診,否（固定班表）,無,幾乎不,40-45,合理範圍給,偶爾,中,7,7,88,37,13,,有明確調薪制度,4,普通,3,訓練體系完整,allow,,,,,
2025-10-28,苗栗縣,診所,NN 診所,健康檢查中心,N3,健檢中心,興趣／專長,1 診,300 以下,含夜診,是（PRN，需要時才上班）,有，完整 1 小時,每週 1-2 次,45-50,一律給,幾乎沒有,低,1,1,85,36,13,員工旅遊補助,有但幅度小,3,難以升遷,2,被當打雜,allow,,allow,,,
2025-10-28,台北市,區域醫院,臺北市立聯合醫院中興院區,腎臟內科門診,N4,內科系,家庭因素,4 診以上,600-900,輪班制,是（PRN，需要時才上班）,有，但常被中斷／縮短,每週 3-4 次,40-45,一律給,罕見,中,1,10,111,47,17,進修補助,有但幅度小,4,普通,3,可學到很多技術,allow,,allow,,,
2025-10-28,新竹縣,診所,II 診所,健檢部,N0,健檢中心,工時規律／少夜班,3 診,300-600,純早診（日班）,部分 PRN,有，但常被中斷／縮短,每週 3-4 次,50-55,合理範圍給,幾乎沒有,低,2,6,63,26,9,年節獎金,幾乎不調,3,普通,3,團隊互助強,allow,,allow,,,
2025-10-28,雲林縣,地區醫院,全生醫院,骨科門診,N4,外科系,家庭因素,2 診,600-900,早診＋午診,否（固定班表）,無,每週 1-2 次,40-45,合理範圍給,偶爾,低,2,7,107,45,16,年節獎金,有但幅度小,3,難以升遷,2,加班沒給,allow,,allow,,,
2025-10-28,新北市,醫學中心,佛教慈濟醫療財團法人台北慈濟醫院,小兒科門診,N1,專科,家庭因素,1 診,300 以下,早診＋午診,是（PRN，需要時才上班）,有，但常被中斷／縮短,每週 3-4 次,40-45,合理範圍給,經常,中,3,9,105,44,16,年節獎金,不清楚,4,機會多,3,安寧團隊互相 support,allow,,allow,,,
2025-10-28,南投縣,區域醫院,埔基醫療財團法人埔里基督教醫院,內科門診中心,N1,內科系,工時規律／少夜班,3 診,600-900,純早診（日班）,否（固定班表）,有，但常被中斷／縮短,幾乎每診都逾時,40-45,一律給,幾乎沒有,無,1,7,83,35,12,,有但幅度小,4,普通,4,訓練體系完整,allow,,,,,
2025-10-28,桃園市,區域醫院,聯新國際醫院,健檢部,N2,健檢中心,興趣／專長,2 診,600-900,含夜診,是（PRN，需要時才上班）,無,每週 1-2 次,50-55,主管判斷,偶爾,中,8,12,95,40,14,進修補助,有但幅度小,5,機會多,4,氣氛輕鬆,allow,,allow,,,
2025-10-28,台北市,區域醫院,三軍總醫院松山分院附設民眾診療服務處,心臟外科門診,副護理長,外科系,工時規律／少夜班,2 診,1200 以上,含夜診,部分 PRN,有，但常被中斷／縮短,每週 3-4 次,50-55,主管判斷,幾乎沒有,無,8,1,107,45,16,年節獎金,有但幅度小,5,機會多,4,上次那個 32 床肝癌末期的阿伯家屬一直來吵，護理師被罵到哭。,block,病人個案資訊,allow,,,
2025-10-26 12:30,彰化縣,診所,MM 診所,腸胃內科門診,N1,內科系,家庭因素,1 診,900-1200,含夜診,否（固定班表）,無,幾乎每診都逾時,50-55,合理範圍給,經常,中,5,11,58,24,9,進修補助,有明確調薪制度,3,機會多,3,兒科氣氛溫暖,allow,,allow,,,
2025-10-26,台中市,區域醫院,澄清綜合醫院中港分院,健康檢查中心,N1,健檢中心,身體因素,1 診,600-900,早診＋午診,否（固定班表）,有，但常被中斷／縮短,幾乎不,40-45,一律給,經常,低,1,13,83,35,12,進修補助,有但幅度小,4,機會多,4,薪資與制度都優,allow,,allow,,,
2025-10-26,台北市,醫學中心,國泰醫療財團法人國泰綜合醫院,眼科門診,N1,專科,工時規律／少夜班,2 診,300 以下,純早診（日班）,否（固定班表）,有，完整 1 小時,每週 1-2 次,40-45,一律給,偶爾,無,8,2,101,42,15,,不清楚,4,普通,5,主管支持度高,allow,,,,,
2025-10-26,台中市,醫學中心,中國醫藥大學兒童醫院,內科門診,N1,內科系,離職前緩衝,1 診,600-900,輪班制,是（PRN，需要時才上班）,有，但常被中斷／縮短,每週 1-2 次,40-45,主管判斷,罕見,中,4,2,101,42,15,員工旅遊補助,有但幅度小,4,機會多,3,氣氛輕鬆,allow,,allow,,,
2025-10-25 11:38,新北市,地區醫院,板橋國泰醫院,外科門診,專科護理師,外科系,興趣／專長,4 診以上,900-1200,純早診（日班）,是（PRN，需要時才上班）,有，但常被中斷／縮短,每週 1-2 次,45-50,合理範圍給,罕見,中,3,4,84,35,13,生日禮金、三節禮券,不清楚,4,機會多,4,,,,allow,,,
2025-10-25,高雄市,區域醫院,阮綜合醫療社團法人阮綜合醫院,皮膚科門診,專科護理師,專科,身體因素,1 診,600-900,早診＋午診,是（PRN，需要時才上班）,有，但常被中斷／縮短,幾乎每診都逾時,45-50,主管判斷,幾乎沒有,低,7,4,98,41,15,員工旅遊補助,不清楚,4,機會多,4,資深領班受重視,allow,,allow,,,
2025-10-25,台東縣,區域醫院,台灣基督長老教會馬偕醫療財團法人台東馬偕紀念醫院,心臟外科門診,副護理長,外科系,興趣／專長,1 診,300 以下,純早診（日班）,是（PRN，需要時才上班）,有，但常被中斷／縮短,每週 1-2 次,40-45,一律給,經常,低,7,11,110,46,17,年節獎金,幾乎不調,5,機會多,5,安寧團隊互相 support,allow,,allow,,,
2025-10-25,台中市,區域醫院,澄清綜合醫院,外科門診,N1,外科系,工時規律／少夜班,2 診,600-900,純早診（日班）,否（固定班表）,有，但常被中斷／縮短,每週 3-4 次,50-55,主管判斷,經常,中,6,7,79,33,12,進修補助,幾乎不調,3,普通,3,案件多但學得快,allow,,allow,,,
2025-10-25,高雄市,診所,MM 診所,皮膚科門診,N4,專科,家庭因素,2 診,300 以下,早診＋午診,是（PRN，需要時才上班）,有，但常被中斷／縮短,每週 3-4 次,45-50,一律給,經常,無,6,2,89,37,13,,不清楚,3,機會多,3,薪資與制度都優,allow,,,,,
2025-10-25,花蓮縣,地區醫院,衛生福利部玉里醫院,健檢部,N1,健檢中心,離職前緩衝,4 診以上,600-900,輪班制,否（固定班表）,有，完整 1 小時,每週 3-4 次,40-45,合理範圍給,罕見,低,5,8,78,33,12,員工旅遊補助,不清楚,3,難以升遷,2,,,,allow,,,
2025-10-25,新竹市,醫學中心,國立臺灣大學醫學院附設醫院新竹臺大分院新竹醫院,小兒科門診,副護理長,專科,家庭因素,1 診,300-600,早診＋午診,否（固定班表）,有，完整 1 小時,每週 1-2 次,40-45,一律給,經常,中,1,3,126,53,19,年節獎金,有明確調薪制度,4,機會多,4,訓練體系完整,allow,,allow,,,
2025-10-24 22:29,雲林縣,診所,MM 診所,骨科門診,副護理長,外科系,工時規律／少夜班,2 診,600-900,含夜診,否（固定班表）,無,每週 1-2 次,45-50,一律給,罕見,低,2,4,93,39,14,,不清楚,4,機會多,4,主管支持度高,allow,,,,,
2025-10-24 14:47,高雄市,診所,JJ 診所,小兒科門診,副護理長,專科,離職前緩衝,2 診,600-900,純早診（日班）,否（固定班表）,有，完整 1 小時,每週 1-2 次,40-45,主管判斷,罕見,中,3,7,82,34,12,,不清楚,4,普通,4,訓練體系完整,allow,,,,,
2025-10-24 08:25,嘉義市,診所,MM 診所,皮膚科門診,N2,專科,離職前緩衝,1 診,600-900,純早診（日班）,否（固定班表）,有，但常被中斷／縮短,每週 1-2 次,45-50,合理範圍給,偶爾,中,5,7,71,30,11,員工旅遊補助,幾乎不調,4,機會多,4,排班相對人性化,allow,,allow,,,
2025-10-24,新北市,區域醫院,衛生福利部臺北醫院,外科門診,N4,外科系,離職前緩衝,4 診以上,600-900,早診＋午診,否（固定班表）,有，完整 1 小時,幾乎不,40-45,一律給,偶爾,低,7,11,113,47,17,進修補助,幾乎不調,4,機會多,4,安寧團隊互相 support,allow,,allow,,,
2025-10-23 18:01,台北市,診所,KK 診所,皮膚診所,副護理長,專科,離職前緩衝,4 診以上,1200 以上,純早診（日班）,否（固定班表）,無,每週 3-4 次,40-45,合理範圍給,罕見,低,7,9,88,37,13,生日禮金、三節禮券,有明確調薪制度,4,普通,3,新人訓練紮實,allow,,allow,,,
2025-10-23 13:41,高雄市,區域醫院,高雄市立小港醫院（委託財團法人私立高雄醫學大學經營）,眼科門診,副護理長,專科,身體因素,1 診,600-900,純早診（日班）,部分 PRN,無,幾乎每診都逾時,50-55,合理範圍給,罕見,中,1,8,104,44,16,員工旅遊補助,有但幅度小,4,機會多,3,團隊互助強,allow,,allow,,,
2025-10-23 07:00,高雄市,醫學中心,財團法人私立高雄醫學大學附設中和紀念醫院,小兒科門診,專科護理師,專科,工時規律／少夜班,2 診,600-900,含夜診,否（固定班表）,有，但常被中斷／縮短,幾乎每診都逾時,40-45,一律給,經常,低,2,10,123,52,18,進修補助,有但幅度小,4,機會多,4,排班相對人性化,allow,,allow,,,
2025-10-22 19:51,台北市,地區醫院,國立臺灣大學醫學院附設醫院北護分院,骨科門診,N2,外科系,離職前緩衝,1 診,300-600,純早診（日班）,否（固定班表）,有，但常被中斷／縮短,每週 1-2 次,40-45,合理範圍給,幾乎沒有,中,2,5,69,29,10,進修補助,有但幅度小,4,機會多,4,兒科氣氛溫暖,allow,,allow,,,
2025-10-22 17:45,新竹縣,診所,GG 診所,內科門診,N2,內科系,離職前緩衝,3 診,300-600,純早診（日班）,部分 PRN,無,每週 1-2 次,50-55,一律給,罕見,低,5,5,78,33,12,生日禮金、三節禮券,幾乎不調,4,機會多,4,主管支持度高,allow,,allow,,,
2025-10-22,台中市,區域醫院,李綜合醫療社團法人大甲李綜合醫院,健康檢查中心,N3,健檢中心,家庭因素,2 診,600-900,輪班制,否（固定班表）,無,每週 3-4 次,40-45,合理範圍給,經常,低,1,4,103,43,15,員工餐廳伙食補助,有但幅度小,4,普通,3,新人訓練紮實,allow,,allow,,,
2025-10-22,新竹市,區域醫院,新竹市立馬偕兒童醫院(委託台灣基督長老教會馬偕醫療財團法人興建經營),骨科門診,專科護理師,外科系,身體因素,1 診,900-1200,早診＋午診,否（固定班表）,有，但常被中斷／縮短,每週 3-4 次,40-45,合理範圍給,罕見,低,3,9,107,45,16,,幾乎不調,4,機會多,4,兒科氣氛溫暖,allow,,,,,
2025-10-21,桃園市,醫學中心,長庚醫療財團法人林口長庚紀念醫院,中醫診所,N1,專科,工時規律／少夜班,1 診,900-1200,輪班制,是（PRN，需要時才上班）,有，完整 1 小時,每週 3-4 次,40-45,主管判斷,經常,中,7,2,102,43,15,員工旅遊補助,不清楚,2,難以升遷,1,,,,allow,,,
2025-10-21,桃園市,區域醫院,天成醫療社團法人天晟醫院,眼科門診,N1,專科,身體因素,2 診,900-1200,純早診（日班）,部分 PRN,有，完整 1 小時,每週 1-2 次,40-45,合理範圍給,經常,低,7,13,85,36,13,年節獎金,幾乎不調,5,機會多,4,資深領班受重視,allow,,allow,,,
2025-10-21,屏東縣,診所,LL 診所,腎臟內科門診,N3,內科系,工時規律／少夜班,2 診,600-900,輪班制,否（固定班表）,有，但常被中斷／縮短,每週 3-4 次,45-50,主管判斷,罕見,中,2,9,87,37,13,進修補助,幾乎不調,4,機會多,4,訓練體系完整,allow,,allow,,,
2025-10-21,雲林縣,地區醫院,諸元內科醫院,聯合門診中心,N3,聯合門診,工時規律／少夜班,1 診,600-900,輪班制,否（固定班表）,有，完整 1 小時,幾乎每診都逾時,40-45,合理範圍給,幾乎沒有,低,5,6,88,37,13,,不清楚,3,機會多,3,可學到很多技術,allow,,,,,
2025-10-21,台中市,地區醫院,國軍臺中總醫院中清分院附設民眾診療服務處,聯合門診中心,N4,聯合門診,身體因素,1 診,600-900,含夜診,否（固定班表）,有，完整 1 小時,幾乎不,45-50,合理範圍給,幾乎沒有,低,2,4,102,43,15,進修補助,有但幅度小,4,機會多,4,排班相對人性化,allow,,allow,,,
2025-10-20,新竹市,醫學中心,國立臺灣大學醫學院附設醫院新竹臺大分院新竹醫院,腎臟內科門診,N1,內科系,離職前緩衝,3 診,900-1200,純早診（日班）,部分 PRN,有，但常被中斷／縮短,幾乎不,50-55,一律給,罕見,無,6,13,99,42,15,年節獎金,幾乎不調,3,難以升遷,2,新人訓練紮實,allow,,allow,,,
2025-10-20,桃園市,地區醫院,怡仁綜合醫院,內科門診,N1,內科系,身體因素,2 診,900-1200,早診＋午診,部分 PRN,有，但常被中斷／縮短,幾乎不,45-50,合理範圍給,偶爾,無,5,1,66,28,10,員工旅遊補助,不清楚,4,機會多,3,同事關係好,allow,,allow,,,
2025-10-20,台北市,醫學中心,國立臺灣大學醫學院附設醫院兒童醫院,腎臟內科門診,N1,內科系,工時規律／少夜班,1 診,1200 以上,純早診（日班）,否（固定班表）,有，完整 1 小時,幾乎每診都逾時,45-50,合理範圍給,罕見,無,3,11,104,44,16,進修補助,幾乎不調,4,機會多,4,同事關係好,allow,,allow,,,
2025-10-19 21:15,台中市,地區醫院,長安醫院,耳鼻喉門診,N3,專科,離職前緩衝,2 診,900-1200,含夜診,部分 PRN,有，但常被中斷／縮短,每週 3-4 次,45-50,主管判斷,偶爾,低,1,11,77,32,12,年度自強活動,有但幅度小,3,難以升遷,2,新人零保護,allow,,allow,,,
2025-10-19 16:21,台北市,醫學中心,國立台灣大學醫學院附設醫院,聯合門診中心,N1,聯合門診,身體因素,2 診,300-600,早診＋午診,部分 PRN,有，但常被中斷／縮短,每週 1-2 次,45-50,合理範圍給,偶爾,低,1,5,98,41,15,進修補助,有但幅度小,3,普通,2,可學到很多技術,allow,,allow,,,
2025-10-19 07:54,桃園市,區域醫院,沙爾德聖保祿修女會醫療財團法人聖保祿醫院,內科門診,N2,內科系,興趣／專長,2 診,300 以下,早診＋午診,否（固定班表）,無,每週 1-2 次,40-45,一律給,偶爾,低,1,12,92,39,14,員工旅遊補助,不清楚,5,普通,4,專科很強值得待,allow,,allow,,,
2025-10-19,花蓮縣,診所,II 診所,聯合門診中心,N1,聯合門診,工時規律／少夜班,1 診,600-900,早診＋午診,是（PRN，需要時才上班）,有，但常被中斷／縮短,每週 3-4 次,40-45,一律給,罕見,無,4,4,60,25,9,有員工團保，想了解保單可以私訊我幫你規劃。,有明確調薪制度,4,普通,3,人力穩定但行政會議多,allow,,block,廣告或招攬,,
2025-10-18 20:12,台北市,醫學中心,國立臺灣大學醫學院附設醫院兒童醫院,健康檢查中心,N3,健檢中心,興趣／專長,4 診以上,900-1200,純早診（日班）,否（固定班表）,有，但常被中斷／縮短,每週 1-2 次,50-55,一律給,幾乎沒有,低,8,5,118,50,18,生日禮金、三節禮券,有但幅度小,4,機會多,3,訓練體系完整,allow,,allow,,,
2025-10-18 15:25,台北市,區域醫院,醫療財團法人辜公亮基金會和信治癌中心醫院,眼科門診,N0,專科,工時規律／少夜班,4 診以上,600-900,含夜診,否（固定班表）,無,每週 3-4 次,40-45,一律給,經常,低,3,8,79,33,12,員工旅遊補助,幾乎不調,4,機會多,4,安寧團隊互相 support,allow,,allow,,,
2025-10-18,台南市,醫學中心,國立成功大學醫學院附設醫院,婦產科門診,N0,專科,家庭因素,2 診,900-1200,純早診（日班）,部分 PRN,有，完整 1 小時,每週 3-4 次,45-50,合理範圍給,罕見,低,8,10,91,38,14,員工旅遊補助,有但幅度小,5,機會多,4,安寧團隊互相 support,allow,,allow,,,
2025-10-18,台北市,醫學中心,長庚醫療財團法人台北長庚紀念醫院,腸胃內科門診,N2,內科系,興趣／專長,1 診,600-900,輪班制,否（固定班表）,有，但常被中斷／縮短,每週 1-2 次,45-50,合理範圍給,經常,低,3,8,106,45,16,年節獎金,不清楚,4,機會多,4,排班相對人性化,allow,,allow,,,
2025-10-18,台中市,醫學中心,中國醫藥大學兒童醫院,內科診所,N4,內科系,離職前緩衝,3 診,600-900,純早診（日班）,部分 PRN,有，完整 1 小時,幾乎不,50-55,合理範圍給,幾乎沒有,無,7,3,122,51,18,員工餐廳伙食補助,不清楚,3,難以升遷,2,新人零保護,allow,,allow,,,
2025-10-18,桃園市,醫學中心,長庚醫療財團法人林口長庚紀念醫院,骨科門診,N3,外科系,興趣／專長,1 診,300 以下,純早診（日班）,否（固定班表）,有，但常被中斷／縮短,每週 3-4 次,40-45,一律給,偶爾,無,1,5,117,49,18,,不清楚,4,機會多,4,訓練體系完整,allow,,,,,
2025-10-17,嘉義市,診所,HH 診所,牙科診所,N4,專科,興趣／專長,1 診,600-900,早診＋午診,否（固定班表）,有，完整 1 小時,幾乎每診都逾時,40-45,一律給,罕見,低,1,10,94,39,14,,有但幅度小,3,機會多,3,資深領班受重視,allow,,,,,
2025-10-16 17:52,台北市,醫學中心,台灣基督長老教會馬偕醫療財團法人馬偕紀念醫院,皮膚診所,N2,專科,興趣／專長,4 診以上,600-900,純早診（日班）,否（固定班表）,無,每週 1-2 次,50-55,合理範圍給,罕見,中,3,11,109,46,16,進修補助,有但幅度小,4,機會多,4,兒科氣氛溫暖,allow,,allow,,,
2025-10-16 15:54,台北市,醫學中心,國立台灣大學醫學院附設醫院,皮膚科門診,N2,專科,離職前緩衝,1 診,600-900,早診＋午診,否（固定班表）,有，但常被中斷／縮短,幾乎每診都逾時,40-45,合理範圍給,罕見,低,6,1,109,46,16,員工旅遊補助,有但幅度小,4,機會多,4,團隊互助強,allow,,allow,,,
2025-10-16,台北市,區域醫院,基督復臨安息日會醫療財團法人臺安醫院,聯合門診中心,N2,聯合門診,興趣／專長,3 診,600-900,輪班制,是（PRN，需要時才上班）,無,幾乎不,45-50,合理範圍給,罕見,低,5,10,98,41,15,,有但幅度小,4,機會多,4,案件多但學得快,allow,,,,,
2025-10-15,新竹縣,診所,LL 診所,牙科診所,N4,專科,身體因素,3 診,900-1200,含夜診,部分 PRN,有，但常被中斷／縮短,每週 1-2 次,45-50,主管判斷,罕見,低,7,4,96,40,14,進修補助,有但幅度小,3,機會多,3,工時長但待遇可,allow,,allow,,,
2025-10-14 20:07,台中市,區域醫院,國軍臺中總醫院附設民眾診療服務處,健康檢查中心,N2,健檢中心,家庭因素,1 診,300 以下,含夜診,是（PRN，需要時才上班）,有，完整 1 小時,幾乎不,40-45,一律給,罕見,無,2,1,97,41,15,托兒補助,不清楚,4,普通,4,訓練體系完整,allow,,allow,,,
2025-10-14 15:11,屏東縣,地區醫院,恆基醫療財團法人恆春基督教醫院,內科診所,N2,內科系,離職前緩衝,2 診,1200 以上,早診＋午診,是（PRN，需要時才上班）,有，完整 1 小時,每週 3-4 次,40-45,合理範圍給,幾乎沒有,低,6,11,77,32,12,員工旅遊補助,有但幅度小,3,機會多,3,新人訓練紮實,allow,,allow,,,
2025-10-14 13:20,高雄市,地區醫院,正大醫院,皮膚診所,N4,專科,離職前緩衝,1 診,600-900,純早診（日班）,是（PRN，需要時才上班）,有，但常被中斷／縮短,每週 1-2 次,50-55,合理範圍給,幾乎沒有,低,7,2,104,44,16,,不清楚,4,普通,4,排班相對人性化,allow,,,,,
2025-10-14,新北市,地區醫院,益民醫院,外科門診,副護理長,外科系,離職前緩衝,3 診,600-900,純早診（日班）,否（固定班表）,無,每週 1-2 次,50-55,合理範圍給,罕見,低,7,12,87,37,13,進修補助,有明確調薪制度,4,機會多,4,訓練體系完整,allow,,allow,,,
2025-10-13 19:27,高雄市,醫學中心,高雄榮民總醫院,健康檢查中心,護理長,健檢中心,身體因素,2 診,1200 以上,含夜診,否（固定班表）,有，完整 1 小時,幾乎每診都逾時,40-45,合理範圍給,罕見,低,1,9,130,55,20,,有但幅度小,4,普通,4,案件多但學得快,allow,,,,,
2025-10-13 19:16,高雄市,醫學中心,長庚醫療財團法人高雄長庚紀念醫院,骨科門診,N2,外科系,身體因素,2 診,600-900,輪班制,否（固定班表）,有，完整 1 小時,幾乎每診都逾時,45-50,合理範圍給,偶爾,無,7,10,105,44,16,進修補助,不清楚,3,難以升遷,2,案件量大但有規矩,allow,,allow,,,
2025-10-13 17:32,雲林縣,診所,MM 診所,腎臟內科門診,N4,內科系,身體因素,2 診,600-900,含夜診,否（固定班表）,有，完整 1 小時,每週 1-2 次,45-50,一律給,罕見,中,1,4,92,39,14,年節獎金,不清楚,3,難以升遷,2,夜班輪轉公平,allow,,allow,,,
2025-10-13,新北市,醫學中心,衛生福利部雙和醫院(委託臺北醫學大學興建經營),牙科診所,N2,專科,工時規律／少夜班,1 診,300 以下,純早診（日班）,是（PRN，需要時才上班）,有，但常被中斷／縮短,每週 3-4 次,50-55,主管判斷,經常,無,2,2,105,44,16,年度自強活動,不清楚,4,普通,4,安寧團隊互相 support,allow,,allow,,,
2025-10-13,嘉義市,診所,HH 診所,牙科診所,N1,專科,離職前緩衝,1 診,300-600,純早診（日班）,否（固定班表）,無,每週 1-2 次,40-45,一律給,偶爾,中,2,5,60,25,9,員工旅遊補助,有但幅度小,4,機會多,3,資深領班受重視,allow,,allow,,,
2025-10-13,台中市,醫學中心,臺中榮民總醫院,聯合門診中心,N2,聯合門診,身體因素,3 診,600-900,含夜診,否（固定班表）,有，但常被中斷／縮短,幾乎不,50-55,主管判斷,幾乎沒有,無,2,5,100,42,15,年度自強活動,有但幅度小,4,機會多,3,氣氛輕鬆,allow,,allow,,,
2025-10-12 21:45,台北市,區域醫院,臺北醫學大學附設醫院,腎臟內科門診,N3,內科系,家庭因素,3 診,600-900,純早診（日班）,否（固定班表）,有，但常被中斷／縮短,每週 1-2 次,40-45,一律給,罕見,中,4,3,108,45,16,,有但幅度小,4,機會多,3,中部醫院 case 量適中,allow,,,,,
2025-10-12 19:04,台南市,診所,GG 診所,內科門診,N1,內科系,身體因素,2 診,600-900,含夜診,否（固定班表）,無,每週 1-2 次,50-55,合理範圍給,經常,中,6,4,57,24,9,,有明確調薪制度,3,普通,2,,,,,,,
2025-10-12 16:56,基隆市,診所,JJ 診所,皮膚診所,專科護理師,專科,離職前緩衝,1 診,300 以下,早診＋午診,否（固定班表）,有，完整 1 小時,幾乎每診都逾時,40-45,主管判斷,罕見,低,5,3,77,32,12,員工旅遊補助,有但幅度小,4,普通,4,主管支持度高,allow,,allow,,,
2025-10-12 07:31,南投縣,區域醫院,衛生福利部南投醫院及其中興院區,耳鼻喉門診,N3,專科,身體因素,2 診,1200 以上,純早診（日班）,否（固定班表）,有，完整 1 小時,每週 1-2 次,40-45,主管判斷,經常,中,5,6,93,39,14,年節獎金,有明確調薪制度,4,機會多,5,排班相對人性化,allow,,allow,,,
2025-10-12,高雄市,區域醫院,高雄市立大同醫院,小兒科門診,專科護理師,專科,工時規律／少夜班,4 診以上,300 以下,輪班制,是（PRN，需要時才上班）,有，但常被中斷／縮短,每週 3-4 次,40-45,一律給,幾乎沒有,無,4,3,111,47,17,年節獎金,有但幅度小,3,難以升遷,2,leader 形同虛設,allow,,allow,,,
2025-10-12,新北市,醫學中心,衛生福利部雙和醫院(委託臺北醫學大學興建經營),牙科診所,N2,專科,興趣／專長,2 診,900-1200,含夜診,否（固定班表）,有，完整 1 小時,每週 1-2 次,40-45,合理範圍給,罕見,中,3,2,109,46,16,進修補助,幾乎不調,5,機會多,4,兒科氣氛溫暖,allow,,allow,,,
2025-10-11 23:48,高雄市,診所,II 診所,皮膚診所,N0,專科,家庭因素,1 診,300-600,純早診（日班）,否（固定班表）,無,每週 1-2 次,40-45,合理範圍給,經常,無,4,8,64,27,10,年節獎金,有但幅度小,4,機會多,4,同事關係好,allow,,allow,,,
2025-10-11,花蓮縣,診所,GG 診所,腎臟內科門診,N2,內科系,工時規律／少夜班,3 診,300 以下,輪班制,是（PRN，需要時才上班）,有，但常被中斷／縮短,每週 1-2 次,40-45,主管判斷,偶爾,低,1,5,75,32,11,員工旅遊補助,不清楚,3,難以升遷,2,加班頻率可接受,allow,,allow,,,
2025-10-11,新北市,診所,KK 診所,腎臟內科門診,N0,內科系,工時規律／少夜班,2 診,300-600,純早診（日班）,否（固定班表）,有，但常被中斷／縮短,每週 3-4 次,40-45,合理範圍給,經常,低,7,1,57,24,9,,有明確調薪制度,4,機會多,3,可學到很多技術,allow,,,,,
2025-10-11,台北市,診所,KK 診所,內科門診,專科護理師,內科系,興趣／專長,2 診,600-900,純早診（日班）,否（固定班表）,有，完整 1 小時,每週 1-2 次,50-55,合理範圍給,經常,低,3,6,81,34,12,進修補助,有但幅度小,3,難以升遷,2,,,,allow,,,
2025-10-10 19:08,台中市,區域醫院,光田醫療社團法人光田綜合醫院及其大甲院區,腸胃內科門診,護理長,內科系,身體因素,2 診,900-1200,純早診（日班）,是（PRN，需要時才上班）,有，完整 1 小時,每週 3-4 次,40-45,一律給,經常,低,1,12,121,51,18,宿舍（單人房）,有但幅度小,3,難以升遷,2,案件量大但有規矩,allow,,allow,,,
2025-10-10 17:41,台北市,地區醫院,秀傳醫院,內科診所,護理長,內科系,工時規律／少夜班,2 診,900-1200,含夜診,否（固定班表）,無,每週 1-2 次,40-45,主管判斷,罕見,低,6,11,104,44,16,年節獎金,有但幅度小,5,機會多,4,,,,allow,,,
2025-10-10 11:52,台中市,診所,LL 診所,健檢部,N2,健檢中心,工時規律／少夜班,1 診,300-600,輪班制,是（PRN，需要時才上班）,無,每週 1-2 次,40-45,合理範圍給,幾乎沒有,低,6,6,64,27,10,員工旅遊補助,有明確調薪制度,3,難以升遷,2,主管常 stand-by 不夠,allow,,allow,,,
2025-10-10 10:12,台南市,診所,MM 診所,皮膚診所,護理長,專科,興趣／專長,1 診,900-1200,輪班制,部分 PRN,無,每週 3-4 次,40-45,合理範圍給,罕見,中,3,12,106,45,16,進修補助,有但幅度小,4,機會多,4,氣氛輕鬆,allow,,allow,,,
2025-10-10 09:40,台北市,醫學中心,國泰醫療財團法人國泰綜合醫院,小兒科門診,護理長,專科,離職前緩衝,1 診,1200 以上,早診＋午診,是（PRN，需要時才上班）,有，完整 1 小時,幾乎每診都逾時,40-45,一律給,罕見,低,5,5,134,56,20,年節獎金,有但幅度小,4,機會多,4,薪資與制度都優,allow,,allow,,,
2025-10-10,屏東縣,地區醫院,衛生福利部恆春旅遊醫院,心臟內科門診,N1,內科系,工時規律／少夜班,3 診,600-900,純早診（日班）,部分 PRN,無,幾乎不,40-45,合理範圍給,偶爾,低,6,6,78,33,12,年節獎金,有但幅度小,3,普通,2,加班頻率可接受,allow,,allow,,,
2025-10-09 09:04,新北市,診所,II 診所,眼科門診,N3,專科,興趣／專長,1 診,1200 以上,含夜診,部分 PRN,有，但常被中斷／縮短,每週 3-4 次,40-45,主管判斷,罕見,無,6,9,83,35,12,,有明確調薪制度,3,難以升遷,2,專科氣氛 OK,allow,,,,,
2025-10-09,高雄市,醫學中心,義大醫療財團法人義大醫院,健檢部,N3,健檢中心,工時規律／少夜班,3 診,300 以下,純早診（日班）,否（固定班表）,有，但常被中斷／縮短,每週 1-2 次,45-50,一律給,罕見,低,2,5,122,51,18,進修學分補助、國外研討會補助,不清楚,4,機會多,4,兒科氣氛溫暖,allow,,allow,,,
2025-10-09,高雄市,區域醫院,國軍左營總醫院附設民眾診療服務處,內科門診中心,N2,內科系,離職前緩衝,1 診,300-600,早診＋午診,部分 PRN,有，但常被中斷／縮短,每週 1-2 次,45-50,主管判斷,經常,無,5,4,94,39,14,員工旅遊補助,有但幅度小,4,機會多,4,氣氛輕鬆,allow,,allow,,,
2025-10-09,台中市,地區醫院,臺安醫院雙十分院,心臟外科門診,N4,外科系,家庭因素,2 診,600-900,純早診（日班）,部分 PRN,有，完整 1 小時,每週 1-2 次,50-55,一律給,幾乎沒有,中,8,6,96,40,14,,有但幅度小,4,普通,3,可學到很多技術,allow,,,,,
2025-10-09,台東縣,診所,GG 診所,外科門診,N2,外科系,離職前緩衝,2 診,900-1200,含夜診,否（固定班表）,無,每週 3-4 次,40-45,合理範圍給,偶爾,中,5,3,71,30,11,,有明確調薪制度,4,機會多,4,團隊互助強,allow,,,,,
2025-10-09,高雄市,地區醫院,高雄市立旗津醫院（委託財團法人私立高雄醫學大學經營）,眼科門診,N1,專科,身體因素,1 診,1200 以上,輪班制,是（PRN，需要時才上班）,有，但常被中斷／縮短,每週 3-4 次,50-55,主管判斷,經常,中,4,3,68,29,10,,有明確調薪制度,3,難以升遷,2,leader 形同虛設,allow,,,,,
2025-10-08 22:25,台北市,醫學中心,國立臺灣大學醫學院附設醫院兒童醫院,小兒科門診,專科護理師,專科,興趣／專長,3 診,1200 以上,含夜診,否（固定班表）,有，完整 1 小時,每週 1-2 次,40-45,合理範圍給,經常,低,6,13,125,53,19,,幾乎不調,3,機會多,3,,,,,,,
2025-10-08 08:00,台北市,醫學中心,台灣基督長老教會馬偕醫療財團法人馬偕紀念醫院,健檢部,副護理長,健檢中心,身體因素,2 診,900-1200,早診＋午診,否（固定班表）,有，但常被中斷／縮短,每週 3-4 次,40-45,主管判斷,罕見,中,2,2,127,53,19,進修補助,不清楚,3,難以升遷,2,工時超長,allow,,allow,,,
2025-10-08,雲林縣,地區醫院,全生醫院,內科門診中心,專科護理師,內科系,離職前緩衝,4 診以上,300-600,早診＋午診,否（固定班表）,無,幾乎每診都逾時,40-45,一律給,罕見,無,5,5,89,37,13,年節獎金,有但幅度小,3,機會多,3,門診作息穩定,allow,,allow,,,
2025-10-08,新北市,醫學中心,衛生福利部雙和醫院(委託臺北醫學大學興建經營),耳鼻喉門診,N3,專科,工時規律／少夜班,2 診,300-600,純早診（日班）,否（固定班表）,無,幾乎不,40-45,合理範圍給,幾乎沒有,低,5,6,108,45,16,年度自強活動,不清楚,3,普通,2,,,,allow,,,
2025-10-08,台中市,區域醫院,林新醫療社團法人林新醫院,內科門診,N3,內科系,工時規律／少夜班,4 診以上,1200 以上,輪班制,否（固定班表）,有，完整 1 小時,幾乎不,40-45,合理範圍給,幾乎沒有,低,2,3,96,40,14,進修補助,有但幅度小,3,難以升遷,2,主管偏心嚴重,allow,,allow,,,
2025-10-08,台南市,區域醫院,台灣基督長老教會新樓醫療財團法人台南新樓醫院,皮膚診所,N2,專科,興趣／專長,4 診以上,300-600,早診＋午診,否（固定班表）,有，但常被中斷／縮短,幾乎每診都逾時,50-55,合理範圍給,偶爾,低,4,9,86,36,13,員工旅遊補助,有明確調薪制度,3,機會多,3,門診作息穩定,allow,,allow,,,
2025-10-08,台南市,區域醫院,臺南市立安南醫院-委託中國醫藥大學興建經營,外科門診,N3,外科系,工時規律／少夜班,1 診,1200 以上,含夜診,是（PRN，需要時才上班）,有，但常被中斷／縮短,每週 1-2 次,40-45,合理範圍給,罕見,無,5,10,93,39,14,年節獎金,幾乎不調,4,機會多,4,,,,allow,,,
2025-10-07 10:28,嘉義市,區域醫院,戴德森醫療財團法人嘉義基督教醫院,腸胃內科門診,N4,內科系,工時規律／少夜班,2 診,300-600,含夜診,是（PRN，需要時才上班）,有，完整 1 小時,幾乎每診都逾時,50-55,合理範圍給,罕見,中,8,13,119,50,18,,有但幅度小,3,機會多,3,團隊互助強,allow,,,,,
2025-10-07,台中市,醫學中心,中國醫藥大學兒童醫院,健檢部,N3,健檢中心,興趣／專長,1 診,300-600,早診＋午診,是（PRN，需要時才上班）,有，完整 1 小時,每週 1-2 次,40-45,主管判斷,經常,低,5,7,107,45,16,進修補助,不清楚,4,普通,3,夜班輪轉公平,allow,,allow,,,
2025-10-07,新北市,區域醫院,輔仁大學學校財團法人輔仁大學附設醫院,腎臟內科門診,N0,內科系,家庭因素,4 診以上,600-900,早診＋午診,否（固定班表）,有，但常被中斷／縮短,每週 1-2 次,40-45,合理範圍給,幾乎沒有,中,8,8,84,35,13,員工旅遊補助,不清楚,5,普通,5,排班相對人性化,allow,,allow,,,
2025-10-07,高雄市,醫學中心,義大醫療財團法人義大醫院,小兒科門診,N1,專科,離職前緩衝,1 診,900-1200,早診＋午診,否（固定班表）,有，但常被中斷／縮短,幾乎每診都逾時,40-45,合理範圍給,幾乎沒有,低,2,11,97,41,15,員工旅遊補助,不清楚,4,普通,3,同事關係好,allow,,allow,,,
2025-10-07,新北市,醫學中心,台灣基督長老教會馬偕醫療財團法人淡水馬偕紀念醫院,腸胃內科門診,N4,內科系,家庭因素,2 診,600-900,純早診（日班）,否（固定班表）,有，但常被中斷／縮短,每週 1-2 次,40-45,一律給,偶爾,低,2,11,128,54,19,年度自強活動,有但幅度小,3,機會多,3,加班頻率可接受,allow,,allow,,,
2025-10-06 09:30,雲林縣,診所,KK 診所,心臟內科門診,副護理長,內科系,家庭因素,2 診,900-1200,純早診（日班）,否（固定班表）,有，但常被中斷／縮短,每週 1-2 次,50-55,合理範圍給,罕見,低,4,8,82,34,12,年節獎金,有但幅度小,3,普通,2,案件量大但有規矩,allow,,allow,,,
2025-10-06,台中市,區域醫院,澄清綜合醫院中港分院,眼科門診,N2,專科,興趣／專長,4 診以上,900-1200,純早診（日班）,是（PRN，需要時才上班）,有，但常被中斷／縮短,每週 3-4 次,45-50,一律給,偶爾,低,1,8,98,41,15,年節獎金,幾乎不調,4,普通,4,兒科氣氛溫暖,allow,,allow,,,
2025-10-05 16:29,嘉義市,區域醫院,戴德森醫療財團法人嘉義基督教醫院,健檢部,護理長,健檢中心,家庭因素,1 診,1200 以上,輪班制,是（PRN，需要時才上班）,無,每週 1-2 次,40-45,合理範圍給,罕見,低,7,11,116,49,17,,有但幅度小,4,機會多,4,氣氛輕鬆,allow,,,,,
2025-10-05,新北市,地區醫院,祥顥醫院,耳鼻喉門診,N4,專科,家庭因素,1 診,600-900,早診＋午診,否（固定班表）,有，但常被中斷／縮短,幾乎不,40-45,一律給,偶爾,無,4,5,93,39,14,進修補助,有但幅度小,4,機會多,4,,,,allow,,,
2025-10-05,台東縣,診所,HH 診所,健康檢查中心,N3,健檢中心,家庭因素,1 診,1200 以上,早診＋午診,否（固定班表）,無,每週 3-4 次,40-45,合理範圍給,幾乎沒有,低,1,6,78,33,12,員工旅遊補助,有但幅度小,3,機會多,3,人力穩定但行政會議多,allow,,allow,,,
2025-10-04 17:44,高雄市,區域醫院,義大醫療財團法人義大癌治療醫院,聯合門診中心,N4,聯合門診,家庭因素,2 診,900-1200,純早診（日班）,部分 PRN,有，但常被中斷／縮短,每週 3-4 次,50-55,合理範圍給,罕見,無,3,3,110,46,17,,不清楚,5,機會多,4,兒科氣氛溫暖,allow,,,,,
2025-10-04 16:06,高雄市,醫學中心,長庚醫療財團法人高雄長庚紀念醫院,健檢部,護理長,健檢中心,工時規律／少夜班,4 診以上,900-1200,純早診（日班）,否（固定班表）,有，但常被中斷／縮短,每週 3-4 次,50-55,一律給,經常,低,5,9,127,53,19,員工旅遊補助,幾乎不調,3,難以升遷,2,加班頻率可接受,allow,,allow,,,
2025-10-04 08:44,雲林縣,診所,II 診所,骨科門診,護理長,外科系,工時規律／少夜班,1 診,300-600,純早診（日班）,否（固定班表）,有，完整 1 小時,每週 1-2 次,45-50,合理範圍給,罕見,無,5,4,98,41,15,進修補助,幾乎不調,3,普通,2,工時長到爆,allow,,allow,,,
2025-10-04 08:22,花蓮縣,地區醫院,佛教慈濟醫療財團法人玉里慈濟醫院,骨科門診,N3,外科系,身體因素,1 診,600-900,純早診（日班）,是（PRN，需要時才上班）,有，但常被中斷／縮短,每週 1-2 次,40-45,合理範圍給,罕見,無,2,9,86,36,13,,有但幅度小,3,難以升遷,2,常被臨時調班,allow,,,,,
2025-10-04,南投縣,區域醫院,衛生福利部南投醫院及其中興院區,健檢部,N2,健檢中心,身體因素,3 診,300 以下,含夜診,部分 PRN,無,每週 3-4 次,40-45,合理範圍給,罕見,無,5,7,98,41,15,進修補助,不清楚,4,普通,4,,,,allow,,,
2025-10-04,嘉義市,區域醫院,戴德森醫療財團法人嘉義基督教醫院,心臟外科門診,N2,外科系,興趣／專長,3 診,600-900,早診＋午診,否（固定班表）,無,每週 3-4 次,50-55,一律給,罕見,低,8,11,83,35,12,進修補助,幾乎不調,3,機會多,3,團隊互助強,allow,,allow,,,
2025-10-04,高雄市,區域醫院,國軍高雄總醫院附設民眾診療服務處,健康檢查中心,N2,健檢中心,身體因素,2 診,1200 以上,純早診（日班）,否（固定班表）,有，完整 1 小時,每週 1-2 次,40-45,主管判斷,偶爾,低,1,10,93,39,14,員工旅遊補助,有但幅度小,4,機會多,4,案件多但學得快,allow,,allow,,,
2025-10-04,台中市,區域醫院,光田醫療社團法人光田綜合醫院及其大甲院區,健康檢查中心,N3,健檢中心,身體因素,2 診,1200 以上,輪班制,否（固定班表）,有，完整 1 小時,幾乎不,45-50,合理範圍給,罕見,低,3,13,94,39,14,進修學分補助、國外研討會補助,幾乎不調,5,機會多,4,案件多但學得快,allow,,allow,,,
2025-10-04,台東縣,診所,HH 診所,牙科診所,N3,專科,工時規律／少夜班,1 診,300-600,純早診（日班）,否（固定班表）,無,每週 1-2 次,40-45,主管判斷,經常,無,3,6,73,31,11,年節獎金,有明確調薪制度,4,機會多,3,門診作息穩定,allow,,allow,,,
2025-10-04,新北市,地區醫院,中英醫療社團法人中英醫院,牙科診所,N2,專科,工時規律／少夜班,1 診,600-900,純早診（日班）,否（固定班表）,無,幾乎不,40-45,主管判斷,經常,低,5,2,80,34,12,年節獎金,有但幅度小,3,機會多,3,門診作息穩定,allow,,allow,,,
2025-10-04,台北市,醫學中心,三軍總醫院附設民眾診療服務處及其汀州院區,婦產科門診,護理長,專科,工時規律／少夜班,2 診,300 以下,純早診（日班）,部分 PRN,無,幾乎不,40-45,主管判斷,罕見,低,4,7,131,55,20,員工旅遊補助,有明確調薪制度,5,普通,5,同事關係好,allow,,allow,,,
2025-10-03 12:07,南投縣,區域醫院,埔基醫療財團法人埔里基督教醫院,健檢部,N1,健檢中心,家庭因素,3 診,600-900,純早診（日班）,否（固定班表）,有，但常被中斷／縮短,每週 1-2 次,40-45,合理範圍給,罕見,低,4,11,79,33,12,進修補助,不清楚,4,機會多,3,訓練體系完整,allow,,allow,,,
2025-10-03 11:44,台南市,診所,JJ 診所,內科門診中心,護理長,內科系,家庭因素,2 診,300-600,含夜診,部分 PRN,有，但常被中斷／縮短,每週 1-2 次,40-45,合理範圍給,偶爾,低,5,12,103,43,15,年度自強活動,不清楚,4,普通,3,主管管太細,allow,,allow,,,
2025-10-03,台北市,診所,HH 診所,健檢部,N2,健檢中心,工時規律／少夜班,1 診,300 以下,含夜診,否（固定班表）,有，完整 1 小時,幾乎不,40-45,合理範圍給,幾乎沒有,無,2,2,78,33,12,員工旅遊補助,有但幅度小,4,機會多,4,同事關係好,allow,,allow,,,
2025-10-03,苗栗縣,診所,MM 診所,皮膚診所,副護理長,專科,家庭因素,1 診,1200 以上,含夜診,否（固定班表）,有，但常被中斷／縮短,幾乎不,40-45,合理範圍給,罕見,低,8,2,89,37,13,員工旅遊補助,有但幅度小,3,機會多,3,人力穩定但行政會議多,allow,,allow,,,
2025-10-03,台北市,地區醫院,景美醫院,心臟外科門診,護理長,外科系,身體因素,2 診,900-1200,含夜診,部分 PRN,有，但常被中斷／縮短,幾乎不,40-45,主管判斷,罕見,低,4,13,112,47,17,員工旅遊補助,有明確調薪制度,3,普通,2,,,,allow,,,
2025-10-03,新北市,醫學中心,醫療財團法人徐元智先生醫藥基金會亞東紀念醫院,聯合門診中心,N0,聯合門診,興趣／專長,2 診,900-1200,含夜診,否（固定班表）,無,每週 3-4 次,40-45,合理範圍給,偶爾,低,6,8,97,41,15,,有但幅度小,5,機會多,5,排班相對人性化,allow,,,,,
2025-10-02 17:57,彰化縣,診所,NN 診所,皮膚診所,護理長,專科,離職前緩衝,3 診,900-1200,純早診（日班）,部分 PRN,有，但常被中斷／縮短,每週 3-4 次,40-45,主管判斷,罕見,低,3,4,92,39,14,,有明確調薪制度,4,機會多,3,,,,,,,
2025-10-02 17:55,台南市,診所,NN 診所,婦產科門診,N3,專科,家庭因素,2 診,300 以下,純早診（日班）,否（固定班表）,有，完整 1 小時,每週 1-2 次,45-50,合理範圍給,罕見,低,8,11,72,30,11,,幾乎不調,4,機會多,3,團隊互助強,allow,,,,,
2025-10-02 14:36,桃園市,地區醫院,聯新國際醫院桃新分院,皮膚診所,N3,專科,家庭因素,1 診,300 以下,含夜診,部分 PRN,無,幾乎每診都逾時,40-45,合理範圍給,偶爾,無,2,5,92,39,14,年節獎金,有但幅度小,4,機會多,4,資深領班受重視,allow,,allow,,,
2025-10-02 11:59,新北市,醫學中心,醫療財團法人徐元智先生醫藥基金會亞東紀念醫院,牙科診所,N2,專科,離職前緩衝,4 診以上,600-900,輪班制,否（固定班表）,有，但常被中斷／縮短,每週 1-2 次,40-45,合理範圍給,經常,中,4,7,102,43,15,員工旅遊補助,有明確調薪制度,4,機會多,4,同事關係好,allow,,allow,,,
2025-10-02 08:29,南投縣,診所,MM 診所,健康檢查中心,N3,健檢中心,離職前緩衝,2 診,300-600,輪班制,部分 PRN,無,幾乎每診都逾時,45-50,一律給,罕見,低,5,7,87,37,13,,有但幅度小,4,機會多,3,門診作息穩定,allow,,,,,
2025-10-02,桃園市,醫學中心,長庚醫療財團法人林口長庚紀念醫院,健檢部,N2,健檢中心,興趣／專長,2 診,600-900,含夜診,是（PRN，需要時才上班）,有，但常被中斷／縮短,幾乎每診都逾時,50-55,主管判斷,罕見,中,8,9,102,43,15,托兒補助,幾乎不調,3,普通,2,常被臨時調班,allow,,allow,,,
2025-10-02,桃園市,區域醫院,臺北榮民總醫院桃園分院,健康檢查中心,N1,健檢中心,興趣／專長,2 診,600-900,含夜診,否（固定班表）,有，完整 1 小時,每週 1-2 次,40-45,合理範圍給,罕見,低,8,13,87,37,13,進修補助,有明確調薪制度,4,機會多,3,排班相對人性化,allow,,allow,,,
2025-10-01 14:02,新北市,地區醫院,中英醫療社團法人中英醫院,耳鼻喉門診,N4,專科,離職前緩衝,2 診,600-900,輪班制,是（PRN，需要時才上班）,有，但常被中斷／縮短,幾乎不,40-45,主管判斷,幾乎沒有,中,3,2,102,43,15,進修補助,不清楚,4,機會多,3,薪資與制度都優,allow,,allow,,,
2025-10-01 09:36,台北市,醫學中心,臺北榮民總醫院,婦產科門診,N3,專科,家庭因素,4 診以上,900-1200,純早診（日班）,否（固定班表）,有，但常被中斷／縮短,幾乎不,40-45,主管判斷,罕見,低,3,7,121,51,18,進修補助,有明確調薪制度,4,機會多,3,,,,allow,,,
2025-10-01,新北市,地區醫院,中祥醫院,腎臟內科門診,N0,內科系,興趣／專長,2 診,1200 以上,純早診（日班）,是（PRN，需要時才上班）,有，但常被中斷／縮短,每週 1-2 次,40-45,合理範圍給,罕見,無,6,10,68,29,10,進修補助,不清楚,3,普通,2,,,,allow,,,
2025-10-01,彰化縣,地區醫院,成美醫院,婦產科門診,N3,專科,身體因素,1 診,300 以下,輪班制,部分 PRN,有，但常被中斷／縮短,每週 3-4 次,50-55,一律給,幾乎沒有,無,3,2,92,39,14,,有明確調薪制度,4,機會多,3,薪資與制度都優,allow,,,,,
2025-10-01,屏東縣,區域醫院,屏東榮民總醫院,內科診所,N3,內科系,家庭因素,1 診,300 以下,含夜診,部分 PRN,有，完整 1 小時,幾乎每診都逾時,40-45,合理範圍給,罕見,中,2,2,97,41,15,進修補助,有明確調薪制度,5,機會多,4,訓練體系完整,allow,,allow,,,
2025-09-30 19:06,高雄市,地區醫院,國軍左營總醫院岡山分院附設民眾診療服務處,骨科門診,護理長,外科系,工時規律／少夜班,1 診,1200 以上,早診＋午診,否（固定班表）,有，但常被中斷／縮短,幾乎每診都逾時,40-45,合理範圍給,幾乎沒有,低,7,1,101,42,15,進修補助,有明確調薪制度,3,機會多,3,專科很強值得待,allow,,allow,,,
2025-09-30 13:32,宜蘭縣,區域醫院,國立陽明交通大學附設醫院及其新民院區,心臟內科門診,護理長,內科系,興趣／專長,2 診,1200 以上,輪班制,否（固定班表）,有，但常被中斷／縮短,每週 1-2 次,45-50,合理範圍給,罕見,無,5,5,118,50,18,進修補助,有但幅度小,3,機會多,3,門診作息穩定,allow,,allow,,,
2025-09-30 10:58,基隆市,地區醫院,基隆市立醫院,皮膚科門診,N4,專科,興趣／專長,3 診,300 以下,含夜診,部分 PRN,有，但常被中斷／縮短,幾乎不,45-50,合理範圍給,幾乎沒有,無,4,5,92,39,14,進修補助,有明確調薪制度,4,機會多,3,安寧團隊互相 support,allow,,allow,,,
2025-09-30 09:10,台北市,醫學中心,長庚醫療財團法人台北長庚紀念醫院,皮膚科門診,N1,專科,身體因素,1 診,900-1200,早診＋午診,否（固定班表）,有，但常被中斷／縮短,每週 1-2 次,45-50,合理範圍給,罕見,低,7,1,106,45,16,托兒補助,有但幅度小,5,機會多,4,專科很強值得待,allow,,allow,,,
2025-09-30,高雄市,區域醫院,高雄市立大同醫院,內科門診中心,N0,內科系,興趣／專長,1 診,900-1200,純早診（日班）,否（固定班表）,無,幾乎不,40-45,主管判斷,幾乎沒有,低,2,12,84,35,13,進修補助,幾乎不調,4,機會多,4,,,,allow,,,
2025-09-30,高雄市,醫學中心,高雄榮民總醫院,小兒科門診,N0,專科,家庭因素,1 診,300-600,含夜診,否（固定班表）,無,幾乎不,50-55,主管判斷,罕見,無,3,5,96,40,14,年節獎金,幾乎不調,3,普通,1,加班沒給,allow,,allow,,,
2025-09-30,台中市,醫學中心,臺中榮民總醫院,小兒科門診,N2,專科,離職前緩衝,4 診以上,1200 以上,純早診（日班）,否（固定班表）,有，但常被中斷／縮短,幾乎每診都逾時,50-55,一律給,經常,中,6,5,108,45,16,年度自強活動,不清楚,3,機會多,3,資深領班受重視,allow,,allow,,,
2025-09-29 20:30,新竹縣,區域醫院,東元醫療社團法人東元綜合醫院,眼科門診,N3,專科,家庭因素,2 診,300 以下,純早診（日班）,是（PRN，需要時才上班）,有，完整 1 小時,每週 1-2 次,40-45,主管判斷,經常,低,1,10,94,39,14,年節獎金,幾乎不調,4,機會多,3,案件多但學得快,allow,,allow,,,
2025-09-29 20:12,台中市,醫學中心,中山醫學大學附設醫院,心臟內科門診,N3,內科系,興趣／專長,2 診,300-600,早診＋午診,否（固定班表）,無,每週 1-2 次,45-50,主管判斷,偶爾,低,6,9,111,47,17,年節獎金,不清楚,3,機會多,3,門診作息穩定,allow,,allow,,,
2025-09-29 15:44,南投縣,區域醫院,埔基醫療財團法人埔里基督教醫院,健康檢查中心,N2,健檢中心,工時規律／少夜班,2 診,1200 以上,純早診（日班）,是（PRN，需要時才上班）,有，完整 1 小時,幾乎每診都逾時,40-45,主管判斷,經常,低,1,10,94,39,14,進修補助,有明確調薪制度,3,普通,3,案件量大但有規矩,allow,,allow,,,
2025-09-28 20:33,台北市,區域醫院,三軍總醫院松山分院附設民眾診療服務處,內科門診,N0,內科系,興趣／專長,4 診以上,600-900,純早診（日班）,部分 PRN,有，但常被中斷／縮短,每週 3-4 次,50-55,主管判斷,罕見,低,2,3,84,35,13,生日禮金、三節禮券,有明確調薪制度,5,機會多,5,資深領班受重視,allow,,allow,,,
2025-09-28 19:42,台北市,醫學中心,國泰醫療財團法人國泰綜合醫院,眼科門診,N3,專科,工時規律／少夜班,3 診,600-900,純早診（日班）,部分 PRN,無,每週 1-2 次,40-45,主管判斷,偶爾,無,2,10,118,50,18,進修補助,有但幅度小,3,普通,2,,,,allow,,,
2025-09-28,高雄市,地區醫院,信義醫療財團法人高雄基督教醫院,心臟內科門診,N3,內科系,工時規律／少夜班,3 診,1200 以上,含夜診,否（固定班表）,有，但常被中斷／縮短,幾乎不,40-45,合理範圍給,罕見,低,4,12,80,34,12,員工餐廳伙食補助,有但幅度小,4,普通,4,資深領班受重視,allow,,allow,,,
2025-09-28,宜蘭縣,區域醫院,天主教靈醫會醫療財團法人羅東聖母醫院,聯合門診中心,副護理長,聯合門診,工時規律／少夜班,3 診,600-900,含夜診,是（PRN，需要時才上班）,無,每週 3-4 次,40-45,主管判斷,罕見,無,4,13,107,45,16,醫療費用員工優惠,有明確調薪制度,4,機會多,3,人力穩定但行政會議多,allow,,allow,,,
2025-09-28,台中市,區域醫院,佛教慈濟醫療財團法人台中慈濟醫院,心臟外科門診,護理長,外科系,興趣／專長,4 診以上,600-900,早診＋午診,否（固定班表）,無,每週 1-2 次,40-45,主管判斷,罕見,無,7,7,123,52,18,,不清楚,3,難以升遷,2,人力嚴重不足,allow,,,,,
2025-09-28,台中市,區域醫院,亞洲大學附屬醫院,外科門診,N1,外科系,工時規律／少夜班,4 診以上,900-1200,輪班制,否（固定班表）,有，但常被中斷／縮短,幾乎不,40-45,合理範圍給,罕見,低,8,11,87,37,13,年度自強活動,有明確調薪制度,4,機會多,4,團隊互助強,allow,,allow,,,
2025-09-28,花蓮縣,地區醫院,佛教慈濟醫療財團法人玉里慈濟醫院,心臟內科門診,N3,內科系,家庭因素,1 診,300-600,早診＋午診,否（固定班表）,有，完整 1 小時,幾乎每診都逾時,40-45,主管判斷,偶爾,無,3,6,89,37,13,,不清楚,4,普通,4,主管支持度高,allow,,,,,
2025-09-28,新北市,區域醫院,新北市立土城醫院(委託長庚醫療財團法人興建經營),牙科診所,N3,專科,興趣／專長,1 診,900-1200,純早診（日班）,否（固定班表）,有，但常被中斷／縮短,幾乎每診都逾時,40-45,合理範圍給,幾乎沒有,中,2,8,93,39,14,進修補助,不清楚,4,普通,4,訓練體系完整,allow,,allow,,,
2025-09-27 22:16,高雄市,醫學中心,高雄榮民總醫院,中醫診所,N2,專科,離職前緩衝,1 診,1200 以上,含夜診,部分 PRN,無,每週 1-2 次,45-50,合理範圍給,罕見,無,5,4,108,45,16,,有但幅度小,3,難以升遷,2,專科氣氛 OK,allow,,,,,
2025-09-27 13:42,高雄市,醫學中心,義大醫療財團法人義大醫院,內科診所,N2,內科系,身體因素,2 診,600-900,純早診（日班）,否（固定班表）,有，完整 1 小時,每週 1-2 次,40-45,一律給,經常,低,8,4,98,41,15,年度自強活動,幾乎不調,3,機會多,3,中部醫院 case 量適中,allow,,allow,,,
2025-09-27,高雄市,區域醫院,阮綜合醫療社團法人阮綜合醫院,聯合門診中心,N1,聯合門診,工時規律／少夜班,2 診,1200 以上,純早診（日班）,否（固定班表）,有，但常被中斷／縮短,幾乎每診都逾時,50-55,合理範圍給,幾乎沒有,無,8,12,84,35,13,進修補助,有明確調薪制度,3,普通,2,夜班暴力事件多,allow,,allow,,,
2025-09-27,高雄市,醫學中心,長庚醫療財團法人高雄長庚紀念醫院,皮膚科門診,副護理長,專科,工時規律／少夜班,2 診,600-900,含夜診,是（PRN，需要時才上班）,有，完整 1 小時,幾乎不,45-50,合理範圍給,罕見,無,3,9,132,55,20,年節獎金,有但幅度小,4,普通,3,資深領班受重視,allow,,allow,,,
2025-09-27,台中市,醫學中心,中山醫學大學附設醫院,心臟外科門診,N3,外科系,工時規律／少夜班,2 診,600-900,含夜診,否（固定班表）,有，完整 1 小時,每週 3-4 次,45-50,主管判斷,罕見,無,8,8,113,47,17,年節獎金,有但幅度小,4,機會多,3,,,,allow,,,
2025-09-27,台北市,醫學中心,臺北榮民總醫院,牙科診所,N1,專科,興趣／專長,3 診,1200 以上,純早診（日班）,否（固定班表）,有，但常被中斷／縮短,每週 3-4 次,45-50,主管判斷,幾乎沒有,無,1,4,97,41,15,員工旅遊補助,有明確調薪制度,5,機會多,4,主管支持度高,allow,,allow,,,
2025-09-27,高雄市,醫學中心,財團法人私立高雄醫學大學附設中和紀念醫院,小兒科門診,N2,專科,工時規律／少夜班,3 診,300-600,含夜診,部分 PRN,有，但常被中斷／縮短,每週 1-2 次,40-45,合理範圍給,罕見,無,2,1,112,47,17,員工旅遊補助,不清楚,3,機會多,3,夜班輪轉公平,allow,,allow,,,
2025-09-27,高雄市,地區醫院,高雄市立鳳山醫院（委託長庚醫療財團法人經營）,內科門診中心,N3,內科系,工時規律／少夜班,2 診,300-600,輪班制,是（PRN，需要時才上班）,無,每週 1-2 次,40-45,主管判斷,幾乎沒有,低,6,5,89,37,13,,不清楚,5,機會多,4,同事關係好,allow,,,,,
2025-09-27,新北市,醫學中心,台灣基督長老教會馬偕醫療財團法人淡水馬偕紀念醫院,健檢部,N2,健檢中心,興趣／專長,1 診,300-600,含夜診,否（固定班表）,無,每週 1-2 次,40-45,一律給,幾乎沒有,中,1,2,100,42,15,年節獎金,有明確調薪制度,3,難以升遷,2,夜班暴力事件多,allow,,allow,,,
2025-09-27,基隆市,診所,GG 診所,耳鼻喉門診,N0,專科,工時規律／少夜班,1 診,600-900,輪班制,否（固定班表）,有，但常被中斷／縮短,每週 1-2 次,40-45,主管判斷,罕見,低,3,2,55,23,8,年節獎金,幾乎不調,4,機會多,3,,,,allow,,,
2025-09-27,新北市,醫學中心,醫療財團法人徐元智先生醫藥基金會亞東紀念醫院,內科門診,N1,內科系,工時規律／少夜班,4 診以上,1200 以上,輪班制,否（固定班表）,有，但常被中斷／縮短,每週 1-2 次,50-55,合理範圍給,幾乎沒有,中,1,1,105,44,16,,有但幅度小,3,難以升遷,2,新人零保護,allow,,,,,
2025-09-26 13:51,台南市,診所,KK 診所,內科診所,N4,內科系,身體因素,1 診,300-600,早診＋午診,否（固定班表）,無,幾乎每診都逾時,40-45,合理範圍給,偶爾,低,3,6,94,39,14,進修補助,有但幅度小,4,普通,3,,,,allow,,,
2025-09-26 08:47,台北市,區域醫院,臺北市立聯合醫院忠孝院區,腎臟內科門診,護理長,內科系,離職前緩衝,2 診,900-1200,純早診（日班）,否（固定班表）,有，但常被中斷／縮短,每週 1-2 次,40-45,主管判斷,經常,低,5,10,128,54,19,,有但幅度小,4,普通,4,薪資與制度都優,allow,,,,,
2025-09-26,雲林縣,診所,JJ 診所,內科門診中心,副護理長,內科系,家庭因素,2 診,900-1200,輪班制,否（固定班表）,有，但常被中斷／縮短,每週 1-2 次,40-45,合理範圍給,幾乎沒有,低,5,13,95,40,14,進修補助,幾乎不調,4,普通,3,,,,allow,,,
2025-09-26,雲林縣,地區醫院,國立成功大學醫學院附設醫院斗六分院,皮膚診所,N1,專科,家庭因素,4 診以上,300 以下,純早診（日班）,否（固定班表）,無,幾乎每診都逾時,40-45,合理範圍給,幾乎沒有,無,2,4,63,26,9,員工餐廳伙食補助,有但幅度小,4,機會多,4,兒科氣氛溫暖,allow,,allow,,,
2025-09-26,嘉義市,診所,GG 診所,耳鼻喉門診,副護理長,專科,身體因素,1 診,900-1200,輪班制,否（固定班表）,有，但常被中斷／縮短,每週 1-2 次,40-45,合理範圍給,罕見,無,1,2,87,37,13,進修補助,有但幅度小,4,普通,3,人力穩定但行政會議多,allow,,allow,,,
2025-09-26,桃園市,區域醫院,衛生福利部桃園醫院,牙科診所,N1,專科,工時規律／少夜班,4 診以上,300 以下,早診＋午診,否（固定班表）,無,每週 1-2 次,40-45,主管判斷,罕見,中,1,1,86,36,13,,有明確調薪制度,3,機會多,3,夜班輪轉公平,allow,,,,,
2025-09-26,台北市,醫學中心,台灣基督長老教會馬偕醫療財團法人馬偕兒童醫院,心臟內科門診,N0,內科系,興趣／專長,4 診以上,300 以下,輪班制,否（固定班表）,無,每週 3-4 次,40-45,主管判斷,罕見,無,6,8,99,42,15,,不清楚,4,機會多,3,,,,,,,
2025-09-25,高雄市,醫學中心,長庚醫療財團法人高雄長庚紀念醫院,牙科診所,N3,專科,工時規律／少夜班,4 診以上,300 以下,含夜診,否（固定班表）,無,每週 1-2 次,40-45,一律給,幾乎沒有,無,1,10,122,51,18,員工餐廳伙食補助,有但幅度小,3,普通,3,門診作息穩定,allow,,allow,,,
2025-09-24 16:50,新竹市,診所,GG 診所,皮膚診所,N2,專科,興趣／專長,1 診,300 以下,早診＋午診,部分 PRN,有，完整 1 小時,每週 3-4 次,40-45,一律給,經常,低,4,13,67,28,10,進修學分補助、國外研討會補助,幾乎不調,4,機會多,3,,,,allow,,,
2025-09-24 15:37,彰化縣,診所,MM 診所,健康檢查中心,N0,健檢中心,工時規律／少夜班,2 診,900-1200,輪班制,否（固定班表）,有，但常被中斷／縮短,幾乎每診都逾時,50-55,主管判斷,罕見,中,8,8,66,28,10,進修補助,有明確調薪制度,4,機會多,4,,,,allow,,,
2025-09-24,雲林縣,地區醫院,長庚醫療財團法人雲林長庚紀念醫院,聯合門診中心,專科護理師,聯合門診,工時規律／少夜班,2 診,600-900,輪班制,否（固定班表）,無,幾乎不,40-45,主管判斷,偶爾,無,7,10,95,40,14,,有但幅度小,3,難以升遷,2,,,,,,,
2025-09-24,台中市,診所,MM 診所,腎臟內科門診,N1,內科系,身體因素,2 診,600-900,純早診（日班）,否（固定班表）,無,每週 1-2 次,50-55,一律給,幾乎沒有,中,3,5,68,29,10,進修補助,有明確調薪制度,3,機會多,3,,,,allow,,,
2025-09-24,高雄市,區域醫院,國軍高雄總醫院附設民眾診療服務處,腎臟內科門診,N1,內科系,工時規律／少夜班,1 診,300-600,輪班制,否（固定班表）,有，但常被中斷／縮短,每週 3-4 次,50-55,一律給,罕見,低,5,1,82,34,12,,有但幅度小,3,普通,3,案件多但學得快,allow,,,,,
2025-09-23,高雄市,地區醫院,劉嘉修醫院,外科門診,N1,外科系,家庭因素,2 診,600-900,純早診（日班）,否（固定班表）,有，完整 1 小時,幾乎每診都逾時,45-50,合理範圍給,罕見,中,4,5,66,28,10,員工健檢自費項目補助,有但幅度小,4,普通,3,,,,allow,,,
2025-09-23,苗栗縣,區域醫院,衛生福利部苗栗醫院,健檢部,N1,健檢中心,工時規律／少夜班,3 診,600-900,純早診（日班）,否（固定班表）,有，但常被中斷／縮短,每週 1-2 次,50-55,主管判斷,經常,低,5,11,91,38,14,年節獎金,有明確調薪制度,4,普通,3,薪資與制度都優,allow,,allow,,,
2025-09-23,台北市,診所,NN 診所,骨科門診,N1,外科系,工時規律／少夜班,1 診,300-600,純早診（日班）,否（固定班表）,無,每週 1-2 次,45-50,一律給,罕見,低,8,1,57,24,9,生日禮金、三節禮券,有但幅度小,4,普通,3,訓練體系完整,allow,,allow,,,
2025-09-23,宜蘭縣,地區醫院,宜蘭仁愛醫療財團法人宜蘭仁愛醫院,腎臟內科門診,N2,內科系,興趣／專長,2 診,600-900,輪班制,是（PRN，需要時才上班）,無,每週 3-4 次,40-45,合理範圍給,偶爾,低,7,8,77,32,12,生日禮金、三節禮券,幾乎不調,3,難以升遷,2,門診作息穩定,allow,,allow,,,
2025-09-23,雲林縣,地區醫院,北港仁一醫院,婦產科門診,N3,專科,身體因素,4 診以上,900-1200,含夜診,否（固定班表）,有，但常被中斷／縮短,幾乎不,40-45,合理範圍給,經常,中,6,3,90,38,14,進修補助,不清楚,4,普通,4,,,,allow,,,
2025-09-22,屏東縣,診所,MM 診所,小兒科門診,專科護理師,專科,家庭因素,4 診以上,1200 以上,純早診（日班）,部分 PRN,有，完整 1 小時,幾乎不,50-55,合理範圍給,罕見,低,3,10,91,38,14,進修補助,有但幅度小,3,難以升遷,2,中部醫院 case 量適中,allow,,allow,,,
2025-09-22,新竹縣,地區醫院,林醫院,皮膚科門診,N2,專科,工時規律／少夜班,2 診,1200 以上,早診＋午診,否（固定班表）,有，完整 1 小時,每週 1-2 次,45-50,合理範圍給,罕見,無,1,4,76,32,11,員工健檢自費項目補助,有但幅度小,3,難以升遷,2,主管常 stand-by 不夠,allow,,allow,,,
2025-09-22,新北市,區域醫院,輔仁大學學校財團法人輔仁大學附設醫院,耳鼻喉門診,護理長,專科,身體因素,2 診,300 以下,含夜診,部分 PRN,無,每週 1-2 次,50-55,合理範圍給,罕見,低,3,2,117,49,18,進修補助,有明確調薪制度,4,機會多,3,新人訓練紮實,allow,,allow,,,
2025-09-22,嘉義縣,診所,NN 診所,內科門診,N4,內科系,興趣／專長,4 診以上,900-1200,純早診（日班）,否（固定班表）,有，但常被中斷／縮短,每週 1-2 次,40-45,合理範圍給,罕見,中,3,4,99,42,15,,有但幅度小,4,機會多,3,,,,,,,
2025-09-22,台南市,區域醫院,台灣基督長老教會新樓醫療財團法人台南新樓醫院,健檢部,N3,健檢中心,工時規律／少夜班,1 診,300-600,早診＋午診,否（固定班表）,有，但常被中斷／縮短,每週 1-2 次,45-50,主管判斷,罕見,無,1,4,92,39,14,生日禮金、三節禮券,有但幅度小,4,機會多,4,可學到很多技術,allow,,allow,,,
2025-09-21 12:29,嘉義市,區域醫院,天主教中華聖母修女會醫療財團法人天主教聖馬爾定醫,外科門診,N2,外科系,工時規律／少夜班,4 診以上,900-1200,早診＋午診,部分 PRN,有，完整 1 小時,幾乎不,40-45,合理範圍給,偶爾,低,4,8,98,41,15,進修補助,有但幅度小,3,機會多,3,中部醫院 case 量適中,allow,,allow,,,
2025-09-21 07:50,台中市,區域醫院,佛教慈濟醫療財團法人台中慈濟醫院,健檢部,N0,健檢中心,離職前緩衝,1 診,600-900,純早診（日班）,否（固定班表）,無,每週 1-2 次,40-45,合理範圍給,罕見,無,8,13,72,30,11,進修補助,幾乎不調,4,機會多,3,工時長但待遇可,allow,,allow,,,
2025-09-21,嘉義縣,區域醫院,長庚醫療財團法人嘉義長庚紀念醫院,聯合門診中心,N1,聯合門診,家庭因素,4 診以上,300 以下,輪班制,是（PRN，需要時才上班）,無,每週 3-4 次,40-45,合理範圍給,經常,無,4,12,82,34,12,,有但幅度小,3,普通,3,資深領班受重視,allow,,,,,
2025-09-21,新北市,地區醫院,新泰綜合醫院,牙科診所,N4,專科,身體因素,3 診,600-900,純早診（日班）,否（固定班表）,有，但常被中斷／縮短,每週 1-2 次,40-45,主管判斷,經常,無,7,1,98,41,15,年節獎金,有明確調薪制度,5,機會多,4,專科很強值得待,allow,,allow,,,
2025-09-21,新北市,醫學中心,衛生福利部雙和醫院(委託臺北醫學大學興建經營),眼科門診,N2,專科,身體因素,2 診,600-900,含夜診,是（PRN，需要時才上班）,有，但常被中斷／縮短,幾乎每診都逾時,40-45,主管判斷,經常,無,1,12,102,43,15,員工旅遊補助,不清楚,4,機會多,3,,,,allow,,,
2025-09-21,台北市,醫學中心,國立台灣大學醫學院附設醫院,聯合門診中心,N2,聯合門診,工時規律／少夜班,1 診,300 以下,純早診（日班）,部分 PRN,有，完整 1 小時,幾乎不,40-45,合理範圍給,偶爾,低,6,5,113,47,17,員工餐廳伙食補助,有明確調薪制度,5,機會多,4,氣氛輕鬆,allow,,allow,,,
2025-09-20 12:25,台中市,醫學中心,中國醫藥大學附設醫院,心臟外科門診,N2,外科系,興趣／專長,4 診以上,600-900,早診＋午診,否（固定班表）,有，但常被中斷／縮短,幾乎不,40-45,合理範圍給,幾乎沒有,低,5,13,108,45,16,,幾乎不調,3,難以升遷,2,,,,,,,
2025-09-20,花蓮縣,地區醫院,臺北榮民總醫院鳳林分院,聯合門診中心,N1,聯合門診,興趣／專長,1 診,600-900,純早診（日班）,否（固定班表）,無,幾乎不,40-45,主管判斷,罕見,無,7,7,68,29,10,,有但幅度小,4,普通,4,安寧團隊互相 support,allow,,,,,
2025-09-20,花蓮縣,醫學中心,佛教慈濟醫療財團法人花蓮慈濟醫院,骨科門診,N1,外科系,家庭因素,2 診,300 以下,含夜診,否（固定班表）,有，但常被中斷／縮短,每週 3-4 次,45-50,主管判斷,經常,低,7,13,101,42,15,生日禮金、三節禮券,有但幅度小,4,機會多,4,,,,allow,,,
2025-09-19 19:13,新北市,醫學中心,衛生福利部雙和醫院(委託臺北醫學大學興建經營),婦產科門診,專科護理師,專科,家庭因素,3 診,300-600,含夜診,否（固定班表）,無,每週 1-2 次,40-45,主管判斷,幾乎沒有,中,5,9,122,51,18,進修補助,有但幅度小,5,機會多,5,兒科氣氛溫暖,allow,,allow,,,
2025-09-19 18:24,高雄市,地區醫院,樂生婦幼醫院,婦產科門診,副護理長,專科,工時規律／少夜班,1 診,600-900,含夜診,是（PRN，需要時才上班）,無,幾乎每診都逾時,45-50,主管判斷,罕見,無,6,8,93,39,14,,有明確調薪制度,4,普通,4,,,,,,,
2025-09-19 17:44,嘉義縣,區域醫院,長庚醫療財團法人嘉義長庚紀念醫院,腎臟內科門診,N2,內科系,興趣／專長,4 診以上,900-1200,早診＋午診,部分 PRN,有，完整 1 小時,幾乎不,50-55,一律給,罕見,低,1,10,96,40,14,進修補助,幾乎不調,5,機會多,4,安寧團隊互相 support,allow,,allow,,,
2025-09-19 16:15,高雄市,醫學中心,高雄榮民總醫院,皮膚診所,N1,專科,興趣／專長,2 診,600-900,純早診（日班）,否（固定班表）,無,幾乎不,40-45,主管判斷,罕見,低,2,3,96,40,14,,有明確調薪制度,3,機會多,3,訓練體系完整,allow,,,,,
2025-09-19 12:27,雲林縣,地區醫院,天主教若瑟醫療財團法人若瑟醫院,內科診所,N1,內科系,身體因素,4 診以上,900-1200,純早診（日班）,是（PRN，需要時才上班）,有，完整 1 小時,幾乎每診都逾時,40-45,合理範圍給,經常,無,8,3,74,31,11,醫療費用員工優惠,不清楚,3,難以升遷,2,leader 形同虛設,allow,,allow,,,
2025-09-19,花蓮縣,診所,KK 診所,小兒科門診,N4,專科,工時規律／少夜班,4 診以上,1200 以上,早診＋午診,否（固定班表）,有，但常被中斷／縮短,每週 1-2 次,45-50,一律給,幾乎沒有,低,7,9,98,41,15,員工健檢自費項目補助,不清楚,4,普通,4,,,,allow,,,
2025-09-19,新北市,醫學中心,醫療財團法人徐元智先生醫藥基金會亞東紀念醫院,腸胃內科門診,副護理長,內科系,工時規律／少夜班,2 診,1200 以上,早診＋午診,否（固定班表）,有，完整 1 小時,幾乎不,40-45,合理範圍給,偶爾,低,1,7,129,54,19,年節獎金,不清楚,4,機會多,4,團隊互助強,allow,,allow,,,
2025-09-19,台北市,醫學中心,三軍總醫院附設民眾診療服務處及其汀州院區,小兒科門診,專科護理師,專科,身體因素,1 診,900-1200,早診＋午診,否（固定班表）,有，但常被中斷／縮短,幾乎每診都逾時,40-45,合理範圍給,偶爾,低,1,10,112,47,17,員工旅遊補助,幾乎不調,4,機會多,4,團隊互助強,allow,,allow,,,
2025-09-19,嘉義市,診所,MM 診所,眼科門診,副護理長,專科,家庭因素,4 診以上,600-900,輪班制,否（固定班表）,無,幾乎不,45-50,一律給,罕見,低,2,2,89,37,13,員工餐廳伙食補助,有明確調薪制度,4,機會多,3,專科氣氛 OK,allow,,allow,,,
2025-09-18 22:15,彰化縣,醫學中心,彰化基督教醫療財團法人彰化基督教兒童醫院,皮膚診所,護理長,專科,興趣／專長,3 診,600-900,純早診（日班）,否（固定班表）,無,每週 1-2 次,40-45,一律給,罕見,低,4,5,142,60,21,,有但幅度小,3,難以升遷,2,被當打雜,allow,,,,,
2025-09-18 15:33,基隆市,區域醫院,衛生福利部基隆醫院,皮膚科門診,N1,專科,身體因素,4 診以上,600-900,含夜診,是（PRN，需要時才上班）,有，但常被中斷／縮短,幾乎不,40-45,一律給,罕見,低,5,13,84,35,13,員工旅遊補助,有明確調薪制度,3,機會多,3,安寧團隊互相 support,allow,,allow,,,
2025-09-18 09:56,新北市,診所,KK 診所,牙科診所,N0,專科,興趣／專長,3 診,600-900,純早診（日班）,否（固定班表）,無,幾乎不,40-45,合理範圍給,偶爾,低,7,11,65,27,10,年節獎金,幾乎不調,4,機會多,4,,,,allow,,,
2025-09-18 08:41,台北市,醫學中心,臺北市立萬芳醫院-委託臺北醫學大學辦理,中醫診所,N1,專科,工時規律／少夜班,3 診,600-900,含夜診,否（固定班表）,有，但常被中斷／縮短,每週 3-4 次,50-55,主管判斷,偶爾,低,5,9,106,45,16,員工旅遊補助,有但幅度小,4,機會多,4,兒科氣氛溫暖,allow,,allow,,,
2025-09-18,嘉義市,診所,II 診所,健康檢查中心,N3,健檢中心,離職前緩衝,1 診,900-1200,早診＋午診,部分 PRN,無,幾乎不,40-45,合理範圍給,偶爾,低,1,8,74,31,11,,有但幅度小,4,機會多,3,案件量大但有規矩,allow,,,,,
2025-09-17,桃園市,地區醫院,天成醫院,牙科診所,副護理長,專科,工時規律／少夜班,1 診,1200 以上,輪班制,否（固定班表）,有，但常被中斷／縮短,每週 1-2 次,40-45,一律給,偶爾,低,1,4,100,42,15,進修補助,不清楚,5,機會多,4,專科很強值得待,allow,,allow,,,
2025-09-17,新北市,區域醫院,衛生福利部臺北醫院,中醫診所,N1,專科,離職前緩衝,1 診,1200 以上,含夜診,否（固定班表）,有，但常被中斷／縮短,每週 1-2 次,50-55,合理範圍給,罕見,無,6,3,84,35,13,,幾乎不調,5,普通,4,可學到很多技術,allow,,,,,
2025-09-17,台南市,區域醫院,奇美醫療財團法人柳營奇美醫院,腎臟內科門診,N2,內科系,家庭因素,2 診,300 以下,含夜診,否（固定班表）,有，但常被中斷／縮短,每週 3-4 次,45-50,合理範圍給,經常,低,2,10,94,39,14,進修學分補助、國外研討會補助,幾乎不調,4,普通,4,主管支持度高,allow,,allow,,,
2025-09-16,新北市,醫學中心,醫療財團法人徐元智先生醫藥基金會亞東紀念醫院,健檢部,N2,健檢中心,興趣／專長,3 診,1200 以上,含夜診,否（固定班表）,無,幾乎每診都逾時,40-45,一律給,罕見,低,5,5,110,46,17,年度自強活動,不清楚,4,機會多,3,訓練體系完整,allow,,allow,,,
