timestamp,location,institutionType,institutionName,unitName,jobTitle,psychHospitalKind,psychType,teamSupport,ehrLevel,dayShiftRatio,dayPeakRatio,eveningShiftRatio,eveningPeakRatio,nightShiftRatio,nightPeakRatio,shiftSystem,eveningAllowanceNonPack,eveningAllowancePack,nightAllowanceNonPack,nightAllowancePack,hasOnCall,onCallPattern,psychHazardPay,nonNursingHelp,nonNursingHelpShifts,newbieIndependence,newbieNightShift,dailyOvertime,weeklyHours,overtimePolicy,adminBurden,medicalComorbidity,tubeCare,medicalPhysician,transferDifficulty,violenceFreq,incidentFreq,restraintFreq,violenceRiskFeeling,securitySupport,postIncidentSupport,protectionRoomCount,hasProtectionRoom,stressLevel,careDifficulty,yearsCurrent,yearsTotal,annualSalary,monthlyBase,annualBonus,specialBenefits,workAtmosphere,promotion,recommendIndex,comment,modComment,modCommentCode,modSpecialBenefits,modSpecialBenefitsCode,modOnCallPattern,modOnCallPatternCode
2025-11-15 21:55,桃園市,地區醫院,德仁醫院,精神急性病房,護理長,綜合醫院精神科,急性兒童青少年,部分（缺 1-2 種）,全面電子化,1:7-8,1:11-12,1:20 以上,無此班別,1:20 以上,無此班別,兩班制,250,無,600,400,是,約兩週輪一次，下班後待命到隔天早上，被叫回一個月約 1-2 次，有 on call 費,有,,,不一定,不排夜班,1-2 小時,40-45,主管判斷,3,總是,,,4,1-5 次,3-5 次,偶爾,,有，隨叫隨到,,,無保護室,,4,6,3,103,43,15,年度自強活動,4,機會多,3,新人訓練紮實,allow,,allow,,allow,
2025-11-15,雲林縣,區域醫院,國立臺灣大學醫學院附設醫院雲林分院及其虎尾院區,精神急性病房,N2,不清楚,急性成癮,完整（心理/職能/社工/醫師）,紙本為主,1:11-12,1:16-17,1:13-15,1:16-17,1:20 以上,無此班別,兩班制,600,200,500,無,是,每月輪 3-4 次，被叫回頻率低，沒有 on call 費只能補休,無,無,,1-2 個月,不排夜班,4 小時,40-45,合理範圍給,3,,,院內有內外科醫師,1,完全沒有,,每週數次,5,無，靠護理人員自己,非常完善,,無保護室,4,,4,13,86,36,13,托兒補助,4,機會多,3,可學到很多技術,allow,,allow,,allow,
2025-11-15,宜蘭縣,區域醫院,醫療財團法人羅許基金會羅東博愛醫院,兒童青少年精神,N2,精神科醫院,日間照護,部分（缺 1-2 種）,紙本為主,1:9-10,1:9-10,1:11-12,1:13-15,1:20 以上,無此班別,混合制,200,無,800,無,否,,不清楚,無,,2-3 個月,1 年以上,,50-55,合理範圍給,1,,,,,1-5 次,無,罕見,4,,,0,老舊／不安全,,1,3,11,98,41,15,,3,機會多,3,資深領班受重視,allow,,,,,
2025-11-15,台北市,醫學中心,台灣基督長老教會馬偕醫療財團法人馬偕紀念醫院,日間照護單位,副護理長,不清楚,日間照護,主要靠護理,全面電子化,1:6 以下,1:9-10,1:13-15,1:13-15,1:13-15,1:16-17,三班制,500,200,600,500,否,,有,有,白班（D）、小夜（E）、大夜（N）,1-2 個月,到職 3 個月內,無,45-50,一律給,,總是,鼻胃管、導尿管,定期駐診,1,完全沒有,無,罕見,3,有，隨叫隨到,普通,0,無保護室,,4,8,12,133,56,20,員工健檢自費項目補助,3,普通,3,同事關係好,allow,,allow,,,
2025-11-14 20:40,高雄市,區域醫院,義大醫療財團法人義大癌治療醫院,老年精神,N2,精神科教學醫院,急性成癮,完整（心理/職能/社工/醫師）,,1:11-12,1:11-12,1:20 以上,無此班別,1:20 以上,無此班別,混合制,300,200,800,1200,是,約兩週輪一次，下班後待命到隔天早上，被叫回一個月約 1-2 次，有 on call 費,有,,,1 個月內,到職 3 個月內,1 小時內,45-50,合理範圍給,2,幾乎沒有,鼻胃管、導尿管,無,2,1-5 次,,罕見,1,有，但常需等待,,1,良好,,,3,6,84,35,13,進修學分補助、國外研討會補助,4,機會多,3,夜班輪轉公平,allow,,allow,,allow,
2025-11-14 15:58,基隆市,地區醫院,三軍總醫院基隆分院附設民眾診療服務處,精神急性病房,N3,不清楚,急性老年,部分（缺 1-2 種）,,1:11-12,1:16-17,1:20 以上,無此班別,1:13-15,1:16-17,三班制,500,400,800,400,否,,無,無,,,到職 3 個月內,1 小時內,45-50,合理範圍給,,幾乎沒有,導尿管,無,5,幾乎每天,1-2 次,每週數次,,,不太足夠,0,老舊／不安全,1,2,3,6,84,35,13,進修學分補助、國外研討會補助,4,機會多,3,訓練體系完整,allow,,allow,,,
2025-11-14 14:02,台南市,區域醫院,奇美醫療財團法人柳營奇美醫院,成癮戒治,N3,不清楚,急性成癮,部分（缺 1-2 種）,,1:11-12,1:13-15,1:11-12,1:11-12,1:20 以上,1:20 以上,兩班制,500,無,1200,1000,是,每月輪 3-4 次，被叫回頻率低，沒有 on call 費只能補休,,,,不一定,6-12 個月,1-2 小時,50-55,合理範圍給,5,經常,鼻胃管、導尿管、氣切管,,,6-10 次,,每週數次,,,不太足夠,,堪用,4,4,6,13,101,42,15,宿舍（單人房）,4,機會多,3,薪資與制度都優,allow,,allow,,allow,
2025-11-14 08:58,基隆市,地區醫院,三軍總醫院基隆分院附設民眾診療服務處,老年精神,N0,精神科醫院,急性兒童青少年,部分（缺 1-2 種）,部分電子化,1:7-8,1:9-10,1:20 以上,無此班別,1:13-15,1:13-15,三班制,無,200,500,600,否,,,無,,,1 年以上,1-2 小時,40-45,一律給,4,經常,,院內有內外科醫師,,1-5 次,6 次以上,罕見,1,無，靠護理人員自己,普通,2,老舊／不安全,1,2,2,3,62,26,9,,5,機會多,4,排班相對人性化,allow,,,,,
2025-11-14,高雄市,地區醫院,長春醫院,兒童青少年精神,N0,綜合醫院精神科,急性老年,部分（缺 1-2 種）,全面電子化,1:7-8,1:11-12,1:9-10,1:13-15,1:20 以上,無此班別,兩班制,200,600,無,1000,是,約兩週輪一次，下班後待命到隔天早上，被叫回一個月約 1-2 次，有 on call 費,,,,,到職 3 個月內,4 小時,40-45,合理範圍給,,偶爾,,,4,1-5 次,無,罕見,,無，靠護理人員自己,非常不足,1,無保護室,4,2,4,4,69,29,10,,5,機會多,5,可學到很多技術,allow,,,,allow,
2025-11-14,高雄市,醫學中心,高雄榮民總醫院,日間照護單位,N1,綜合醫院精神科,急性兒童青少年,部分（缺 1-2 種）,部分電子化,1:11-12,1:11-12,1:13-15,1:18-19,1:20 以上,無此班別,三班制,600,300,800,500,是,約兩週輪一次，下班後待命到隔天早上，被叫回一個月約 1-2 次，有 on call 費,不清楚,,,2-3 個月,不排夜班,,45-50,一律給,1,總是,氣切管,,,1-5 次,3-5 次,罕見,,無，靠護理人員自己,,2,堪用,2,1,8,12,106,45,16,,3,普通,3,可學到很多技術,allow,,,,allow,
2025-11-13,嘉義市,區域醫院,天主教中華聖母修女會醫療財團法人天主教聖馬爾定醫,日間照護單位,N4,綜合醫院精神科,急性老年,主要靠護理,紙本為主,1:11-12,1:11-12,1:13-15,1:16-17,1:20 以上,無此班別,兩班制,400,500,無,無,是,平日夜間待命，叫回要 30 分鐘內到院,,,,1 個月內,3-6 個月,,45-50,一律給,3,經常,導尿管、氣切管,無,5,1-5 次,6 次以上,偶爾,5,,,3 間以上,無保護室,,,4,3,113,47,17,,4,機會多,3,案件多但學得快,allow,,,,allow,
2025-11-12 23:53,苗栗縣,區域醫院,衛生福利部苗栗醫院,社區精神復健,N3,綜合醫院精神科,慢性,部分（缺 1-2 種）,部分電子化,1:7-8,1:11-12,1:9-10,1:13-15,1:20 以上,無此班別,三班制,400,500,500,400,否,,不清楚,,,不一定,到職 3 個月內,無,40-45,一律給,1,偶爾,鼻胃管、導尿管、氣切管,院內有內外科醫師,4,1-5 次,3-5 次,偶爾,5,有，但常需等待,不太足夠,3 間以上,堪用,4,2,2,7,101,42,15,,5,普通,5,資深領班受重視,allow,,,,,
2025-11-12 23:12,台南市,區域醫院,台南市立醫院(委託秀傳醫療社團法人經營),精神急性病房,N1,精神科教學醫院,慢性,部分（缺 1-2 種）,紙本為主,1:7-8,1:11-12,1:9-10,1:11-12,1:13-15,1:18-19,三班制,無,200,500,800,否,,,,,2-3 個月,6-12 個月,無,50-55,合理範圍給,,,鼻胃管、導尿管、氣切管,院內有內外科醫師,,6-10 次,6 次以上,每週數次,4,有，隨叫隨到,,2,無保護室,,1,2,11,92,39,14,,3,普通,1,,,,,,,
2025-11-12,高雄市,區域醫院,國軍高雄總醫院附設民眾診療服務處,精神慢性病房,N1,精神科醫院,急性一般,完整（心理/職能/社工/醫師）,,1:7-8,1:11-12,1:20 以上,無此班別,1:20 以上,無此班別,混合制,500,無,500,800,是,約兩週輪一次，下班後待命到隔天早上，被叫回一個月約 1-2 次，有 on call 費,不清楚,有,白班（D）、小夜（E）,,,,40-45,主管判斷,5,總是,鼻胃管、導尿管,,,幾乎每天,6 次以上,罕見,3,,,1,良好,4,3,7,7,86,36,13,,4,機會多,3,兒科氣氛溫暖,allow,,,,allow,
2025-11-12,苗栗縣,區域醫院,為恭醫療財團法人為恭紀念醫院及其東興院區,成癮戒治,副護理長,綜合醫院精神科,日間照護,主要靠護理,全面電子化,1:7-8,1:11-12,1:13-15,1:16-17,1:20 以上,無此班別,三班制,500,600,600,500,是,平日夜間待命，叫回要 30 分鐘內到院,無,有,大夜（N）,1 個月內,不排夜班,2-3 小時,40-45,一律給,,,,,,1-5 次,無,每日多次,5,有，隨叫隨到,非常完善,2,老舊／不安全,,1,3,10,118,50,18,,5,普通,4,團隊互助強,allow,,,,allow,
2025-11-12,台中市,醫學中心,中山醫學大學附設醫院,精神急性病房,N1,綜合醫院精神科,精神科急診,完整（心理/職能/社工/醫師）,紙本為主,1:9-10,1:11-12,1:20 以上,1:20 以上,1:20 以上,1:20 以上,混合制,200,400,500,1000,否,,有,無,,1-2 個月,,無,40-45,合理範圍給,,幾乎沒有,鼻胃管、導尿管、氣切管,院內有內外科醫師,2,6-10 次,無,偶爾,5,,,3 間以上,無保護室,4,5,8,3,98,41,15,,4,普通,4,兒科氣氛溫暖,allow,,,,,
2025-11-12,台北市,醫學中心,國立台灣大學醫學院附設醫院,精神急性病房,副護理長,精神科醫院,精神科加護,部分（缺 1-2 種）,紙本為主,1:11-12,1:11-12,1:9-10,1:9-10,1:20 以上,1:20 以上,混合制,無,無,1000,400,是,假日白天待命，被叫回才算加班費,不清楚,無,,1 個月內,6-12 個月,無,40-45,合理範圍給,2,經常,,僅能會診／轉外院,4,6-10 次,,每週數次,,無，靠護理人員自己,,0,無保護室,3,2,1,5,119,50,18,年度自強活動,4,機會多,4,氣氛輕鬆,allow,,allow,,allow,
2025-11-12,新北市,區域醫院,行天宮醫療志業醫療財團法人恩主公醫院,兒童青少年精神,N1,精神科醫院,慢性,部分（缺 1-2 種）,,1:9-10,1:9-10,1:9-10,1:13-15,1:20 以上,1:20 以上,三班制,250,600,800,600,是,平日夜間待命，叫回要 30 分鐘內到院,,,,1-2 個月,6-12 個月,1 小時內,45-50,一律給,,,鼻胃管、導尿管、氣切管,僅能會診／轉外院,3,6-10 次,1-2 次,偶爾,1,,普通,,無保護室,,,7,7,81,34,12,年度自強活動,4,機會多,4,團隊互助強,allow,,allow,,allow,
2025-11-12,台中市,地區醫院,林森醫院,日間照護單位,N0,精神科醫院,日間照護,完整（心理/職能/社工/醫師）,,1:9-10,1:13-15,1:18-19,1:18-19,1:20 以上,1:20 以上,混合制,無,600,800,800,是,假日白天待命，被叫回才算加班費,不清楚,有,白班（D）,1 個月內,,1 小時內,45-50,主管判斷,2,幾乎沒有,鼻胃管、導尿管,院內有內外科醫師,5,幾乎每天,無,罕見,,無，靠護理人員自己,非常不足,,老舊／不安全,4,,3,4,58,24,9,,4,機會多,3,案件多但學得快,allow,,,,allow,
2025-11-12,屏東縣,區域醫院,衛生福利部屏東醫院,精神急性病房,N2,精神科醫院,急性兒童青少年,完整（心理/職能/社工/醫師）,部分電子化,1:7-8,1:7-8,1:9-10,1:11-12,1:20 以上,1:20 以上,三班制,250,600,1200,800,是,,,,,,,,40-45,合理範圍給,,總是,鼻胃管、導尿管、氣切管,院內有內外科醫師,2,6-10 次,6 次以上,每日多次,5,有，但常需等待,非常完善,0,堪用,,3,3,4,89,37,13,,4,普通,4,薪資與制度都優,allow,,,,,
2025-11-11 17:33,嘉義市,區域醫院,臺中榮民總醫院嘉義分院,成癮戒治,N3,不清楚,急性成癮,完整（心理/職能/社工/醫師）,,1:7-8,1:7-8,1:9-10,1:9-10,1:20 以上,無此班別,兩班制,400,600,500,400,是,,不清楚,有,白班（D）、小夜（E）、大夜（N）,2-3 個月,,,40-45,合理範圍給,,經常,氣切管,院內有內外科醫師,1,6-10 次,無,每日多次,4,有，隨叫隨到,,1,無保護室,2,2,4,11,99,42,15,醫療費用員工優惠,3,機會多,3,加班頻率可接受,allow,,allow,,,
2025-11-10 21:21,台中市,地區醫院,忠港醫院,精神急性病房,副護理長,不清楚,精神科加護,完整（心理/職能/社工/醫師）,紙本為主,1:9-10,1:9-10,1:20 以上,無此班別,1:20 以上,1:20 以上,兩班制,無,400,600,800,否,,,無,,,到職 3 個月內,,50-55,一律給,2,總是,鼻胃管、氣切管,,,1-5 次,,每日多次,3,有，隨叫隨到,非常不足,2,無保護室,4,4,5,2,91,38,14,年度自強活動,5,普通,4,案件多但學得快,allow,,allow,,,
2025-11-10 17:00,台中市,區域醫院,仁愛醫療財團法人大里仁愛醫院,成癮戒治,N1,精神科醫院,日間照護,部分（缺 1-2 種）,紙本為主,1:9-10,1:13-15,1:13-15,1:13-15,1:20 以上,無此班別,三班制,600,500,600,1000,否,,無,無,,1 個月內,3-6 個月,2-3 小時,40-45,合理範圍給,4,,鼻胃管,院內有內外科醫師,2,完全沒有,無,每週數次,5,無，靠護理人員自己,,,堪用,1,1,2,2,89,37,13,,4,機會多,5,兒科氣氛溫暖,allow,,,,,
2025-11-10 07:30,台中市,區域醫院,衛生福利部豐原醫院,精神慢性病房,N2,精神科醫院,精神科急診,主要靠護理,,1:7-8,1:9-10,1:18-19,無此班別,1:20 以上,無此班別,兩班制,250,無,500,1000,否,,不清楚,無,,1-2 個月,到職 3 個月內,4 小時,45-50,一律給,2,偶爾,鼻胃管,無,5,1-5 次,無,罕見,2,無，靠護理人員自己,普通,,無保護室,1,5,1,11,88,37,13,,4,普通,4,同事關係好,allow,,,,,
2025-11-10,台北市,區域醫院,振興醫療財團法人振興醫院,精神急性病房,N1,綜合醫院精神科,精神科加護,主要靠護理,部分電子化,1:7-8,1:7-8,1:20 以上,無此班別,1:20 以上,無此班別,三班制,500,無,800,無,否,,有,,,,,1 小時內,40-45,合理範圍給,5,很少,,院內有內外科醫師,,11-20 次,6 次以上,偶爾,2,,普通,2,老舊／不安全,2,3,8,11,89,37,13,員工餐廳伙食補助,4,機會多,3,,,,allow,,,
2025-11-10,高雄市,醫學中心,長庚醫療財團法人高雄長庚紀念醫院,成癮戒治,N2,精神科教學醫院,急性老年,主要靠護理,,1:9-10,1:13-15,1:18-19,1:18-19,1:20 以上,無此班別,兩班制,200,250,400,400,是,假日白天待命，被叫回才算加班費,,無,,,,無,45-50,合理範圍給,,幾乎沒有,導尿管,僅能會診／轉外院,1,完全沒有,3-5 次,每週數次,5,有，隨叫隨到,,,無保護室,,4,8,5,109,46,16,宿舍（單人房）,3,普通,3,薪資與制度都優,allow,,allow,,allow,
2025-11-10,彰化縣,區域醫院,秀傳醫療財團法人彰濱秀傳紀念醫院,兒童青少年精神,副護理長,精神科醫院,精神科加護,主要靠護理,全面電子化,1:9-10,1:9-10,1:11-12,1:16-17,1:20 以上,無此班別,混合制,無,無,無,600,是,平日夜間待命，叫回要 30 分鐘內到院,,,,,,1-2 小時,45-50,合理範圍給,,,鼻胃管、導尿管、氣切管,院內有內外科醫師,2,6-10 次,無,罕見,,有，但常需等待,,,良好,1,,2,11,113,47,17,,4,機會多,3,同事關係好,allow,,,,allow,
2025-11-10,台北市,區域醫院,振興醫療財團法人振興醫院,精神慢性病房,N3,精神科醫院,急性一般,完整（心理/職能/社工/醫師）,,1:9-10,1:13-15,1:13-15,1:16-17,1:13-15,1:13-15,混合制,200,400,400,無,否,,無,無,,1-2 個月,,無,45-50,主管判斷,4,,,,1,幾乎每天,無,偶爾,,無，靠護理人員自己,普通,2,堪用,1,,1,8,105,44,16,,4,普通,3,,,,,,,
2025-11-09 07:25,台北市,醫學中心,國立台灣大學醫學院附設醫院,精神急性病房,N1,精神科醫院,慢性,主要靠護理,紙本為主,1:9-10,1:13-15,1:13-15,1:13-15,1:13-15,1:13-15,混合制,300,200,無,1200,否,,,有,大夜（N）,,到職 3 個月內,1 小時內,40-45,一律給,,總是,鼻胃管,,2,完全沒有,6 次以上,每週數次,,有，但常需等待,,0,良好,,,6,9,105,44,16,,3,難以升遷,2,新人訓練紮實,allow,,,,,
2025-11-09,桃園市,區域醫院,沙爾德聖保祿修女會醫療財團法人聖保祿醫院,兒童青少年精神,N2,綜合醫院精神科,急性老年,部分（缺 1-2 種）,紙本為主,1:9-10,1:13-15,1:11-12,1:13-15,1:20 以上,無此班別,三班制,200,600,無,800,否,,不清楚,有,白班（D）、大夜（N）,,1 年以上,,50-55,合理範圍給,3,經常,,院內有內外科醫師,,11-20 次,3-5 次,偶爾,3,無，靠護理人員自己,,,良好,,2,2,8,97,41,15,,5,普通,5,,,,,,,
2025-11-09,台北市,區域醫院,臺北市立聯合醫院仁愛院區,老年精神,N2,不清楚,急性一般,部分（缺 1-2 種）,紙本為主,1:11-12,1:16-17,1:20 以上,1:20 以上,1:13-15,1:13-15,混合制,200,600,400,1000,否,,無,,,1-2 個月,到職 3 個月內,,40-45,合理範圍給,,經常,導尿管、氣切管,,5,11-20 次,3-5 次,罕見,3,,不太足夠,3 間以上,無保護室,2,4,2,5,94,39,14,,4,機會多,3,團隊互助強,allow,,,,,
2025-11-08 19:36,宜蘭縣,區域醫院,天主教靈醫會醫療財團法人羅東聖母醫院,兒童青少年精神,N3,不清楚,精神科加護,部分（缺 1-2 種）,全面電子化,1:9-10,1:13-15,1:18-19,1:18-19,1:20 以上,無此班別,兩班制,600,250,600,無,否,,,有,白班（D）、小夜（E）、大夜（N）,1 個月內,,4 小時,40-45,一律給,4,經常,鼻胃管、導尿管、氣切管,定期駐診,,11-20 次,,偶爾,2,無，靠護理人員自己,,3 間以上,老舊／不安全,,2,7,7,92,39,14,,4,普通,4,案件多但學得快,allow,,,,,
2025-11-08 17:43,屏東縣,區域醫院,衛生福利部屏東醫院,精神慢性病房,N2,精神科醫院,日間照護,部分（缺 1-2 種）,部分電子化,1:9-10,1:11-12,1:11-12,1:13-15,1:13-15,1:16-17,兩班制,400,200,無,600,是,每月輪 3-4 次，被叫回頻率低，沒有 on call 費只能補休,不清楚,有,白班（D）,3 個月以上,不排夜班,,50-55,主管判斷,2,偶爾,鼻胃管,定期駐診,4,1-5 次,6 次以上,罕見,5,有，隨叫隨到,,3 間以上,老舊／不安全,1,4,1,7,93,39,14,,4,普通,4,案件多但學得快,allow,,,,allow,
2025-11-08,苗栗縣,區域醫院,為恭醫療財團法人為恭紀念醫院及其東興院區,社區精神復健,N1,精神科醫院,急性成癮,主要靠護理,部分電子化,1:11-12,1:11-12,1:13-15,1:13-15,1:20 以上,無此班別,三班制,250,250,800,無,否,,,無,,1-2 個月,不排夜班,,40-45,合理範圍給,,偶爾,氣切管,院內有內外科醫師,,11-20 次,,偶爾,3,有，但常需等待,普通,,良好,4,,4,7,92,39,14,,3,機會多,3,門診作息穩定,allow,,,,,
2025-11-07 12:08,台北市,醫學中心,國泰醫療財團法人國泰綜合醫院,社區精神復健,N3,精神科教學醫院,急性老年,部分（缺 1-2 種）,紙本為主,1:7-8,1:11-12,1:20 以上,無此班別,1:20 以上,無此班別,兩班制,500,400,600,1200,是,約兩週輪一次，下班後待命到隔天早上，被叫回一個月約 1-2 次，有 on call 費,,無,,,,1-2 小時,40-45,一律給,,幾乎沒有,,,,11-20 次,無,罕見,,有，隨叫隨到,非常完善,2,老舊／不安全,,,5,12,115,48,17,,3,機會多,3,門診作息穩定,allow,,,,allow,
2025-11-07,台南市,地區醫院,宏科醫院,老年精神,N1,不清楚,急性一般,主要靠護理,全面電子化,1:11-12,1:16-17,1:13-15,1:13-15,1:20 以上,無此班別,混合制,250,250,500,400,是,假日白天待命，被叫回才算加班費,無,有,白班（D）、小夜（E）、大夜（N）,,,4 小時,40-45,合理範圍給,,偶爾,鼻胃管,僅能會診／轉外院,,完全沒有,,罕見,4,,,3 間以上,無保護室,,2,7,3,78,33,12,進修學分補助、國外研討會補助,4,機會多,3,訓練體系完整,allow,,allow,,allow,
2025-11-07,新北市,地區醫院,元復醫院,日間照護單位,N0,精神科教學醫院,精神科急診,完整（心理/職能/社工/醫師）,紙本為主,1:6 以下,1:7-8,1:18-19,無此班別,1:20 以上,1:20 以上,兩班制,400,300,1000,400,是,,有,,,1-2 個月,不排夜班,無,45-50,一律給,2,偶爾,,,,1-5 次,,罕見,4,有，但常需等待,,,無保護室,3,1,6,4,71,30,11,年度自強活動,4,普通,3,aaaaaaa 測試測試 123456,block,亂填或無關,allow,,,
2025-11-06 14:42,嘉義市,區域醫院,天主教中華聖母修女會醫療財團法人天主教聖馬爾定醫,精神慢性病房,N2,精神科教學醫院,精神科加護,完整（心理/職能/社工/醫師）,部分電子化,1:9-10,1:11-12,1:18-19,1:20 以上,1:20 以上,無此班別,混合制,200,200,600,1200,是,每月輪 3-4 次，被叫回頻率低，沒有 on call 費只能補休,,,,,,1 小時內,45-50,一律給,4,很少,鼻胃管、導尿管、氣切管,無,1,1-5 次,,偶爾,1,有，但常需等待,非常完善,1,無保護室,,2,8,6,82,34,12,員工餐廳伙食補助,4,機會多,4,兒科氣氛溫暖,allow,,allow,,allow,
2025-11-06 12:51,彰化縣,區域醫院,衛生福利部彰化醫院,精神急性病房,N1,不清楚,精神科急診,完整（心理/職能/社工/醫師）,部分電子化,1:9-10,1:11-12,1:9-10,1:13-15,1:20 以上,無此班別,混合制,200,200,無,無,是,,不清楚,無,,2-3 個月,3-6 個月,,50-55,一律給,4,總是,鼻胃管、導尿管、氣切管,,5,11-20 次,6 次以上,每週數次,1,,非常完善,2,良好,4,,7,8,87,37,13,,3,普通,2,,,,,,,
2025-11-06,台北市,醫學中心,國泰醫療財團法人國泰綜合醫院,日間照護單位,N4,精神科醫院,慢性,部分（缺 1-2 種）,,1:11-12,1:11-12,1:13-15,1:18-19,1:20 以上,無此班別,兩班制,無,250,500,1000,否,,不清楚,,,1 個月內,,1 小時內,45-50,合理範圍給,,總是,鼻胃管、導尿管,僅能會診／轉外院,5,6-10 次,,偶爾,1,有，但常需等待,,,堪用,2,4,4,12,129,54,19,進修學分補助、國外研討會補助,4,機會多,4,,,,allow,,,
2025-11-05 16:33,基隆市,地區醫院,基隆市立醫院,兒童青少年精神,N2,精神科教學醫院,急性一般,完整（心理/職能/社工/醫師）,部分電子化,1:7-8,1:7-8,1:20 以上,無此班別,1:20 以上,無此班別,混合制,無,400,無,500,是,平日夜間待命，叫回要 30 分鐘內到院,有,有,白班（D）、小夜（E）、大夜（N）,1-2 個月,,1 小時內,40-45,主管判斷,,經常,氣切管,院內有內外科醫師,5,幾乎每天,1-2 次,罕見,3,無，靠護理人員自己,,,良好,5,2,8,9,69,29,10,托兒補助,3,普通,2,,,,allow,,allow,
2025-11-05,台北市,醫學中心,台灣基督長老教會馬偕醫療財團法人馬偕紀念醫院,日間照護單位,N2,精神科醫院,急性一般,完整（心理/職能/社工/醫師）,,1:7-8,1:9-10,1:13-15,1:16-17,1:13-15,1:13-15,三班制,600,300,1000,400,是,,有,無,,1-2 個月,,,45-50,合理範圍給,4,很少,鼻胃管、導尿管、氣切管,,3,完全沒有,,偶爾,2,無，靠護理人員自己,普通,2,良好,1,1,6,5,103,43,15,員工餐廳伙食補助,3,普通,3,兒科氣氛溫暖,allow,,allow,,,
2025-11-05,桃園市,醫學中心,長庚醫療財團法人林口長庚紀念醫院,老年精神,N1,精神科教學醫院,急性兒童青少年,部分（缺 1-2 種）,,1:7-8,1:11-12,1:9-10,1:13-15,1:20 以上,無此班別,混合制,400,500,800,500,是,,有,無,,不一定,1 年以上,,45-50,一律給,,幾乎沒有,鼻胃管、導尿管、氣切管,僅能會診／轉外院,3,11-20 次,無,罕見,4,,,3 間以上,良好,,,5,11,92,39,14,進修學分補助、國外研討會補助,5,機會多,5,案件多但學得快,allow,,allow,,,
2025-11-05,台中市,區域醫院,亞洲大學附屬醫院,兒童青少年精神,N1,綜合醫院精神科,慢性,部分（缺 1-2 種）,全面電子化,1:6 以下,1:6 以下,1:18-19,1:20 以上,1:20 以上,1:20 以上,三班制,300,600,1000,400,否,,,有,大夜（N）,3 個月以上,6-12 個月,1-2 小時,40-45,主管判斷,2,,鼻胃管、導尿管,,3,幾乎每天,,罕見,3,有，隨叫隨到,,3 間以上,良好,,5,5,8,78,33,12,生日禮金、三節禮券,3,難以升遷,2,主管常 stand-by 不夠,allow,,allow,,,
2025-11-05,台南市,地區醫院,吉安醫療社團法人吉安醫院,精神急性病房,N1,精神科教學醫院,日間照護,完整（心理/職能/社工/醫師）,,1:7-8,1:9-10,1:18-19,無此班別,1:20 以上,無此班別,混合制,400,200,600,1000,否,,無,有,大夜（N）,,1 年以上,無,45-50,合理範圍給,1,,氣切管,院內有內外科醫師,,完全沒有,,每週數次,1,有，但常需等待,,,老舊／不安全,,1,2,2,64,27,10,生日禮金、三節禮券,3,普通,2,,,,allow,,,
2025-11-04 10:13,台北市,區域醫院,臺北醫學大學附設醫院,兒童青少年精神,N3,綜合醫院精神科,急性成癮,部分（缺 1-2 種）,,1:11-12,1:16-17,1:11-12,1:16-17,1:20 以上,無此班別,三班制,無,250,1200,400,是,平日夜間待命，叫回要 30 分鐘內到院,無,,,1 個月內,6-12 個月,1-2 小時,45-50,主管判斷,,,,僅能會診／轉外院,,完全沒有,無,偶爾,4,有，隨叫隨到,非常完善,3 間以上,老舊／不安全,2,,7,7,94,39,14,,3,普通,2,主管管太細,allow,,,,allow,
2025-11-04,台北市,區域醫院,臺北市立聯合醫院仁愛院區,日間照護單位,N2,不清楚,急性老年,主要靠護理,,1:11-12,1:11-12,1:11-12,1:11-12,1:20 以上,無此班別,兩班制,500,400,無,500,是,,有,,,,1 年以上,2-3 小時,40-45,合理範圍給,2,幾乎沒有,鼻胃管、導尿管、氣切管,僅能會診／轉外院,5,完全沒有,,偶爾,5,無，靠護理人員自己,不太足夠,1,老舊／不安全,,3,4,5,87,37,13,員工旅遊補助,3,難以升遷,2,夜班暴力事件多,allow,,allow,,,
2025-11-04,台中市,醫學中心,中國醫藥大學附設醫院,精神慢性病房,副護理長,精神科醫院,精神科急診,完整（心理/職能/社工/醫師）,部分電子化,1:7-8,1:9-10,1:11-12,1:11-12,1:20 以上,無此班別,三班制,無,600,800,800,否,,有,無,,2-3 個月,,2-3 小時,40-45,合理範圍給,2,幾乎沒有,導尿管、氣切管,定期駐診,5,11-20 次,無,偶爾,2,,良好,,良好,1,1,4,10,120,50,18,醫療費用員工優惠,4,機會多,3,,,,allow,,,
2025-11-03 12:59,新北市,地區醫院,板橋國泰醫院,精神急性病房,N3,精神科醫院,急性老年,完整（心理/職能/社工/醫師）,,1:7-8,1:7-8,1:20 以上,1:20 以上,1:20 以上,無此班別,三班制,250,300,400,600,否,,無,無,,2-3 個月,到職 3 個月內,4 小時,40-45,一律給,4,,導尿管、氣切管,院內有內外科醫師,3,11-20 次,6 次以上,每週數次,1,有，但常需等待,非常完善,2,良好,3,,7,2,78,33,12,員工旅遊補助,3,難以升遷,2,沒人沒錢沒尊重,allow,,allow,,,
2025-11-02 14:02,台北市,區域醫院,振興醫療財團法人振興醫院,老年精神,N3,精神科醫院,精神科急診,部分（缺 1-2 種）,部分電子化,1:6 以下,1:6 以下,1:9-10,1:11-12,1:13-15,1:13-15,混合制,600,250,1200,600,否,,有,無,,2-3 個月,不排夜班,4 小時,45-50,合理範圍給,,,氣切管,院內有內外科醫師,,幾乎每天,,罕見,3,無，靠護理人員自己,良好,3 間以上,無保護室,5,4,3,9,99,42,15,,4,機會多,3,排班相對人性化,allow,,,,,
2025-11-01 20:34,嘉義縣,地區醫院,衛生福利部朴子醫院,成癮戒治,N2,綜合醫院精神科,急性成癮,主要靠護理,全面電子化,1:11-12,1:13-15,1:9-10,1:11-12,1:20 以上,無此班別,三班制,600,無,600,1000,否,,有,有,白班（D）、小夜（E）,3 個月以上,,無,50-55,一律給,1,總是,鼻胃管、導尿管,,3,完全沒有,1-2 次,每日多次,5,,不太足夠,,無保護室,,2,2,3,77,32,12,,5,機會多,4,,,,,,,
2025-11-01 20:04,新北市,醫學中心,台灣基督長老教會馬偕醫療財團法人淡水馬偕紀念醫院,兒童青少年精神,N3,不清楚,精神科加護,主要靠護理,,1:7-8,1:11-12,1:9-10,1:9-10,1:20 以上,1:20 以上,混合制,300,無,400,1200,是,平日夜間待命，叫回要 30 分鐘內到院,無,有,白班（D）、小夜（E）、大夜（N）,3 個月以上,不排夜班,1 小時內,40-45,合理範圍給,,總是,導尿管,定期駐診,,11-20 次,3-5 次,罕見,5,有，但常需等待,不太足夠,,堪用,,4,3,6,116,49,17,,4,機會多,3,排班相對人性化,allow,,,,allow,
2025-11-01 09:46,高雄市,地區醫院,健新醫院,兒童青少年精神,N1,精神科教學醫院,急性一般,部分（缺 1-2 種）,部分電子化,1:9-10,1:11-12,1:18-19,1:20 以上,1:13-15,1:16-17,三班制,300,200,500,無,否,,不清楚,,,不一定,3-6 個月,1-2 小時,50-55,合理範圍給,5,經常,導尿管、氣切管,,3,幾乎每天,,偶爾,,無，靠護理人員自己,普通,,老舊／不安全,,3,3,1,74,31,11,宿舍（單人房）,3,機會多,3,可學到很多技術,allow,,allow,,,
2025-11-01,高雄市,地區醫院,新高鳳醫院,兒童青少年精神,N1,綜合醫院精神科,精神科急診,完整（心理/職能/社工/醫師）,全面電子化,1:7-8,1:9-10,1:11-12,1:11-12,1:20 以上,1:20 以上,三班制,500,200,1000,1000,否,,無,,,,到職 3 個月內,2-3 小時,40-45,主管判斷,5,偶爾,,定期駐診,5,幾乎每天,3-5 次,罕見,,有，隨叫隨到,不太足夠,,老舊／不安全,5,4,6,11,67,28,10,年度自強活動,3,機會多,3,主管管太細,allow,,allow,,,
2025-11-01,台中市,地區醫院,茂盛醫院,精神慢性病房,N1,精神科教學醫院,急性一般,部分（缺 1-2 種）,紙本為主,1:7-8,1:11-12,1:20 以上,1:20 以上,1:20 以上,無此班別,兩班制,300,400,800,1000,是,約兩週輪一次，下班後待命到隔天早上，被叫回一個月約 1-2 次，有 on call 費,有,,,,3-6 個月,2-3 小時,45-50,一律給,,幾乎沒有,鼻胃管、導尿管、氣切管,定期駐診,1,6-10 次,無,偶爾,4,有，但常需等待,不太足夠,0,堪用,,2,4,8,71,30,11,,3,普通,2,,,,,,allow,
2025-10-31 20:26,台北市,區域醫院,臺北醫學大學附設醫院,成癮戒治,N1,綜合醫院精神科,精神科加護,部分（缺 1-2 種）,,1:9-10,1:13-15,1:20 以上,無此班別,1:20 以上,1:20 以上,兩班制,400,200,1200,500,否,,有,無,,1 個月內,,無,45-50,合理範圍給,2,經常,鼻胃管、導尿管、氣切管,,4,11-20 次,,每日多次,5,無，靠護理人員自己,,3 間以上,堪用,4,,6,2,93,39,14,,3,普通,2,加班頻率可接受,allow,,,,,
2025-10-31 08:29,高雄市,地區醫院,高雄市立岡山醫院（委託秀傳醫療社團法人經營）,社區精神復健,N1,精神科教學醫院,急性成癮,部分（缺 1-2 種）,部分電子化,1:9-10,1:13-15,1:18-19,無此班別,1:20 以上,1:20 以上,兩班制,無,400,600,600,否,,,,,,,1 小時內,40-45,合理範圍給,4,,,定期駐診,,6-10 次,3-5 次,罕見,2,,非常完善,3 間以上,堪用,1,4,2,9,64,27,10,生日禮金、三節禮券,3,機會多,3,,,,allow,,,
2025-10-31,台東縣,區域醫院,台灣基督長老教會馬偕醫療財團法人台東馬偕紀念醫院,日間照護單位,副護理長,不清楚,急性成癮,部分（缺 1-2 種）,紙本為主,1:7-8,1:9-10,1:11-12,1:11-12,1:20 以上,1:20 以上,三班制,200,無,600,1200,否,,,有,白班（D）、小夜（E）、大夜（N）,2-3 個月,6-12 個月,4 小時,45-50,合理範圍給,,,鼻胃管、導尿管,,5,6-10 次,6 次以上,偶爾,4,,,,良好,5,5,2,1,111,47,17,生日禮金、三節禮券,3,難以升遷,2,專科氣氛 OK,allow,,allow,,,
2025-10-31,彰化縣,區域醫院,衛生福利部彰化醫院,老年精神,護理長,綜合醫院精神科,日間照護,完整（心理/職能/社工/醫師）,紙本為主,1:7-8,1:7-8,1:9-10,1:13-15,1:20 以上,1:20 以上,三班制,200,500,無,400,是,約兩週輪一次，下班後待命到隔天早上，被叫回一個月約 1-2 次，有 on call 費,有,,,1 個月內,,,40-45,主管判斷,,總是,氣切管,無,,幾乎每天,3-5 次,罕見,1,,非常完善,,良好,,,5,1,116,49,17,生日禮金、三節禮券,4,機會多,4,訓練體系完整,allow,,allow,,allow,
2025-10-31,宜蘭縣,區域醫院,醫療財團法人羅許基金會羅東博愛醫院,日間照護單位,N3,精神科醫院,日間照護,部分（缺 1-2 種）,部分電子化,1:9-10,1:9-10,1:18-19,無此班別,1:20 以上,1:20 以上,兩班制,400,無,600,1000,是,每月輪 3-4 次，被叫回頻率低，沒有 on call 費只能補休,不清楚,,,,到職 3 個月內,1-2 小時,45-50,合理範圍給,,經常,氣切管,院內有內外科醫師,5,幾乎每天,6 次以上,罕見,2,無，靠護理人員自己,,2,良好,,5,7,11,103,43,15,醫療費用員工優惠,3,難以升遷,2,工時長但待遇可,allow,,allow,,allow,
2025-10-31,桃園市,地區醫院,桃園秉坤婦幼醫院,社區精神復健,N2,精神科醫院,慢性,主要靠護理,,1:9-10,1:9-10,1:20 以上,無此班別,1:20 以上,無此班別,兩班制,500,600,600,600,是,每月輪 3-4 次，被叫回頻率低，沒有 on call 費只能補休,有,無,,,到職 3 個月內,1 小時內,45-50,一律給,1,很少,鼻胃管,無,4,1-5 次,3-5 次,罕見,4,有，隨叫隨到,良好,,無保護室,3,,7,1,83,35,12,,4,機會多,3,資深領班受重視,allow,,,,allow,
2025-10-31,台南市,區域醫院,台南市立醫院(委託秀傳醫療社團法人經營),精神慢性病房,N2,綜合醫院精神科,急性兒童青少年,部分（缺 1-2 種）,部分電子化,1:7-8,1:11-12,1:9-10,1:13-15,1:20 以上,1:20 以上,三班制,200,250,400,1200,否,,,有,大夜（N）,1-2 個月,6-12 個月,,45-50,合理範圍給,5,很少,鼻胃管、導尿管、氣切管,定期駐診,2,幾乎每天,,偶爾,1,無，靠護理人員自己,,2,老舊／不安全,5,4,3,11,82,34,12,宿舍（單人房）,3,普通,2,中部醫院 case 量適中,allow,,allow,,,
2025-10-30 17:52,台北市,醫學中心,三軍總醫院附設民眾診療服務處及其汀州院區,社區精神復健,N4,不清楚,日間照護,部分（缺 1-2 種）,全面電子化,1:9-10,1:13-15,1:13-15,1:13-15,1:20 以上,1:20 以上,三班制,500,300,無,1200,否,,無,有,小夜（E）、大夜（N）,不一定,不排夜班,2-3 小時,45-50,合理範圍給,5,偶爾,鼻胃管、導尿管、氣切管,僅能會診／轉外院,4,幾乎每天,3-5 次,罕見,5,無，靠護理人員自己,,3 間以上,老舊／不安全,3,1,7,10,127,53,19,,4,普通,4,資深領班受重視,allow,,,,,
2025-10-30 09:07,台南市,地區醫院,開元寺慈愛醫院,精神急性病房,N3,綜合醫院精神科,精神科急診,部分（缺 1-2 種）,,1:6 以下,1:7-8,1:11-12,1:16-17,1:13-15,1:16-17,兩班制,400,200,1200,600,是,,不清楚,有,白班（D）,,6-12 個月,,50-55,一律給,4,偶爾,鼻胃管、導尿管、氣切管,僅能會診／轉外院,,幾乎每天,1-2 次,每日多次,,,非常完善,,良好,,1,5,2,92,39,14,,5,機會多,5,排班相對人性化,allow,,,,,
2025-10-30,新北市,醫學中心,台灣基督長老教會馬偕醫療財團法人淡水馬偕紀念醫院,老年精神,副護理長,綜合醫院精神科,急性成癮,部分（缺 1-2 種）,紙本為主,1:6 以下,1:9-10,1:18-19,1:20 以上,1:20 以上,無此班別,兩班制,300,400,400,600,否,,無,,,2-3 個月,1 年以上,1 小時內,40-45,一律給,1,總是,氣切管,,2,完全沒有,無,偶爾,2,無，靠護理人員自己,普通,3 間以上,無保護室,,4,8,5,117,49,18,進修學分補助、國外研討會補助,5,機會多,5,專科很強值得待,allow,,allow,,,
2025-10-30,高雄市,地區醫院,德謙醫院,精神慢性病房,N2,精神科醫院,急性兒童青少年,部分（缺 1-2 種）,部分電子化,1:7-8,1:11-12,1:18-19,1:18-19,1:20 以上,無此班別,三班制,250,600,無,500,是,每月輪 3-4 次，被叫回頻率低，沒有 on call 費只能補休,無,,,不一定,1 年以上,4 小時,45-50,一律給,1,總是,,無,2,完全沒有,6 次以上,罕見,4,有，隨叫隨到,良好,,老舊／不安全,,5,5,13,76,32,11,,5,普通,4,氣氛輕鬆,allow,,,,allow,
2025-10-29 19:09,新竹市,區域醫院,台灣基督長老教會馬偕醫療財團法人新竹馬偕紀念醫院,精神急性病房,N2,精神科醫院,精神科加護,部分（缺 1-2 種）,部分電子化,1:9-10,1:9-10,1:18-19,1:20 以上,1:20 以上,無此班別,三班制,400,無,1000,無,是,,無,,,不一定,3-6 個月,,45-50,合理範圍給,,,鼻胃管、導尿管、氣切管,,,1-5 次,,偶爾,,有，但常需等待,良好,,良好,5,,6,12,95,40,14,年度自強活動,3,普通,3,,,,allow,,,
2025-10-29 10:21,桃園市,醫學中心,長庚醫療財團法人林口長庚紀念醫院,精神急性病房,N3,精神科醫院,急性兒童青少年,部分（缺 1-2 種）,,1:9-10,1:11-12,1:13-15,1:16-17,1:13-15,1:13-15,混合制,250,600,1000,1000,否,,無,有,白班（D）,1-2 個月,1 年以上,1 小時內,40-45,主管判斷,,偶爾,導尿管、氣切管,定期駐診,1,6-10 次,,每日多次,2,有，隨叫隨到,良好,2,良好,1,,7,8,110,46,17,,4,普通,3,中部醫院 case 量適中,allow,,,,,
2025-10-29,台北市,區域醫院,三軍總醫院松山分院附設民眾診療服務處,成癮戒治,N3,精神科教學醫院,慢性,部分（缺 1-2 種）,紙本為主,1:11-12,1:13-15,1:13-15,1:13-15,1:13-15,1:18-19,兩班制,無,300,600,無,否,,,,,3 個月以上,不排夜班,無,40-45,合理範圍給,,偶爾,鼻胃管、導尿管、氣切管,定期駐診,,幾乎每天,1-2 次,每週數次,1,,不太足夠,3 間以上,無保護室,2,,7,5,106,45,16,,4,普通,4,,,,,,,
2025-10-29,台北市,醫學中心,長庚醫療財團法人台北長庚紀念醫院,精神急性病房,N3,精神科醫院,急性成癮,部分（缺 1-2 種）,部分電子化,1:11-12,1:13-15,1:20 以上,無此班別,1:13-15,1:16-17,混合制,200,200,1000,1200,是,每月輪 3-4 次，被叫回頻率低，沒有 on call 費只能補休,,有,小夜（E）、大夜（N）,3 個月以上,,無,40-45,合理範圍給,,,,無,4,11-20 次,1-2 次,每日多次,1,有，隨叫隨到,普通,,無保護室,5,2,8,13,117,49,18,,5,機會多,4,兒科氣氛溫暖,allow,,,,allow,
2025-10-29,新北市,地區醫院,天主教耕莘醫療財團法人耕莘醫院安康院區,日間照護單位,N2,精神科教學醫院,慢性,完整（心理/職能/社工/醫師）,,1:9-10,1:9-10,1:9-10,1:9-10,1:20 以上,無此班別,混合制,300,無,無,400,是,,無,無,,3 個月以上,,2-3 小時,45-50,主管判斷,5,經常,導尿管、氣切管,無,,完全沒有,1-2 次,偶爾,2,無，靠護理人員自己,,0,堪用,4,4,7,6,74,31,11,,5,機會多,5,案件多但學得快,allow,,,,,
2025-10-29,台中市,區域醫院,亞洲大學附屬醫院,精神慢性病房,副護理長,精神科教學醫院,急性兒童青少年,完整（心理/職能/社工/醫師）,,1:11-12,1:13-15,1:20 以上,無此班別,1:20 以上,無此班別,兩班制,300,250,500,無,是,每月輪 3-4 次，被叫回頻率低，沒有 on call 費只能補休,無,,,不一定,,無,50-55,合理範圍給,1,,鼻胃管,定期駐診,4,1-5 次,,罕見,3,有，隨叫隨到,,3 間以上,無保護室,,5,5,13,109,46,16,,3,難以升遷,2,人力過勞且無加班費,allow,,,,allow,
2025-10-29,新竹市,醫學中心,國立臺灣大學醫學院附設醫院新竹臺大分院新竹醫院,精神急性病房,N2,綜合醫院精神科,急性兒童青少年,部分（缺 1-2 種）,紙本為主,1:6 以下,1:6 以下,1:9-10,1:11-12,1:20 以上,1:20 以上,三班制,400,250,無,600,是,每月輪 3-4 次，被叫回頻率低，沒有 on call 費只能補休,無,,,1-2 個月,,,45-50,主管判斷,,很少,鼻胃管、導尿管,,,11-20 次,,每日多次,1,有，隨叫隨到,,,老舊／不安全,1,,7,8,106,45,16,年度自強活動,5,普通,5,團隊互助強,allow,,allow,,allow,
2025-10-27,台北市,區域醫院,三軍總醫院松山分院附設民眾診療服務處,精神急性病房,N1,綜合醫院精神科,日間照護,主要靠護理,,1:9-10,1:13-15,1:20 以上,1:20 以上,1:20 以上,無此班別,三班制,200,600,1200,無,是,平日夜間待命，叫回要 30 分鐘內到院,,有,白班（D）、小夜（E）,3 個月以上,,,45-50,主管判斷,2,很少,鼻胃管、導尿管、氣切管,無,,11-20 次,3-5 次,每日多次,2,,良好,,堪用,4,3,6,4,87,37,13,,4,機會多,4,資深領班受重視,allow,,,,allow,
2025-10-27,高雄市,地區醫院,國軍左營總醫院岡山分院附設民眾診療服務處,精神急性病房,N3,精神科醫院,精神科急診,部分（缺 1-2 種）,部分電子化,1:11-12,1:11-12,1:18-19,無此班別,1:13-15,1:16-17,三班制,250,200,600,1000,否,,無,無,,2-3 個月,不排夜班,2-3 小時,40-45,一律給,5,很少,鼻胃管、氣切管,定期駐診,3,1-5 次,1-2 次,每週數次,3,,普通,1,堪用,,2,8,1,89,37,13,,4,機會多,3,同事關係好,allow,,,,,
2025-10-26 17:18,台中市,地區醫院,明德醫院,社區精神復健,N2,精神科醫院,日間照護,主要靠護理,紙本為主,1:6 以下,1:9-10,1:11-12,1:11-12,1:20 以上,無此班別,三班制,400,400,無,1000,否,,,,,不一定,1 年以上,2-3 小時,50-55,合理範圍給,3,總是,導尿管、氣切管,定期駐診,,完全沒有,3-5 次,罕見,1,有，但常需等待,,2,堪用,3,,1,8,83,35,12,,4,機會多,3,夜班輪轉公平,allow,,,,,
2025-10-26,澎湖縣,地區醫院,衛生福利部澎湖醫院及其安宅院區,兒童青少年精神,N3,不清楚,急性一般,完整（心理/職能/社工/醫師）,全面電子化,1:6 以下,1:6 以下,1:18-19,1:18-19,1:20 以上,無此班別,兩班制,500,600,1200,400,是,,有,無,,,6-12 個月,2-3 小時,45-50,一律給,,,鼻胃管、導尿管、氣切管,僅能會診／轉外院,3,11-20 次,1-2 次,罕見,,有，但常需等待,不太足夠,3 間以上,堪用,5,5,3,12,78,33,12,進修學分補助、國外研討會補助,4,普通,4,兒科氣氛溫暖,allow,,allow,,,
2025-10-26,台中市,區域醫院,仁愛醫療財團法人大里仁愛醫院,社區精神復健,護理長,不清楚,日間照護,部分（缺 1-2 種）,全面電子化,1:7-8,1:11-12,1:20 以上,1:20 以上,1:20 以上,無此班別,三班制,200,無,500,400,否,,無,無,,1-2 個月,6-12 個月,,50-55,主管判斷,,經常,,院內有內外科醫師,4,幾乎每天,,罕見,4,,普通,3 間以上,良好,,1,6,10,123,52,18,,4,機會多,4,薪資與制度都優,allow,,,,,
2025-10-25 22:58,新北市,醫學中心,台灣基督長老教會馬偕醫療財團法人淡水馬偕紀念醫院,日間照護單位,N2,精神科醫院,急性一般,完整（心理/職能/社工/醫師）,紙本為主,1:9-10,1:9-10,1:20 以上,1:20 以上,1:20 以上,無此班別,兩班制,無,500,600,無,是,,不清楚,有,白班（D）、小夜（E）,3 個月以上,不排夜班,1-2 小時,45-50,一律給,3,幾乎沒有,,院內有內外科醫師,5,幾乎每天,1-2 次,罕見,,有，但常需等待,不太足夠,0,無保護室,2,4,5,6,104,44,16,托兒補助,4,機會多,4,資深領班受重視,allow,,allow,,,
2025-10-25,宜蘭縣,區域醫院,醫療財團法人羅許基金會羅東博愛醫院,精神慢性病房,N1,精神科醫院,精神科急診,部分（缺 1-2 種）,全面電子化,1:6 以下,1:6 以下,1:20 以上,無此班別,1:13-15,1:13-15,混合制,200,600,600,800,否,,無,有,大夜（N）,1 個月內,,,45-50,一律給,5,偶爾,鼻胃管,,4,6-10 次,6 次以上,罕見,4,,良好,1,堪用,4,3,1,1,89,37,13,,4,機會多,4,團隊互助強,allow,,,,,
2025-10-25,台北市,區域醫院,振興醫療財團法人振興醫院,日間照護單位,N1,不清楚,急性兒童青少年,部分（缺 1-2 種）,全面電子化,1:7-8,1:7-8,1:13-15,1:16-17,1:20 以上,1:20 以上,兩班制,無,500,1000,1000,是,約兩週輪一次，下班後待命到隔天早上，被叫回一個月約 1-2 次，有 on call 費,不清楚,無,,不一定,不排夜班,1 小時內,50-55,合理範圍給,,偶爾,氣切管,無,1,完全沒有,3-5 次,罕見,3,,非常完善,,良好,5,3,3,12,86,36,13,,3,難以升遷,2,加班沒給,allow,,,,allow,
2025-10-25,台南市,區域醫院,奇美醫療財團法人柳營奇美醫院,日間照護單位,N2,精神科醫院,急性一般,部分（缺 1-2 種）,紙本為主,1:9-10,1:11-12,1:20 以上,無此班別,1:20 以上,無此班別,兩班制,600,500,800,800,是,,,有,白班（D）,,,4 小時,45-50,主管判斷,1,很少,鼻胃管、導尿管、氣切管,僅能會診／轉外院,3,幾乎每天,1-2 次,罕見,5,,非常完善,2,無保護室,4,5,8,1,85,36,13,生日禮金、三節禮券,3,難以升遷,2,leader 形同虛設,allow,,allow,,,
2025-10-24 15:31,新北市,醫學中心,台灣基督長老教會馬偕醫療財團法人淡水馬偕紀念醫院,兒童青少年精神,N3,綜合醫院精神科,急性兒童青少年,主要靠護理,部分電子化,1:11-12,1:16-17,1:13-15,1:18-19,1:20 以上,無此班別,混合制,250,300,400,800,是,每月輪 3-4 次，被叫回頻率低，沒有 on call 費只能補休,,無,,1-2 個月,1 年以上,2-3 小時,45-50,合理範圍給,4,總是,鼻胃管、導尿管、氣切管,,2,1-5 次,3-5 次,罕見,,有，但常需等待,不太足夠,,無保護室,3,3,6,6,114,48,17,進修學分補助、國外研討會補助,3,機會多,3,案件多但學得快,allow,,allow,,allow,
2025-10-24 12:34,彰化縣,地區醫院,成美醫院,社區精神復健,N0,綜合醫院精神科,精神科加護,完整（心理/職能/社工/醫師）,全面電子化,1:7-8,1:11-12,1:9-10,1:9-10,1:20 以上,無此班別,兩班制,無,500,400,400,否,,無,,,1 個月內,不排夜班,,45-50,合理範圍給,2,幾乎沒有,鼻胃管、導尿管、氣切管,定期駐診,1,11-20 次,3-5 次,罕見,2,,非常不足,,堪用,3,,7,13,65,27,10,,3,普通,3,中部醫院 case 量適中,allow,,,,,
2025-10-24 12:32,澎湖縣,地區醫院,天主教靈醫會醫療財團法人惠民醫院,日間照護單位,N4,不清楚,慢性,完整（心理/職能/社工/醫師）,,1:6 以下,1:9-10,1:13-15,1:18-19,1:20 以上,無此班別,三班制,無,無,1000,1200,否,,有,有,小夜（E）、大夜（N）,,不排夜班,,40-45,一律給,,總是,氣切管,,3,6-10 次,3-5 次,罕見,,,,3 間以上,無保護室,2,,6,1,96,40,14,醫療費用員工優惠,4,普通,3,專科氣氛 OK,allow,,allow,,,
2025-10-24,新竹縣,區域醫院,東元醫療社團法人東元綜合醫院,精神慢性病房,N0,精神科教學醫院,日間照護,主要靠護理,紙本為主,1:9-10,1:13-15,1:18-19,無此班別,1:13-15,1:16-17,三班制,無,250,400,800,是,,有,有,白班（D）、小夜（E）,2-3 個月,,無,50-55,一律給,,,鼻胃管、導尿管、氣切管,無,2,完全沒有,,罕見,3,有，但常需等待,非常完善,1,老舊／不安全,,4,7,9,82,34,12,,4,普通,3,,,,,,,
2025-10-24,雲林縣,地區醫院,佛教慈濟醫療財團法人斗六慈濟醫院,兒童青少年精神,N4,精神科醫院,急性一般,部分（缺 1-2 種）,全面電子化,1:9-10,1:11-12,1:18-19,無此班別,1:20 以上,無此班別,混合制,無,500,無,400,是,約兩週輪一次，下班後待命到隔天早上，被叫回一個月約 1-2 次，有 on call 費,有,,,不一定,不排夜班,1 小時內,40-45,合理範圍給,5,很少,鼻胃管、導尿管,定期駐診,,完全沒有,6 次以上,罕見,3,,普通,2,無保護室,5,1,1,11,96,40,14,醫療費用員工優惠,3,機會多,3,訓練體系完整,allow,,allow,,allow,
2025-10-23 22:34,彰化縣,醫學中心,彰化基督教醫療財團法人彰化基督教兒童醫院,成癮戒治,N1,精神科教學醫院,慢性,部分（缺 1-2 種）,部分電子化,1:7-8,1:9-10,1:13-15,1:13-15,1:20 以上,1:20 以上,兩班制,200,250,1000,500,否,,不清楚,,,,3-6 個月,4 小時,45-50,合理範圍給,4,經常,鼻胃管、導尿管,僅能會診／轉外院,5,幾乎每天,無,每週數次,5,,,1,良好,5,5,3,3,108,45,16,宿舍（單人房）,4,機會多,4,資深領班受重視,allow,,allow,,,
2025-10-23,台北市,區域醫院,基督復臨安息日會醫療財團法人臺安醫院,精神急性病房,N4,綜合醫院精神科,急性老年,部分（缺 1-2 種）,紙本為主,1:9-10,1:9-10,1:11-12,1:13-15,1:20 以上,無此班別,混合制,無,600,800,400,是,假日白天待命，被叫回才算加班費,不清楚,無,,,,2-3 小時,40-45,主管判斷,3,總是,導尿管,,5,完全沒有,無,每日多次,,無，靠護理人員自己,非常不足,3 間以上,堪用,,,1,11,119,50,18,托兒補助,4,機會多,4,兒科氣氛溫暖,allow,,allow,,allow,
2025-10-23,台北市,醫學中心,國立臺灣大學醫學院附設醫院兒童醫院,精神慢性病房,N2,精神科教學醫院,急性成癮,部分（缺 1-2 種）,部分電子化,1:6 以下,1:6 以下,1:20 以上,1:20 以上,1:20 以上,1:20 以上,兩班制,300,300,400,800,是,,無,有,白班（D）、小夜（E）,3 個月以上,不排夜班,2-3 小時,45-50,主管判斷,4,,鼻胃管、導尿管、氣切管,,1,6-10 次,1-2 次,偶爾,,有，但常需等待,普通,0,老舊／不安全,3,1,4,11,103,43,15,,3,機會多,3,專科氣氛 OK,allow,,,,,
2025-10-23,苗栗縣,區域醫院,為恭醫療財團法人為恭紀念醫院及其東興院區,精神急性病房,N4,精神科醫院,精神科加護,部分（缺 1-2 種）,全面電子化,1:11-12,1:13-15,1:11-12,1:11-12,1:20 以上,無此班別,混合制,無,300,800,1000,否,,有,,,不一定,1 年以上,,40-45,合理範圍給,5,總是,鼻胃管、導尿管,定期駐診,5,完全沒有,無,每日多次,,無，靠護理人員自己,,1,堪用,4,1,6,10,118,50,18,,4,機會多,3,,,,,,,
2025-10-23,台北市,區域醫院,臺北市立聯合醫院忠孝院區,兒童青少年精神,N2,綜合醫院精神科,慢性,部分（缺 1-2 種）,紙本為主,1:9-10,1:13-15,1:9-10,1:11-12,1:20 以上,1:20 以上,兩班制,500,400,800,800,否,,無,無,,3 個月以上,,4 小時,45-50,合理範圍給,,偶爾,鼻胃管,院內有內外科醫師,2,完全沒有,1-2 次,偶爾,,,不太足夠,3 間以上,堪用,,1,6,8,90,38,14,醫療費用員工優惠,3,難以升遷,2,工時超長,allow,,allow,,,
2025-10-22 12:56,嘉義市,區域醫院,天主教中華聖母修女會醫療財團法人天主教聖馬爾定醫,精神慢性病房,N4,精神科醫院,急性一般,完整（心理/職能/社工/醫師）,部分電子化,1:7-8,1:9-10,1:18-19,1:20 以上,1:13-15,1:18-19,混合制,500,400,1000,1000,否,,有,無,,,不排夜班,1 小時內,40-45,合理範圍給,2,,,無,4,1-5 次,3-5 次,罕見,4,有，但常需等待,非常完善,,無保護室,,,7,8,111,47,17,員工餐廳伙食補助,4,普通,3,安寧團隊互相 support,allow,,allow,,,
2025-10-22,彰化縣,區域醫院,秀傳醫療社團法人秀傳紀念醫院,兒童青少年精神,護理長,不清楚,精神科急診,主要靠護理,全面電子化,1:7-8,1:9-10,1:20 以上,無此班別,1:13-15,1:18-19,兩班制,500,400,無,1000,是,假日白天待命，被叫回才算加班費,無,無,,不一定,6-12 個月,無,45-50,主管判斷,4,經常,鼻胃管,無,1,1-5 次,6 次以上,罕見,5,有，但常需等待,普通,2,無保護室,2,1,7,7,123,52,18,,4,機會多,4,團隊互助強,allow,,,,allow,
2025-10-21 08:21,台北市,醫學中心,台灣基督長老教會馬偕醫療財團法人馬偕兒童醫院,老年精神,N3,精神科教學醫院,急性成癮,部分（缺 1-2 種）,全面電子化,1:11-12,1:16-17,1:11-12,1:13-15,1:20 以上,無此班別,兩班制,無,無,800,600,是,,不清楚,無,,不一定,不排夜班,4 小時,50-55,主管判斷,4,偶爾,鼻胃管、導尿管、氣切管,,5,完全沒有,6 次以上,罕見,3,有，隨叫隨到,不太足夠,2,良好,1,4,4,11,116,49,17,,4,機會多,3,訓練體系完整,allow,,,,,
2025-10-20 08:04,台中市,區域醫院,澄清綜合醫院,精神急性病房,N2,精神科教學醫院,精神科加護,主要靠護理,部分電子化,1:7-8,1:7-8,1:18-19,1:18-19,1:20 以上,無此班別,兩班制,600,300,無,800,否,,無,,,3 個月以上,3-6 個月,4 小時,45-50,主管判斷,2,偶爾,鼻胃管、氣切管,,3,1-5 次,,偶爾,5,,非常完善,2,無保護室,1,,6,6,96,40,14,生日禮金、三節禮券,5,機會多,4,資深領班受重視,allow,,allow,,,
2025-10-20,新竹市,醫學中心,國立臺灣大學醫學院附設醫院新竹臺大分院新竹醫院,精神慢性病房,N1,精神科醫院,精神科急診,完整（心理/職能/社工/醫師）,紙本為主,1:11-12,1:16-17,1:11-12,1:13-15,1:20 以上,無此班別,混合制,200,無,1000,500,是,假日白天待命，被叫回才算加班費,,無,,2-3 個月,不排夜班,1 小時內,50-55,一律給,3,總是,鼻胃管,定期駐診,3,6-10 次,1-2 次,罕見,4,無，靠護理人員自己,良好,,堪用,,,5,5,96,40,14,年度自強活動,4,機會多,3,,,,allow,,allow,
2025-10-20,台中市,醫學中心,中國醫藥大學兒童醫院,老年精神,N3,精神科醫院,急性成癮,部分（缺 1-2 種）,,1:6 以下,1:6 以下,1:20 以上,1:20 以上,1:20 以上,無此班別,混合制,300,400,600,400,是,假日白天待命，被叫回才算加班費,,有,白班（D）、小夜（E）、大夜（N）,1 個月內,,無,40-45,合理範圍給,3,經常,鼻胃管、導尿管,無,,1-5 次,,偶爾,,無，靠護理人員自己,,1,老舊／不安全,2,1,6,11,112,47,17,年度自強活動,4,機會多,4,可學到很多技術,allow,,allow,,allow,
2025-10-20,高雄市,醫學中心,財團法人私立高雄醫學大學附設中和紀念醫院,老年精神,N4,不清楚,急性老年,完整（心理/職能/社工/醫師）,,1:11-12,1:11-12,1:18-19,1:20 以上,1:13-15,1:18-19,兩班制,無,200,800,無,是,每月輪 3-4 次，被叫回頻率低，沒有 on call 費只能補休,有,無,,不一定,到職 3 個月內,,40-45,合理範圍給,2,偶爾,導尿管、氣切管,定期駐診,,幾乎每天,無,偶爾,,無，靠護理人員自己,,,老舊／不安全,3,,7,2,135,57,20,宿舍（單人房）,3,難以升遷,2,被當打雜,allow,,allow,,allow,
2025-10-19,高雄市,地區醫院,高雄市立岡山醫院（委託秀傳醫療社團法人經營）,成癮戒治,N1,綜合醫院精神科,急性老年,部分（缺 1-2 種）,,1:7-8,1:9-10,1:18-19,無此班別,1:20 以上,無此班別,兩班制,250,250,1200,無,是,假日白天待命，被叫回才算加班費,無,無,,不一定,6-12 個月,1-2 小時,45-50,一律給,2,很少,鼻胃管、導尿管、氣切管,僅能會診／轉外院,1,6-10 次,,每週數次,,,非常不足,1,老舊／不安全,,1,3,2,76,32,11,員工健檢自費項目補助,4,普通,4,訓練體系完整,allow,,allow,,allow,
2025-10-19,台北市,區域醫院,三軍總醫院松山分院附設民眾診療服務處,成癮戒治,N2,精神科教學醫院,日間照護,主要靠護理,紙本為主,1:7-8,1:11-12,1:20 以上,無此班別,1:20 以上,1:20 以上,三班制,200,300,1000,無,否,,不清楚,無,,2-3 個月,到職 3 個月內,1-2 小時,50-55,合理範圍給,4,,,院內有內外科醫師,,11-20 次,,每週數次,,,,0,無保護室,,,1,1,98,41,15,,5,機會多,5,案件多但學得快,allow,,,,,
2025-10-19,台北市,醫學中心,台灣基督長老教會馬偕醫療財團法人馬偕紀念醫院,日間照護單位,N2,不清楚,慢性,完整（心理/職能/社工/醫師）,部分電子化,1:6 以下,1:9-10,1:20 以上,1:20 以上,1:13-15,1:13-15,三班制,200,無,1200,無,是,,無,有,白班（D）、小夜（E）,,到職 3 個月內,1-2 小時,50-55,主管判斷,,幾乎沒有,,,4,11-20 次,1-2 次,罕見,1,有，隨叫隨到,良好,2,老舊／不安全,1,2,6,2,104,44,16,,4,普通,3,,,,,,,
2025-10-18 13:28,台中市,區域醫院,林新醫療社團法人林新醫院,日間照護單位,N2,不清楚,急性兒童青少年,主要靠護理,全面電子化,1:9-10,1:11-12,1:13-15,1:18-19,1:20 以上,無此班別,混合制,250,400,1200,1000,否,,不清楚,無,,不一定,不排夜班,2-3 小時,45-50,主管判斷,4,,鼻胃管、導尿管,無,,完全沒有,3-5 次,偶爾,5,有，但常需等待,,2,無保護室,3,2,4,2,98,41,15,醫療費用員工優惠,3,機會多,3,,,,allow,,,
2025-10-18 08:44,彰化縣,地區醫院,彰化基督教醫療財團法人二林基督教醫院,日間照護單位,N3,精神科醫院,急性成癮,完整（心理/職能/社工/醫師）,部分電子化,1:9-10,1:13-15,1:11-12,1:16-17,1:20 以上,無此班別,兩班制,250,400,1200,400,是,約兩週輪一次，下班後待命到隔天早上，被叫回一個月約 1-2 次，有 on call 費,無,有,白班（D）、小夜（E）、大夜（N）,,3-6 個月,,45-50,合理範圍給,,很少,鼻胃管、導尿管、氣切管,僅能會診／轉外院,,幾乎每天,3-5 次,罕見,5,有，但常需等待,,,無保護室,5,,6,8,82,34,12,宿舍（單人房）,4,普通,3,排班相對人性化,allow,,allow,,allow,
2025-10-18,台中市,醫學中心,中山醫學大學附設醫院,兒童青少年精神,N3,精神科醫院,慢性,完整（心理/職能/社工/醫師）,,1:7-8,1:11-12,1:13-15,1:18-19,1:20 以上,1:20 以上,兩班制,400,500,1200,800,是,平日夜間待命，叫回要 30 分鐘內到院,,有,白班（D）,不一定,,,40-45,合理範圍給,,偶爾,鼻胃管、導尿管,院內有內外科醫師,1,幾乎每天,6 次以上,罕見,,無，靠護理人員自己,普通,0,無保護室,,2,6,6,111,47,17,,4,機會多,3,工時長但待遇可,allow,,,,allow,
2025-10-17 07:50,台北市,醫學中心,臺北市立萬芳醫院-委託臺北醫學大學辦理,成癮戒治,N4,不清楚,日間照護,部分（缺 1-2 種）,,1:6 以下,1:9-10,1:13-15,1:16-17,1:20 以上,1:20 以上,混合制,600,400,600,400,是,,有,有,白班（D）,2-3 個月,3-6 個月,無,40-45,合理範圍給,2,偶爾,鼻胃管、氣切管,僅能會診／轉外院,4,6-10 次,1-2 次,每週數次,5,有，隨叫隨到,普通,3 間以上,堪用,5,,4,8,131,55,20,進修學分補助、國外研討會補助,4,普通,4,,,,allow,,,
2025-10-17,雲林縣,區域醫院,中國醫藥大學北港附設醫院,精神急性病房,N1,精神科教學醫院,急性一般,部分（缺 1-2 種）,,1:9-10,1:11-12,1:9-10,1:9-10,1:13-15,1:13-15,三班制,500,無,400,無,否,,,有,白班（D）、小夜（E）,,到職 3 個月內,,40-45,一律給,2,很少,,,3,完全沒有,3-5 次,每週數次,3,無，靠護理人員自己,良好,0,良好,1,1,3,13,79,33,12,,5,機會多,4,專科很強值得待,allow,,,,,
2025-10-17,新北市,地區醫院,蕭中正醫院,成癮戒治,N2,精神科醫院,急性一般,部分（缺 1-2 種）,紙本為主,1:9-10,1:9-10,1:13-15,1:13-15,1:20 以上,無此班別,三班制,400,300,600,無,否,,不清楚,有,白班（D）,1-2 個月,3-6 個月,2-3 小時,45-50,一律給,2,幾乎沒有,氣切管,定期駐診,4,11-20 次,無,偶爾,3,有，隨叫隨到,,,堪用,2,,5,8,78,33,12,員工旅遊補助,3,難以升遷,2,常被臨時調班,allow,,allow,,,
2025-10-17,桃園市,區域醫院,長庚醫療財團法人桃園長庚紀念醫院及其長青院區,老年精神,N2,精神科教學醫院,急性兒童青少年,完整（心理/職能/社工/醫師）,紙本為主,1:7-8,1:9-10,1:18-19,1:20 以上,1:20 以上,無此班別,混合制,200,500,1000,1200,是,,無,無,,,3-6 個月,2-3 小時,40-45,一律給,4,幾乎沒有,鼻胃管、氣切管,,,1-5 次,6 次以上,偶爾,1,,,3 間以上,無保護室,2,2,8,9,87,37,13,生日禮金、三節禮券,3,難以升遷,2,主管偏心嚴重,allow,,allow,,,
2025-10-16 19:18,新北市,區域醫院,行天宮醫療志業醫療財團法人恩主公醫院,兒童青少年精神,N1,綜合醫院精神科,急性兒童青少年,完整（心理/職能/社工/醫師）,,1:9-10,1:11-12,1:13-15,1:13-15,1:20 以上,無此班別,兩班制,400,250,500,無,否,,無,無,,1 個月內,,1-2 小時,50-55,主管判斷,,很少,鼻胃管、導尿管,僅能會診／轉外院,4,11-20 次,3-5 次,罕見,4,有，但常需等待,非常完善,0,老舊／不安全,,5,3,1,81,34,12,醫療費用員工優惠,4,機會多,3,門診作息穩定,allow,,allow,,,
2025-10-16 13:47,屏東縣,地區醫院,國仁醫院,日間照護單位,護理長,不清楚,精神科加護,主要靠護理,部分電子化,1:7-8,1:9-10,1:9-10,1:11-12,1:13-15,1:18-19,混合制,600,500,無,無,是,假日白天待命，被叫回才算加班費,有,,,1-2 個月,6-12 個月,無,45-50,合理範圍給,3,很少,鼻胃管、導尿管、氣切管,院內有內外科醫師,3,1-5 次,6 次以上,偶爾,2,無，靠護理人員自己,,3 間以上,堪用,1,1,8,3,98,41,15,,4,機會多,4,,,,,,allow,
2025-10-16,台南市,地區醫院,郭綜合醫院,精神慢性病房,N0,綜合醫院精神科,急性成癮,完整（心理/職能/社工/醫師）,紙本為主,1:11-12,1:13-15,1:13-15,1:16-17,1:20 以上,無此班別,兩班制,500,500,600,600,是,,有,無,,1 個月內,到職 3 個月內,2-3 小時,40-45,主管判斷,1,很少,鼻胃管、導尿管、氣切管,,,11-20 次,無,罕見,,無，靠護理人員自己,,,堪用,4,3,8,11,70,29,11,,4,機會多,4,可學到很多技術,allow,,,,,
2025-10-16,高雄市,醫學中心,長庚醫療財團法人高雄長庚紀念醫院,精神慢性病房,副護理長,精神科教學醫院,精神科加護,部分（缺 1-2 種）,部分電子化,1:9-10,1:13-15,1:13-15,1:13-15,1:20 以上,無此班別,兩班制,無,500,800,1000,否,,有,有,白班（D）、小夜（E）、大夜（N）,1 個月內,不排夜班,,45-50,主管判斷,1,總是,,,,11-20 次,3-5 次,罕見,1,無，靠護理人員自己,普通,0,堪用,,1,2,13,126,53,19,宿舍（單人房）,4,普通,5,資深領班受重視,allow,,allow,,,
2025-10-16,新北市,區域醫院,新北市立聯合醫院及其板橋院區,精神慢性病房,N1,綜合醫院精神科,急性老年,部分（缺 1-2 種）,部分電子化,1:7-8,1:9-10,1:13-15,1:13-15,1:20 以上,無此班別,兩班制,無,400,1000,1200,是,每月輪 3-4 次，被叫回頻率低，沒有 on call 費只能補休,有,無,,不一定,1 年以上,無,40-45,合理範圍給,,總是,,院內有內外科醫師,4,完全沒有,,罕見,2,無，靠護理人員自己,非常不足,,老舊／不安全,1,5,7,7,92,39,14,宿舍（單人房）,4,機會多,4,訓練體系完整,allow,,allow,,allow,
2025-10-15 15:24,新北市,醫學中心,佛教慈濟醫療財團法人台北慈濟醫院,精神急性病房,護理長,精神科教學醫院,精神科急診,主要靠護理,部分電子化,1:9-10,1:11-12,1:20 以上,無此班別,1:20 以上,無此班別,兩班制,400,無,400,500,否,,有,有,白班（D）,,6-12 個月,4 小時,40-45,合理範圍給,5,,鼻胃管、導尿管、氣切管,僅能會診／轉外院,2,幾乎每天,6 次以上,每日多次,4,有，隨叫隨到,,3 間以上,老舊／不安全,5,2,8,1,141,59,21,進修學分補助、國外研討會補助,3,機會多,3,,,,allow,,,
2025-10-15,新北市,醫學中心,台灣基督長老教會馬偕醫療財團法人淡水馬偕紀念醫院,精神慢性病房,N1,不清楚,急性兒童青少年,主要靠護理,全面電子化,1:7-8,1:9-10,1:9-10,1:11-12,1:20 以上,無此班別,三班制,250,400,600,500,是,假日白天待命，被叫回才算加班費,不清楚,,,,3-6 個月,1-2 小時,45-50,合理範圍給,1,,鼻胃管、導尿管、氣切管,僅能會診／轉外院,4,完全沒有,無,罕見,3,無，靠護理人員自己,非常不足,1,老舊／不安全,4,5,1,8,98,41,15,員工旅遊補助,3,難以升遷,2,主管偏心嚴重,allow,,allow,,allow,
2025-10-15,屏東縣,區域醫院,屏基醫療財團法人屏東基督教醫院及其瑞光院區,精神急性病房,N1,綜合醫院精神科,精神科急診,部分（缺 1-2 種）,部分電子化,1:9-10,1:13-15,1:20 以上,1:20 以上,1:20 以上,無此班別,混合制,300,500,600,無,是,假日白天待命，被叫回才算加班費,有,,,3 個月以上,6-12 個月,1 小時內,40-45,合理範圍給,,很少,,,4,11-20 次,1-2 次,每日多次,,,非常完善,,老舊／不安全,3,4,4,12,82,34,12,員工旅遊補助,4,機會多,3,專科很強值得待,allow,,allow,,allow,
2025-10-14 22:43,高雄市,地區醫院,高雄市立民生醫院,成癮戒治,N1,精神科教學醫院,急性一般,部分（缺 1-2 種）,,1:9-10,1:13-15,1:11-12,1:16-17,1:20 以上,無此班別,混合制,400,無,1200,600,是,平日夜間待命，叫回要 30 分鐘內到院,,無,,1-2 個月,不排夜班,,40-45,主管判斷,5,很少,鼻胃管、導尿管,院內有內外科醫師,1,11-20 次,,每日多次,,有，隨叫隨到,,0,無保護室,5,,3,8,71,30,11,宿舍（單人房）,4,普通,4,排班相對人性化,allow,,allow,,allow,
2025-10-14 16:48,桃園市,區域醫院,長庚醫療財團法人桃園長庚紀念醫院及其長青院區,精神慢性病房,N2,精神科教學醫院,慢性,主要靠護理,,1:9-10,1:9-10,1:18-19,無此班別,1:20 以上,1:20 以上,混合制,500,400,800,800,否,,無,無,,3 個月以上,不排夜班,1-2 小時,50-55,主管判斷,,經常,,,,完全沒有,無,罕見,4,有，但常需等待,非常完善,,堪用,,,2,5,96,40,14,宿舍（單人房）,4,普通,3,團隊互助強,allow,,allow,,,
2025-10-14 13:15,高雄市,醫學中心,義大醫療財團法人義大醫院,老年精神,N4,精神科醫院,慢性,完整（心理/職能/社工/醫師）,全面電子化,1:9-10,1:13-15,1:13-15,1:16-17,1:20 以上,無此班別,兩班制,500,250,600,1000,否,,有,有,白班（D）,1 個月內,6-12 個月,,45-50,主管判斷,2,經常,鼻胃管,,4,11-20 次,無,罕見,,有，但常需等待,不太足夠,3 間以上,無保護室,,4,4,1,136,57,20,,4,機會多,4,訓練體系完整,allow,,,,,
2025-10-14 11:28,新北市,地區醫院,板橋國泰醫院,兒童青少年精神,N2,不清楚,急性一般,完整（心理/職能/社工/醫師）,部分電子化,1:6 以下,1:6 以下,1:13-15,1:13-15,1:20 以上,1:20 以上,兩班制,200,250,1200,無,否,,有,有,白班（D）、小夜（E）,1 個月內,,2-3 小時,50-55,合理範圍給,4,很少,,定期駐診,3,1-5 次,1-2 次,偶爾,4,,不太足夠,3 間以上,老舊／不安全,,3,3,2,82,34,12,年度自強活動,3,難以升遷,2,,,,allow,,,
2025-10-14,台中市,區域醫院,李綜合醫療社團法人大甲李綜合醫院,精神慢性病房,護理長,綜合醫院精神科,急性成癮,部分（缺 1-2 種）,紙本為主,1:11-12,1:16-17,1:11-12,1:11-12,1:20 以上,無此班別,混合制,600,300,400,600,是,假日白天待命，被叫回才算加班費,,有,白班（D）、小夜（E）、大夜（N）,1 個月內,6-12 個月,2-3 小時,45-50,合理範圍給,5,偶爾,,,5,1-5 次,,罕見,1,無，靠護理人員自己,,3 間以上,無保護室,4,,1,10,123,52,18,,3,難以升遷,2,中部醫院 case 量適中,allow,,,,allow,
2025-10-14,高雄市,地區醫院,秀傳醫療社團法人高雄秀傳紀念醫院,精神急性病房,副護理長,精神科醫院,急性兒童青少年,主要靠護理,部分電子化,1:6 以下,1:9-10,1:20 以上,無此班別,1:20 以上,1:20 以上,三班制,250,600,600,500,否,,不清楚,,,,6-12 個月,,45-50,主管判斷,1,幾乎沒有,導尿管,,,11-20 次,無,每週數次,5,,良好,2,堪用,,2,8,7,92,39,14,,3,普通,3,薪資與制度都優,allow,,,,,
2025-10-14,高雄市,區域醫院,高雄市立聯合醫院,老年精神,N3,綜合醫院精神科,日間照護,主要靠護理,紙本為主,1:9-10,1:11-12,1:11-12,1:16-17,1:20 以上,無此班別,三班制,600,400,500,800,否,,不清楚,無,,3 個月以上,6-12 個月,4 小時,45-50,合理範圍給,2,,導尿管、氣切管,,,幾乎每天,6 次以上,偶爾,1,無，靠護理人員自己,非常完善,0,老舊／不安全,5,,1,4,94,39,14,,4,機會多,3,案件量大但有規矩,allow,,,,,
2025-10-14,台中市,地區醫院,賢德醫院及其樹孝院區,精神急性病房,護理長,不清楚,精神科急診,部分（缺 1-2 種）,部分電子化,1:6 以下,1:7-8,1:11-12,1:16-17,1:13-15,1:16-17,兩班制,500,500,600,500,否,,,有,大夜（N）,,,4 小時,45-50,合理範圍給,3,總是,,無,3,完全沒有,,每週數次,5,有，但常需等待,非常不足,,無保護室,,,3,9,111,47,17,,4,普通,3,排班相對人性化,allow,,,,,
2025-10-14,新北市,地區醫院,永聖醫療社團法人文化醫院,成癮戒治,N2,精神科教學醫院,精神科加護,完整（心理/職能/社工/醫師）,,1:6 以下,1:9-10,1:20 以上,1:20 以上,1:20 以上,無此班別,兩班制,300,無,400,500,否,,不清楚,有,白班（D）,不一定,1 年以上,,45-50,合理範圍給,,幾乎沒有,,定期駐診,,完全沒有,1-2 次,每週數次,,無，靠護理人員自己,,0,良好,,5,7,12,81,34,12,,3,機會多,3,團隊互助強,allow,,,,,
2025-10-14,高雄市,地區醫院,鈞安婦幼聯合醫院,精神急性病房,護理長,不清楚,精神科急診,主要靠護理,全面電子化,1:9-10,1:11-12,1:13-15,1:18-19,1:20 以上,1:20 以上,混合制,600,250,600,無,否,,不清楚,,,1 個月內,,,40-45,合理範圍給,4,,,,2,1-5 次,,每週數次,3,有，但常需等待,普通,3 間以上,無保護室,5,,6,3,111,47,17,員工餐廳伙食補助,4,機會多,3,案件量大但有規矩,allow,,allow,,,
2025-10-14,基隆市,區域醫院,長庚醫療財團法人基隆長庚紀念醫院及其情人湖院區,日間照護單位,N1,精神科教學醫院,精神科加護,部分（缺 1-2 種）,,1:9-10,1:9-10,1:11-12,1:16-17,1:20 以上,無此班別,兩班制,250,500,無,600,否,,不清楚,有,白班（D）、小夜（E）,1-2 個月,6-12 個月,,40-45,合理範圍給,5,,鼻胃管、導尿管,僅能會診／轉外院,5,幾乎每天,1-2 次,罕見,,,普通,2,堪用,3,4,2,7,89,37,13,,5,普通,5,安寧團隊互相 support,allow,,,,,
2025-10-14,台北市,地區醫院,中心診所醫療財團法人中心綜合醫院,社區精神復健,N2,不清楚,慢性,部分（缺 1-2 種）,,1:7-8,1:11-12,1:9-10,1:11-12,1:20 以上,無此班別,混合制,250,300,500,400,是,每月輪 3-4 次，被叫回頻率低，沒有 on call 費只能補休,有,無,,1-2 個月,6-12 個月,2-3 小時,50-55,合理範圍給,3,經常,鼻胃管、導尿管、氣切管,,1,6-10 次,,罕見,,,,3 間以上,老舊／不安全,1,5,2,4,67,28,10,,4,機會多,4,同事關係好,allow,,,,allow,
2025-10-14,新北市,醫學中心,佛教慈濟醫療財團法人台北慈濟醫院,社區精神復健,N1,精神科教學醫院,慢性,完整（心理/職能/社工/醫師）,,1:6 以下,1:6 以下,1:9-10,1:9-10,1:13-15,1:13-15,三班制,250,500,500,800,是,平日夜間待命，叫回要 30 分鐘內到院,不清楚,,,,6-12 個月,4 小時,40-45,一律給,5,,,無,4,1-5 次,無,罕見,1,有，隨叫隨到,良好,0,無保護室,4,4,8,10,100,42,15,宿舍（單人房）,4,機會多,4,,,,allow,,allow,
2025-10-13 23:46,基隆市,區域醫院,衛生福利部基隆醫院,日間照護單位,副護理長,精神科教學醫院,精神科加護,主要靠護理,全面電子化,1:7-8,1:7-8,1:9-10,1:13-15,1:20 以上,1:20 以上,三班制,250,400,500,500,否,,不清楚,有,白班（D）,,不排夜班,,40-45,合理範圍給,,偶爾,氣切管,院內有內外科醫師,,6-10 次,6 次以上,罕見,2,,普通,0,堪用,2,2,3,6,115,48,17,,5,普通,4,,,,,,,
2025-10-13 20:02,南投縣,地區醫院,惠和醫院,日間照護單位,N1,綜合醫院精神科,急性一般,部分（缺 1-2 種）,部分電子化,1:11-12,1:13-15,1:18-19,1:18-19,1:20 以上,無此班別,三班制,600,200,1000,800,是,,,無,,不一定,,1 小時內,45-50,合理範圍給,2,總是,,無,2,6-10 次,,罕見,3,,非常不足,2,良好,,,8,2,76,32,11,宿舍（單人房）,3,難以升遷,2,可學到很多技術,allow,,allow,,,
2025-10-13,新北市,區域醫院,新北市立土城醫院(委託長庚醫療財團法人興建經營),兒童青少年精神,N3,精神科醫院,慢性,主要靠護理,,1:6 以下,1:7-8,1:11-12,1:11-12,1:20 以上,無此班別,三班制,無,200,600,800,是,假日白天待命，被叫回才算加班費,不清楚,有,大夜（N）,3 個月以上,不排夜班,無,40-45,合理範圍給,,,導尿管,,,完全沒有,無,罕見,1,有，但常需等待,,2,無保護室,4,2,8,11,98,41,15,年度自強活動,4,機會多,4,排班相對人性化,allow,,allow,,allow,
2025-10-13,雲林縣,區域醫院,國立臺灣大學醫學院附設醫院雲林分院及其虎尾院區,精神急性病房,N1,精神科教學醫院,急性成癮,部分（缺 1-2 種）,紙本為主,1:11-12,1:16-17,1:11-12,1:13-15,1:20 以上,1:20 以上,三班制,200,300,600,400,否,,不清楚,,,,3-6 個月,2-3 小時,50-55,主管判斷,1,很少,,,,11-20 次,,每日多次,4,,良好,2,良好,2,3,4,1,93,39,14,生日禮金、三節禮券,4,機會多,3,,,,allow,,,
2025-10-12 16:33,台中市,區域醫院,衛生福利部豐原醫院,精神急性病房,N3,綜合醫院精神科,急性成癮,主要靠護理,紙本為主,1:9-10,1:9-10,1:18-19,1:18-19,1:13-15,1:16-17,兩班制,500,400,1200,1200,是,每月輪 3-4 次，被叫回頻率低，沒有 on call 費只能補休,,有,白班（D）、小夜（E）、大夜（N）,3 個月以上,到職 3 個月內,,40-45,一律給,4,經常,,僅能會診／轉外院,5,6-10 次,3-5 次,每日多次,,有，隨叫隨到,,,老舊／不安全,3,2,1,1,92,39,14,,4,普通,3,資深領班受重視,allow,,,,allow,
2025-10-12 11:53,高雄市,地區醫院,新上琳醫院,日間照護單位,N2,精神科教學醫院,精神科急診,部分（缺 1-2 種）,紙本為主,1:7-8,1:9-10,1:11-12,1:16-17,1:20 以上,無此班別,兩班制,400,600,600,1000,否,,不清楚,有,白班（D）、小夜（E）、大夜（N）,不一定,不排夜班,,40-45,合理範圍給,1,,導尿管,定期駐診,,11-20 次,6 次以上,罕見,,,良好,3 間以上,良好,,2,6,11,81,34,12,員工健檢自費項目補助,4,機會多,3,主管管太細,allow,,allow,,,
2025-10-11 23:35,高雄市,區域醫院,高雄市立小港醫院（委託財團法人私立高雄醫學大學經營）,精神慢性病房,N2,精神科教學醫院,急性成癮,部分（缺 1-2 種）,部分電子化,1:7-8,1:9-10,1:13-15,1:16-17,1:20 以上,無此班別,混合制,400,200,600,1000,是,,不清楚,無,,不一定,3-6 個月,無,40-45,主管判斷,2,,鼻胃管、導尿管、氣切管,定期駐診,,11-20 次,1-2 次,罕見,,有，隨叫隨到,普通,1,無保護室,2,5,4,9,95,40,14,,4,普通,3,團隊互助強,allow,,,,,
2025-10-11 15:30,桃園市,地區醫院,德仁醫院,社區精神復健,護理長,綜合醫院精神科,急性兒童青少年,完整（心理/職能/社工/醫師）,,1:11-12,1:11-12,1:11-12,1:16-17,1:20 以上,無此班別,兩班制,400,300,800,500,否,,不清楚,,,不一定,不排夜班,4 小時,45-50,合理範圍給,2,,氣切管,僅能會診／轉外院,1,11-20 次,1-2 次,罕見,5,有，但常需等待,不太足夠,2,老舊／不安全,3,1,3,3,113,47,17,生日禮金、三節禮券,3,普通,2,新人訓練紮實,allow,,allow,,,
2025-10-11,新北市,地區醫院,天主教耕莘醫療財團法人永和耕莘醫院,精神慢性病房,N0,精神科醫院,急性老年,主要靠護理,,1:9-10,1:13-15,1:18-19,無此班別,1:20 以上,無此班別,兩班制,無,600,400,1200,是,平日夜間待命，叫回要 30 分鐘內到院,無,有,小夜（E）、大夜（N）,2-3 個月,,,50-55,合理範圍給,,幾乎沒有,,,5,1-5 次,,偶爾,1,,非常不足,,無保護室,2,,1,4,65,27,10,,3,機會多,3,夜班輪轉公平,allow,,,,allow,
2025-10-11,新北市,區域醫院,衛生福利部臺北醫院,社區精神復健,護理長,綜合醫院精神科,日間照護,完整（心理/職能/社工/醫師）,部分電子化,1:9-10,1:9-10,1:18-19,1:18-19,1:20 以上,無此班別,三班制,250,300,400,500,是,平日夜間待命，叫回要 30 分鐘內到院,無,無,,1-2 個月,1 年以上,,45-50,合理範圍給,3,,鼻胃管、導尿管、氣切管,院內有內外科醫師,,6-10 次,,罕見,,有，隨叫隨到,,3 間以上,良好,2,2,2,8,117,49,18,員工旅遊補助,4,機會多,3,同事關係好,allow,,allow,,allow,
2025-10-10,彰化縣,地區醫院,宋志懿醫院,兒童青少年精神,副護理長,精神科教學醫院,日間照護,主要靠護理,部分電子化,1:9-10,1:11-12,1:11-12,1:16-17,1:20 以上,無此班別,兩班制,500,400,400,600,是,,有,無,,1 個月內,,,40-45,合理範圍給,1,總是,氣切管,無,,6-10 次,無,罕見,5,無，靠護理人員自己,良好,,堪用,4,5,4,2,101,42,15,,3,難以升遷,2,沒人沒錢沒尊重,allow,,,,,
2025-10-10,台北市,地區醫院,財團法人台灣省私立台北仁濟院附設仁濟醫院,兒童青少年精神,N2,精神科醫院,精神科急診,完整（心理/職能/社工/醫師）,部分電子化,1:11-12,1:13-15,1:11-12,1:11-12,1:20 以上,無此班別,三班制,500,250,1000,1200,是,,不清楚,有,小夜（E）,,不排夜班,無,45-50,一律給,,幾乎沒有,導尿管、氣切管,,3,幾乎每天,3-5 次,罕見,4,有，但常需等待,,2,無保護室,4,,8,6,83,35,12,員工旅遊補助,3,普通,3,專科氣氛 OK,allow,,allow,,,
2025-10-10,苗栗縣,區域醫院,為恭醫療財團法人為恭紀念醫院及其東興院區,兒童青少年精神,N1,不清楚,急性一般,部分（缺 1-2 種）,,1:9-10,1:9-10,1:20 以上,1:20 以上,1:20 以上,無此班別,兩班制,無,250,無,1000,否,,無,無,,3 個月以上,1 年以上,1-2 小時,50-55,合理範圍給,,經常,導尿管、氣切管,院內有內外科醫師,5,完全沒有,3-5 次,偶爾,,無，靠護理人員自己,,3 間以上,老舊／不安全,,1,8,11,83,35,12,年度自強活動,4,機會多,3,團隊互助強,allow,,allow,,,
2025-10-09 22:25,高雄市,醫學中心,義大醫療財團法人義大醫院,兒童青少年精神,N1,不清楚,急性兒童青少年,完整（心理/職能/社工/醫師）,部分電子化,1:9-10,1:13-15,1:9-10,1:13-15,1:20 以上,1:20 以上,兩班制,500,200,1200,無,是,約兩週輪一次，下班後待命到隔天早上，被叫回一個月約 1-2 次，有 on call 費,無,,,1-2 個月,到職 3 個月內,無,50-55,合理範圍給,5,總是,,院內有內外科醫師,5,完全沒有,6 次以上,偶爾,4,有，隨叫隨到,普通,1,良好,2,2,7,12,106,45,16,,4,機會多,4,資深領班受重視,allow,,,,allow,
2025-10-09 21:09,台北市,醫學中心,國立臺灣大學醫學院附設醫院兒童醫院,精神急性病房,護理長,精神科教學醫院,急性老年,部分（缺 1-2 種）,,1:7-8,1:9-10,1:9-10,1:11-12,1:20 以上,1:20 以上,混合制,400,300,無,1000,否,,,無,,1-2 個月,到職 3 個月內,,45-50,一律給,3,,導尿管、氣切管,,5,6-10 次,3-5 次,偶爾,,無，靠護理人員自己,非常完善,,老舊／不安全,,,3,10,141,59,21,生日禮金、三節禮券,4,機會多,4,訓練體系完整,allow,,allow,,,
2025-10-09 14:39,台南市,區域醫院,台南市立醫院(委託秀傳醫療社團法人經營),社區精神復健,N0,不清楚,日間照護,部分（缺 1-2 種）,部分電子化,1:9-10,1:9-10,1:11-12,1:16-17,1:20 以上,無此班別,混合制,400,500,無,1000,否,,,無,,,,2-3 小時,40-45,主管判斷,,經常,,僅能會診／轉外院,1,完全沒有,6 次以上,偶爾,5,有，隨叫隨到,,,良好,5,2,5,11,75,32,11,宿舍（單人房）,5,機會多,5,上次那個 32 床肝癌末期的阿伯家屬一直來吵，護理師被罵到哭。,block,病人個案資訊,allow,,,
2025-10-09,花蓮縣,區域醫院,國軍花蓮總醫院附設民眾診療服務處,成癮戒治,N0,精神科醫院,慢性,部分（缺 1-2 種）,紙本為主,1:7-8,1:11-12,1:13-15,1:13-15,1:20 以上,1:20 以上,兩班制,600,600,500,1000,是,,不清楚,有,白班（D）、小夜（E）、大夜（N）,不一定,,2-3 小時,45-50,主管判斷,5,很少,,,,6-10 次,1-2 次,每日多次,3,無，靠護理人員自己,良好,0,良好,5,,4,12,82,34,12,,4,機會多,4,,,,,,,
2025-10-09,台南市,地區醫院,奇美醫療財團法人佳里奇美醫院,成癮戒治,N1,精神科醫院,日間照護,完整（心理/職能/社工/醫師）,全面電子化,1:9-10,1:11-12,1:18-19,1:20 以上,1:20 以上,無此班別,混合制,無,400,1000,800,否,,無,,,1 個月內,1 年以上,1 小時內,40-45,合理範圍給,,幾乎沒有,,,5,1-5 次,無,偶爾,2,無，靠護理人員自己,,3 間以上,堪用,5,3,2,3,78,33,12,,4,機會多,3,主管支持度高,allow,,,,,
2025-10-09,台南市,地區醫院,洪外科醫院,精神急性病房,N2,不清楚,日間照護,部分（缺 1-2 種）,,1:11-12,1:16-17,1:11-12,1:13-15,1:20 以上,無此班別,混合制,300,400,1000,1000,否,,有,無,,,到職 3 個月內,,45-50,合理範圍給,3,經常,氣切管,,5,1-5 次,3-5 次,每日多次,2,無，靠護理人員自己,,,良好,4,1,5,5,80,34,12,,3,普通,2,,,,,,,
2025-10-08,新北市,區域醫院,輔仁大學學校財團法人輔仁大學附設醫院,日間照護單位,副護理長,不清楚,急性一般,主要靠護理,紙本為主,1:9-10,1:9-10,1:11-12,1:13-15,1:20 以上,無此班別,混合制,無,300,無,400,是,,,有,白班（D）、小夜（E）,3 個月以上,6-12 個月,2-3 小時,45-50,主管判斷,,幾乎沒有,鼻胃管、導尿管,,,完全沒有,,罕見,3,,不太足夠,,堪用,5,5,7,13,117,49,18,,4,普通,3,主管管太細,allow,,,,,
2025-10-08,新北市,地區醫院,新泰綜合醫院,成癮戒治,N2,精神科醫院,精神科加護,主要靠護理,紙本為主,1:7-8,1:7-8,1:18-19,1:18-19,1:20 以上,無此班別,三班制,400,300,500,無,否,,無,,,,6-12 個月,無,50-55,一律給,5,很少,鼻胃管、導尿管、氣切管,無,2,6-10 次,無,每週數次,1,有，隨叫隨到,非常不足,,無保護室,4,5,3,9,82,34,12,,5,普通,4,,,,,,,
2025-10-07 11:41,台北市,醫學中心,台灣基督長老教會馬偕醫療財團法人馬偕兒童醫院,精神急性病房,N0,不清楚,精神科急診,部分（缺 1-2 種）,紙本為主,1:9-10,1:13-15,1:13-15,1:13-15,1:13-15,1:16-17,混合制,250,200,400,500,否,,無,有,白班（D）、大夜（N）,1-2 個月,,1-2 小時,50-55,合理範圍給,1,很少,鼻胃管、導尿管、氣切管,,,6-10 次,,偶爾,,,非常不足,0,堪用,2,,7,8,90,38,14,,4,機會多,4,主管支持度高,allow,,,,,
2025-10-07,桃園市,醫學中心,長庚醫療財團法人林口長庚紀念醫院,精神急性病房,N2,精神科醫院,精神科加護,部分（缺 1-2 種）,,1:7-8,1:7-8,1:9-10,1:11-12,1:20 以上,無此班別,混合制,600,無,800,1000,否,,有,有,大夜（N）,不一定,,1 小時內,45-50,主管判斷,3,經常,,僅能會診／轉外院,2,1-5 次,,每週數次,1,有，但常需等待,,2,堪用,2,1,5,12,106,45,16,,4,機會多,3,訓練體系完整,allow,,,,,
2025-10-07,台南市,醫學中心,國立成功大學醫學院附設醫院,精神急性病房,N2,精神科醫院,急性老年,主要靠護理,,1:7-8,1:9-10,1:18-19,無此班別,1:13-15,1:16-17,三班制,無,300,無,1000,是,每月輪 3-4 次，被叫回頻率低，沒有 on call 費只能補休,不清楚,有,白班（D）、小夜（E）、大夜（N）,,1 年以上,2-3 小時,45-50,一律給,1,幾乎沒有,,定期駐診,5,完全沒有,,每日多次,5,,,,堪用,5,,6,6,103,43,15,,4,普通,4,團隊互助強,allow,,,,allow,
2025-10-07,桃園市,地區醫院,華揚醫院,老年精神,N2,精神科醫院,日間照護,主要靠護理,紙本為主,1:7-8,1:11-12,1:20 以上,1:20 以上,1:13-15,1:16-17,三班制,600,無,1000,500,否,,不清楚,,,1 個月內,不排夜班,,50-55,一律給,,,鼻胃管、導尿管,,5,6-10 次,1-2 次,偶爾,3,,非常不足,3 間以上,良好,3,,6,1,70,29,11,醫療費用員工優惠,4,機會多,3,兒科氣氛溫暖,allow,,allow,,,
2025-10-06 16:49,台北市,區域醫院,臺北市立聯合醫院忠孝院區,老年精神,N1,精神科教學醫院,慢性,主要靠護理,部分電子化,1:9-10,1:11-12,1:11-12,1:11-12,1:20 以上,無此班別,兩班制,200,300,800,400,否,,不清楚,無,,1 個月內,6-12 個月,4 小時,45-50,合理範圍給,,,鼻胃管、導尿管、氣切管,,,11-20 次,1-2 次,罕見,2,有，隨叫隨到,非常不足,0,良好,5,,3,6,80,34,12,醫療費用員工優惠,3,難以升遷,2,訓練體系完整,allow,,allow,,,
2025-10-06 14:44,台中市,區域醫院,佛教慈濟醫療財團法人台中慈濟醫院,精神急性病房,N2,精神科醫院,精神科加護,部分（缺 1-2 種）,部分電子化,1:6 以下,1:7-8,1:18-19,無此班別,1:20 以上,無此班別,三班制,600,500,1200,800,否,,,有,白班（D）、小夜（E）、大夜（N）,1 個月內,不排夜班,,45-50,一律給,,幾乎沒有,,院內有內外科醫師,2,1-5 次,無,偶爾,4,有，隨叫隨到,良好,1,無保護室,,1,7,2,89,37,13,,3,難以升遷,2,人力極端不足,allow,,,,,
2025-10-06 11:58,高雄市,地區醫院,信義醫療財團法人高雄基督教醫院,精神慢性病房,護理長,不清楚,日間照護,部分（缺 1-2 種）,全面電子化,1:6 以下,1:6 以下,1:11-12,1:11-12,1:20 以上,無此班別,混合制,500,無,無,無,否,,,有,白班（D）、小夜（E）、大夜（N）,,,,45-50,主管判斷,5,經常,鼻胃管,,5,完全沒有,,罕見,,無，靠護理人員自己,非常不足,3 間以上,堪用,3,1,8,8,102,43,15,進修學分補助、國外研討會補助,3,難以升遷,2,,,,allow,,,
2025-10-06 08:01,新北市,地區醫院,新仁醫療社團法人新仁醫院,精神急性病房,N3,不清楚,慢性,完整（心理/職能/社工/醫師）,紙本為主,1:7-8,1:9-10,1:11-12,1:13-15,1:13-15,1:13-15,三班制,200,無,500,1000,是,假日白天待命，被叫回才算加班費,有,有,白班（D）,,6-12 個月,4 小時,50-55,一律給,4,總是,鼻胃管、導尿管、氣切管,院內有內外科醫師,,完全沒有,1-2 次,每週數次,,無，靠護理人員自己,普通,0,良好,4,1,1,6,93,39,14,進修學分補助、國外研討會補助,3,難以升遷,2,主管管太細,allow,,allow,,allow,
2025-10-06,屏東縣,區域醫院,寶建醫療社團法人寶建醫院,精神慢性病房,N3,精神科醫院,急性成癮,完整（心理/職能/社工/醫師）,,1:6 以下,1:7-8,1:11-12,1:11-12,1:20 以上,無此班別,三班制,600,600,1000,600,是,約兩週輪一次，下班後待命到隔天早上，被叫回一個月約 1-2 次，有 on call 費,有,,,,,1-2 小時,45-50,合理範圍給,2,總是,鼻胃管、導尿管,院內有內外科醫師,,完全沒有,無,罕見,4,有，但常需等待,不太足夠,2,良好,2,2,1,11,104,44,16,員工餐廳伙食補助,4,機會多,3,案件量大但有規矩,allow,,allow,,allow,
2025-10-06,新北市,醫學中心,佛教慈濟醫療財團法人台北慈濟醫院,社區精神復健,N4,精神科醫院,日間照護,完整（心理/職能/社工/醫師）,部分電子化,1:9-10,1:9-10,1:18-19,1:18-19,1:20 以上,無此班別,兩班制,300,無,800,800,否,,有,無,,3 個月以上,3-6 個月,2-3 小時,45-50,合理範圍給,1,,鼻胃管,定期駐診,1,11-20 次,1-2 次,罕見,3,有，但常需等待,非常完善,2,無保護室,3,5,3,2,130,55,20,進修學分補助、國外研討會補助,4,機會多,4,排班相對人性化,allow,,allow,,,
2025-10-05 23:27,台南市,醫學中心,國立成功大學醫學院附設醫院,精神急性病房,N3,精神科教學醫院,急性一般,部分（缺 1-2 種）,全面電子化,1:9-10,1:13-15,1:9-10,1:13-15,1:20 以上,無此班別,三班制,無,無,600,500,是,假日白天待命，被叫回才算加班費,不清楚,無,,1-2 個月,3-6 個月,,40-45,合理範圍給,5,幾乎沒有,鼻胃管,僅能會診／轉外院,2,完全沒有,1-2 次,偶爾,5,有，但常需等待,,3 間以上,良好,1,1,8,13,121,51,18,,4,機會多,4,兒科氣氛溫暖,allow,,,,allow,
2025-10-05 22:40,宜蘭縣,地區醫院,臺北榮民總醫院員山分院,日間照護單位,N1,綜合醫院精神科,急性一般,部分（缺 1-2 種）,全面電子化,1:7-8,1:7-8,1:20 以上,無此班別,1:20 以上,無此班別,三班制,500,400,800,500,否,,無,無,,3 個月以上,3-6 個月,無,40-45,一律給,,幾乎沒有,,定期駐診,4,幾乎每天,,罕見,1,有，但常需等待,良好,1,堪用,2,,3,5,78,33,12,托兒補助,3,普通,2,,,,allow,,,
2025-10-05 19:37,台南市,區域醫院,台灣基督長老教會新樓醫療財團法人台南新樓醫院,兒童青少年精神,N2,精神科教學醫院,精神科加護,主要靠護理,部分電子化,1:11-12,1:11-12,1:18-19,1:18-19,1:20 以上,無此班別,三班制,250,無,無,600,否,,有,有,小夜（E）、大夜（N）,不一定,不排夜班,無,50-55,主管判斷,3,偶爾,,院內有內外科醫師,,完全沒有,3-5 次,偶爾,,有，隨叫隨到,良好,0,老舊／不安全,2,5,8,12,98,41,15,員工旅遊補助,4,機會多,3,氣氛輕鬆,allow,,allow,,,
2025-10-05 17:39,台北市,醫學中心,國立台灣大學醫學院附設醫院,成癮戒治,N4,不清楚,急性成癮,主要靠護理,,1:9-10,1:11-12,1:9-10,1:9-10,1:20 以上,1:20 以上,三班制,500,300,無,600,否,,有,有,大夜（N）,不一定,6-12 個月,1 小時內,45-50,主管判斷,2,偶爾,氣切管,,5,11-20 次,,每週數次,,有，隨叫隨到,普通,3 間以上,堪用,3,3,2,2,126,53,19,,3,機會多,3,排班相對人性化,allow,,,,,
2025-10-05,台中市,醫學中心,臺中榮民總醫院,成癮戒治,N2,精神科醫院,急性老年,部分（缺 1-2 種）,紙本為主,1:9-10,1:11-12,1:9-10,1:13-15,1:20 以上,無此班別,混合制,無,200,600,無,是,平日夜間待命，叫回要 30 分鐘內到院,,有,小夜（E）、大夜（N）,,到職 3 個月內,,50-55,主管判斷,,偶爾,導尿管,,2,1-5 次,3-5 次,每日多次,,無，靠護理人員自己,非常不足,3 間以上,良好,3,3,5,4,107,45,16,,4,機會多,3,訓練體系完整,allow,,,,allow,
2025-10-05,高雄市,地區醫院,信義醫療財團法人高雄基督教醫院,精神慢性病房,N2,不清楚,急性一般,部分（缺 1-2 種）,部分電子化,1:7-8,1:7-8,1:18-19,無此班別,1:13-15,1:13-15,混合制,200,300,無,1000,是,約兩週輪一次，下班後待命到隔天早上，被叫回一個月約 1-2 次，有 on call 費,,無,,不一定,不排夜班,,45-50,合理範圍給,5,偶爾,鼻胃管,院內有內外科醫師,,11-20 次,6 次以上,罕見,3,,,1,老舊／不安全,2,2,2,5,69,29,10,,3,難以升遷,2,加班頻率可接受,allow,,,,allow,
2025-10-05,屏東縣,地區醫院,衛生福利部恆春旅遊醫院,精神慢性病房,N3,綜合醫院精神科,急性兒童青少年,部分（缺 1-2 種）,,1:7-8,1:9-10,1:13-15,1:18-19,1:20 以上,無此班別,兩班制,600,500,600,1200,否,,,,,1 個月內,1 年以上,2-3 小時,45-50,合理範圍給,2,幾乎沒有,鼻胃管、導尿管,,1,11-20 次,1-2 次,罕見,,,良好,,良好,,5,8,4,82,34,12,,4,機會多,3,資深領班受重視,allow,,,,,
2025-10-05,台中市,區域醫院,仁愛醫療財團法人大里仁愛醫院,成癮戒治,N3,不清楚,急性兒童青少年,部分（缺 1-2 種）,,1:7-8,1:11-12,1:11-12,1:16-17,1:20 以上,無此班別,三班制,200,300,1200,400,是,約兩週輪一次，下班後待命到隔天早上，被叫回一個月約 1-2 次，有 on call 費,不清楚,有,白班（D）,,,無,40-45,合理範圍給,1,,導尿管,僅能會診／轉外院,3,11-20 次,無,每週數次,5,無，靠護理人員自己,,2,堪用,1,5,5,13,107,45,16,員工健檢自費項目補助,3,普通,2,工時長但待遇可,allow,,allow,,allow,
2025-10-04 10:11,新北市,區域醫院,行天宮醫療志業醫療財團法人恩主公醫院,日間照護單位,N1,綜合醫院精神科,精神科急診,主要靠護理,全面電子化,1:7-8,1:11-12,1:11-12,1:13-15,1:20 以上,1:20 以上,混合制,400,無,400,1200,否,,,有,白班（D）、小夜（E）,1 個月內,,4 小時,45-50,主管判斷,,,,院內有內外科醫師,3,11-20 次,無,罕見,2,無，靠護理人員自己,良好,,無保護室,,3,1,4,82,34,12,,3,普通,2,夜班輪轉公平,allow,,,,,
2025-10-03,新北市,區域醫院,天主教耕莘醫療財團法人耕莘醫院,兒童青少年精神,N1,綜合醫院精神科,急性兒童青少年,完整（心理/職能/社工/醫師）,,1:9-10,1:9-10,1:11-12,1:16-17,1:20 以上,1:20 以上,兩班制,250,600,1000,1000,是,假日白天待命，被叫回才算加班費,無,無,,3 個月以上,3-6 個月,4 小時,45-50,一律給,3,偶爾,,,1,6-10 次,1-2 次,偶爾,,有，但常需等待,普通,3 間以上,老舊／不安全,3,5,4,4,86,36,13,員工餐廳伙食補助,4,機會多,4,薪資與制度都優,allow,,allow,,allow,
2025-10-02 12:36,台南市,地區醫院,仁村醫院,精神急性病房,N2,綜合醫院精神科,精神科加護,主要靠護理,部分電子化,1:9-10,1:11-12,1:9-10,1:13-15,1:20 以上,無此班別,混合制,200,250,1200,500,是,平日夜間待命，叫回要 30 分鐘內到院,,無,,1 個月內,,2-3 小時,45-50,主管判斷,2,,氣切管,定期駐診,3,完全沒有,無,每日多次,3,有，隨叫隨到,非常完善,,堪用,5,2,3,7,75,32,11,,3,普通,2,人力穩定但行政會議多,allow,,,,allow,
2025-10-02,台北市,地區醫院,郵政醫院（委託中英醫療社團法人經營）,精神急性病房,N1,精神科醫院,精神科急診,部分（缺 1-2 種）,,1:11-12,1:16-17,1:9-10,1:11-12,1:20 以上,無此班別,兩班制,250,無,1000,600,否,,有,有,白班（D）、小夜（E）、大夜（N）,3 個月以上,,無,40-45,一律給,1,偶爾,鼻胃管、導尿管,,5,6-10 次,3-5 次,偶爾,,有，隨叫隨到,,0,良好,5,2,5,5,73,31,11,,5,機會多,4,薪資與制度都優,allow,,,,,
2025-10-02,新竹市,醫學中心,國立臺灣大學醫學院附設醫院新竹臺大分院新竹醫院,精神急性病房,N1,精神科教學醫院,精神科急診,主要靠護理,紙本為主,1:9-10,1:9-10,1:11-12,1:13-15,1:20 以上,無此班別,三班制,200,300,600,800,否,,有,無,,,到職 3 個月內,1-2 小時,40-45,主管判斷,,偶爾,氣切管,定期駐診,2,6-10 次,,每週數次,,有，但常需等待,普通,,堪用,4,4,6,7,100,42,15,托兒補助,3,機會多,3,可學到很多技術,allow,,allow,,,
2025-10-01 21:10,台北市,醫學中心,台灣基督長老教會馬偕醫療財團法人馬偕兒童醫院,成癮戒治,N2,不清楚,精神科加護,部分（缺 1-2 種）,,1:7-8,1:11-12,1:9-10,1:9-10,1:13-15,1:13-15,三班制,500,400,1200,800,否,,有,無,,2-3 個月,到職 3 個月內,4 小時,40-45,合理範圍給,2,總是,導尿管,,5,1-5 次,3-5 次,每週數次,3,,普通,,良好,4,1,5,13,101,42,15,員工健檢自費項目補助,3,機會多,3,,,,allow,,,
2025-10-01 19:49,台北市,醫學中心,長庚醫療財團法人台北長庚紀念醫院,成癮戒治,N4,綜合醫院精神科,精神科急診,部分（缺 1-2 種）,,1:7-8,1:7-8,1:20 以上,1:20 以上,1:13-15,1:18-19,混合制,300,200,400,1000,是,假日白天待命，被叫回才算加班費,無,有,白班（D）、小夜（E）,2-3 個月,6-12 個月,2-3 小時,50-55,合理範圍給,5,很少,氣切管,,3,1-5 次,無,每週數次,,無，靠護理人員自己,,,無保護室,1,,3,13,122,51,18,,4,普通,3,工時長但待遇可,allow,,,,allow,
2025-10-01 14:48,新北市,醫學中心,台灣基督長老教會馬偕醫療財團法人淡水馬偕紀念醫院,精神慢性病房,N2,精神科醫院,急性成癮,部分（缺 1-2 種）,部分電子化,1:9-10,1:9-10,1:9-10,1:9-10,1:20 以上,1:20 以上,兩班制,500,無,1000,1200,否,,不清楚,無,,不一定,,1-2 小時,40-45,主管判斷,,很少,鼻胃管、導尿管、氣切管,院內有內外科醫師,5,1-5 次,無,罕見,2,有，但常需等待,,2,堪用,5,3,8,9,113,47,17,員工旅遊補助,5,機會多,4,同事關係好,allow,,allow,,,
2025-10-01 13:58,台南市,醫學中心,國立成功大學醫學院附設醫院,日間照護單位,護理長,精神科教學醫院,急性一般,主要靠護理,部分電子化,1:11-12,1:13-15,1:9-10,1:11-12,1:20 以上,無此班別,兩班制,無,無,500,無,是,,有,,,,1 年以上,1 小時內,45-50,主管判斷,1,很少,鼻胃管、導尿管、氣切管,無,3,幾乎每天,,罕見,,,普通,0,老舊／不安全,3,1,1,8,129,54,19,宿舍（單人房）,5,機會多,4,同事關係好,allow,,allow,,,
2025-10-01,高雄市,醫學中心,財團法人私立高雄醫學大學附設中和紀念醫院,兒童青少年精神,護理長,不清楚,慢性,完整（心理/職能/社工/醫師）,全面電子化,1:9-10,1:13-15,1:11-12,1:16-17,1:13-15,1:13-15,混合制,600,600,1000,500,是,,無,無,,2-3 個月,不排夜班,2-3 小時,50-55,主管判斷,3,經常,鼻胃管、導尿管,定期駐診,5,6-10 次,,罕見,,,非常不足,2,無保護室,5,3,8,1,132,55,20,托兒補助,4,普通,4,兒科氣氛溫暖,allow,,allow,,,
2025-10-01,新北市,區域醫院,行天宮醫療志業醫療財團法人恩主公醫院,成癮戒治,N3,綜合醫院精神科,急性一般,部分（缺 1-2 種）,,1:7-8,1:11-12,1:20 以上,1:20 以上,1:13-15,1:13-15,混合制,400,500,500,1200,是,,不清楚,無,,3 個月以上,,,40-45,主管判斷,1,幾乎沒有,氣切管,,4,6-10 次,,每日多次,4,有，但常需等待,不太足夠,2,無保護室,,2,8,1,97,41,15,生日禮金、三節禮券,4,普通,4,資深領班受重視,allow,,allow,,,
2025-10-01,高雄市,區域醫院,高雄市立小港醫院（委託財團法人私立高雄醫學大學經營）,精神急性病房,N3,不清楚,急性兒童青少年,部分（缺 1-2 種）,,1:7-8,1:7-8,1:9-10,1:9-10,1:20 以上,無此班別,混合制,300,250,600,1000,否,,無,有,白班（D）、小夜（E）、大夜（N）,3 個月以上,到職 3 個月內,,40-45,一律給,,很少,,僅能會診／轉外院,3,完全沒有,3-5 次,每週數次,2,有，隨叫隨到,良好,2,無保護室,3,,4,3,93,39,14,進修學分補助、國外研討會補助,4,普通,3,訓練體系完整,allow,,allow,,,
2025-10-01,台中市,區域醫院,衛生福利部臺中醫院,精神急性病房,N1,不清楚,日間照護,主要靠護理,紙本為主,1:6 以下,1:6 以下,1:20 以上,1:20 以上,1:13-15,1:18-19,三班制,250,500,無,400,否,,,無,,2-3 個月,,,40-45,合理範圍給,,,鼻胃管,,4,幾乎每天,6 次以上,每日多次,,有，但常需等待,,1,老舊／不安全,,4,7,9,79,33,12,,3,普通,3,團隊互助強,allow,,,,,
2025-10-01,台南市,地區醫院,新興醫療社團法人新興醫院,成癮戒治,N1,精神科醫院,急性成癮,主要靠護理,部分電子化,1:9-10,1:11-12,1:9-10,1:9-10,1:20 以上,1:20 以上,混合制,600,600,1200,1000,否,,,,,1 個月內,6-12 個月,4 小時,40-45,合理範圍給,1,幾乎沒有,鼻胃管、導尿管、氣切管,,3,1-5 次,,每週數次,1,無，靠護理人員自己,,3 間以上,老舊／不安全,2,3,1,5,71,30,11,進修學分補助、國外研討會補助,3,普通,2,主管管太細,allow,,allow,,,
2025-10-01,桃園市,區域醫院,臺北榮民總醫院桃園分院,精神慢性病房,N1,精神科教學醫院,急性一般,主要靠護理,全面電子化,1:7-8,1:9-10,1:11-12,1:16-17,1:13-15,1:18-19,混合制,400,400,無,無,是,,,無,,,,1-2 小時,40-45,一律給,,,,無,5,幾乎每天,6 次以上,偶爾,1,,良好,0,無保護室,5,2,5,9,86,36,13,員工餐廳伙食補助,4,機會多,3,,,,allow,,,
2025-09-30,金門縣,地區醫院,衛生福利部金門醫院,社區精神復健,N1,精神科醫院,慢性,部分（缺 1-2 種）,紙本為主,1:9-10,1:11-12,1:18-19,1:20 以上,1:20 以上,無此班別,混合制,600,無,1200,400,否,,,,,1-2 個月,,2-3 小時,40-45,合理範圍給,3,很少,鼻胃管、導尿管、氣切管,定期駐診,2,幾乎每天,6 次以上,罕見,,,,0,無保護室,,,1,2,65,27,10,員工旅遊補助,4,機會多,4,同事關係好,allow,,allow,,,
2025-09-29 23:16,台中市,醫學中心,中國醫藥大學附設醫院,老年精神,護理長,精神科醫院,慢性,主要靠護理,,1:9-10,1:9-10,1:18-19,無此班別,1:13-15,1:13-15,三班制,300,250,1000,600,是,平日夜間待命，叫回要 30 分鐘內到院,,,,不一定,到職 3 個月內,2-3 小時,40-45,合理範圍給,,,,定期駐診,,11-20 次,,偶爾,2,有，隨叫隨到,,3 間以上,老舊／不安全,2,1,4,7,140,59,21,,4,機會多,3,團隊互助強,allow,,,,allow,
2025-09-29 20:52,台中市,醫學中心,中國醫藥大學兒童醫院,精神急性病房,N3,精神科教學醫院,急性一般,部分（缺 1-2 種）,全面電子化,1:9-10,1:11-12,1:18-19,無此班別,1:20 以上,無此班別,混合制,600,300,400,1200,否,,,無,,2-3 個月,,4 小時,50-55,合理範圍給,5,經常,鼻胃管、導尿管、氣切管,,2,11-20 次,,每週數次,,,,1,良好,,,4,10,113,47,17,,4,普通,4,某位資深學姊很愛針對新人，大家都知道是誰。,review,揭露第三人身分,,,,
2025-09-29 15:47,台北市,醫學中心,國立臺灣大學醫學院附設醫院兒童醫院,精神慢性病房,N3,精神科教學醫院,精神科加護,主要靠護理,,1:11-12,1:16-17,1:18-19,1:20 以上,1:13-15,1:18-19,兩班制,250,500,500,500,是,約兩週輪一次，下班後待命到隔天早上，被叫回一個月約 1-2 次，有 on call 費,有,無,,3 個月以上,到職 3 個月內,無,40-45,合理範圍給,5,,,僅能會診／轉外院,4,6-10 次,3-5 次,罕見,1,,,3 間以上,無保護室,3,,1,1,112,47,17,,4,普通,4,排班相對人性化,allow,,,,allow,
2025-09-29 13:43,南投縣,區域醫院,埔基醫療財團法人埔里基督教醫院,精神急性病房,N2,精神科醫院,慢性,主要靠護理,紙本為主,1:7-8,1:9-10,1:20 以上,無此班別,1:13-15,1:13-15,兩班制,200,500,500,1200,是,平日夜間待命，叫回要 30 分鐘內到院,有,無,,不一定,6-12 個月,,40-45,一律給,,很少,鼻胃管、導尿管、氣切管,無,,6-10 次,3-5 次,每週數次,1,有，隨叫隨到,非常完善,3 間以上,無保護室,,5,6,8,86,36,13,員工餐廳伙食補助,3,難以升遷,2,常被臨時調班,allow,,allow,,allow,
2025-09-29,彰化縣,地區醫院,道周醫療社團法人道周醫院,日間照護單位,N2,不清楚,急性一般,主要靠護理,紙本為主,1:6 以下,1:6 以下,1:9-10,1:13-15,1:20 以上,無此班別,三班制,200,400,無,1000,是,,,,,1 個月內,1 年以上,2-3 小時,40-45,一律給,1,,,無,3,11-20 次,6 次以上,罕見,4,有，隨叫隨到,,3 間以上,堪用,,,4,3,79,33,12,,4,機會多,3,可學到很多技術,allow,,,,,
2025-09-29,台北市,醫學中心,台灣基督長老教會馬偕醫療財團法人馬偕兒童醫院,社區精神復健,N2,精神科教學醫院,急性老年,部分（缺 1-2 種）,部分電子化,1:9-10,1:9-10,1:18-19,1:20 以上,1:20 以上,1:20 以上,混合制,500,無,600,400,否,,有,,,,,2-3 小時,45-50,合理範圍給,5,很少,鼻胃管、導尿管、氣切管,,,1-5 次,,罕見,,,不太足夠,1,良好,,2,2,3,103,43,15,,4,機會多,3,主管支持度高,allow,,,,,
2025-09-28 14:36,嘉義縣,地區醫院,衛生福利部朴子醫院,社區精神復健,N2,精神科醫院,急性兒童青少年,部分（缺 1-2 種）,,1:9-10,1:11-12,1:9-10,1:9-10,1:20 以上,無此班別,混合制,300,200,400,800,是,假日白天待命，被叫回才算加班費,有,無,,1-2 個月,,1-2 小時,40-45,合理範圍給,2,偶爾,氣切管,僅能會診／轉外院,2,完全沒有,1-2 次,偶爾,2,無，靠護理人員自己,不太足夠,2,老舊／不安全,5,,7,6,78,33,12,進修學分補助、國外研討會補助,2,普通,1,加班沒給,allow,,allow,,allow,
2025-09-28 08:13,基隆市,地區醫院,新昆明醫院,兒童青少年精神,N3,綜合醫院精神科,急性成癮,完整（心理/職能/社工/醫師）,紙本為主,1:7-8,1:7-8,1:20 以上,1:20 以上,1:20 以上,無此班別,兩班制,250,600,600,無,否,,無,有,白班（D）、小夜（E）、大夜（N）,不一定,1 年以上,無,50-55,合理範圍給,,,,定期駐診,,幾乎每天,6 次以上,罕見,3,,,1,無保護室,,3,2,1,78,33,12,,4,機會多,3,夜班輪轉公平,allow,,,,,
2025-09-28,台北市,區域醫院,臺北市立聯合醫院忠孝院區,成癮戒治,N4,精神科醫院,精神科急診,完整（心理/職能/社工/醫師）,部分電子化,1:7-8,1:7-8,1:18-19,1:18-19,1:20 以上,無此班別,混合制,400,200,無,無,否,,無,無,,,,無,40-45,合理範圍給,3,很少,,僅能會診／轉外院,1,6-10 次,6 次以上,每週數次,2,有，但常需等待,非常完善,2,堪用,,5,5,3,107,45,16,,4,機會多,4,專科很強值得待,allow,,,,,
2025-09-28,彰化縣,醫學中心,彰化基督教醫療財團法人彰化基督教兒童醫院,精神急性病房,N3,精神科醫院,日間照護,部分（缺 1-2 種）,,1:7-8,1:11-12,1:9-10,1:13-15,1:13-15,1:16-17,三班制,250,無,500,600,否,,無,,,不一定,到職 3 個月內,,40-45,合理範圍給,5,很少,導尿管、氣切管,無,3,1-5 次,,偶爾,2,有，但常需等待,不太足夠,,老舊／不安全,4,5,7,2,121,51,18,,4,普通,4,,,,,,,
2025-09-28,台北市,醫學中心,國立台灣大學醫學院附設醫院,精神慢性病房,N1,精神科醫院,精神科加護,主要靠護理,,1:11-12,1:11-12,1:9-10,1:9-10,1:20 以上,1:20 以上,三班制,500,300,無,600,否,,不清楚,無,,1-2 個月,1 年以上,2-3 小時,40-45,主管判斷,,經常,鼻胃管、導尿管、氣切管,院內有內外科醫師,3,幾乎每天,3-5 次,罕見,,,,0,堪用,,4,5,5,105,44,16,,4,機會多,4,上次那個 32 床肝癌末期的阿伯家屬一直來吵，護理師被罵到哭。,block,病人個案資訊,,,,
2025-09-27 13:23,桃園市,地區醫院,大明醫院,社區精神復健,N0,不清楚,日間照護,部分（缺 1-2 種）,全面電子化,1:11-12,1:11-12,1:9-10,1:9-10,1:20 以上,無此班別,兩班制,200,無,800,1000,否,,不清楚,無,,,1 年以上,1 小時內,40-45,主管判斷,4,很少,鼻胃管、導尿管、氣切管,院內有內外科醫師,,幾乎每天,無,罕見,,無，靠護理人員自己,,,堪用,,4,3,12,58,24,9,進修學分補助、國外研討會補助,3,普通,2,中部醫院 case 量適中,allow,,allow,,,
2025-09-27 13:04,新北市,區域醫院,國泰醫療財團法人汐止國泰綜合醫院,成癮戒治,N4,綜合醫院精神科,慢性,部分（缺 1-2 種）,紙本為主,1:7-8,1:11-12,1:11-12,1:13-15,1:20 以上,無此班別,混合制,600,400,500,無,是,假日白天待命，被叫回才算加班費,不清楚,無,,1 個月內,3-6 個月,1 小時內,40-45,一律給,,總是,鼻胃管,,1,11-20 次,,每週數次,,有，但常需等待,不太足夠,,老舊／不安全,,2,4,11,111,47,17,生日禮金、三節禮券,3,普通,3,主管支持度高,allow,,allow,,allow,
2025-09-27,台北市,區域醫院,基督復臨安息日會醫療財團法人臺安醫院,精神慢性病房,N2,精神科教學醫院,日間照護,部分（缺 1-2 種）,,1:7-8,1:9-10,1:20 以上,無此班別,1:20 以上,無此班別,兩班制,200,600,800,800,否,,不清楚,有,白班（D）,,,4 小時,40-45,主管判斷,4,幾乎沒有,鼻胃管,僅能會診／轉外院,5,6-10 次,6 次以上,罕見,2,無，靠護理人員自己,非常不足,,無保護室,4,1,5,10,98,41,15,,4,機會多,3,兒科氣氛溫暖,allow,,,,,
2025-09-26 22:16,台南市,區域醫院,台灣基督長老教會新樓醫療財團法人台南新樓醫院,社區精神復健,護理長,精神科教學醫院,精神科急診,完整（心理/職能/社工/醫師）,全面電子化,1:7-8,1:11-12,1:11-12,1:11-12,1:20 以上,無此班別,混合制,500,200,無,無,否,,,,,2-3 個月,6-12 個月,1-2 小時,40-45,合理範圍給,2,,,院內有內外科醫師,1,幾乎每天,1-2 次,偶爾,5,有，隨叫隨到,普通,3 間以上,良好,1,,5,12,122,51,18,年度自強活動,4,普通,4,資深領班受重視,allow,,allow,,,
2025-09-26 09:41,台南市,區域醫院,台南市立醫院(委託秀傳醫療社團法人經營),老年精神,N1,精神科教學醫院,急性老年,部分（缺 1-2 種）,部分電子化,1:9-10,1:11-12,1:9-10,1:9-10,1:20 以上,無此班別,混合制,300,無,400,無,是,每月輪 3-4 次，被叫回頻率低，沒有 on call 費只能補休,不清楚,有,白班（D）、小夜（E）,1-2 個月,1 年以上,4 小時,40-45,主管判斷,4,偶爾,,僅能會診／轉外院,1,11-20 次,6 次以上,罕見,4,有，但常需等待,非常不足,3 間以上,良好,4,4,7,2,82,34,12,宿舍（單人房）,3,普通,2,可學到很多技術,allow,,allow,,allow,
2025-09-26,高雄市,醫學中心,長庚醫療財團法人高雄長庚紀念醫院,精神急性病房,N1,精神科教學醫院,日間照護,主要靠護理,全面電子化,1:9-10,1:13-15,1:11-12,1:16-17,1:13-15,1:16-17,混合制,600,600,500,400,否,,,無,,不一定,3-6 個月,1 小時內,45-50,一律給,1,,鼻胃管、導尿管、氣切管,定期駐診,,6-10 次,3-5 次,每日多次,,無，靠護理人員自己,不太足夠,0,良好,2,,5,9,97,41,15,醫療費用員工優惠,4,普通,4,可學到很多技術,allow,,allow,,,
2025-09-26,新北市,醫學中心,台灣基督長老教會馬偕醫療財團法人淡水馬偕紀念醫院,老年精神,N4,精神科醫院,慢性,部分（缺 1-2 種）,部分電子化,1:6 以下,1:6 以下,1:11-12,1:16-17,1:20 以上,無此班別,混合制,200,300,1000,無,否,,無,有,白班（D）,1 個月內,3-6 個月,1-2 小時,40-45,合理範圍給,3,,,院內有內外科醫師,2,完全沒有,1-2 次,偶爾,1,,不太足夠,2,良好,,5,4,7,132,55,20,員工健檢自費項目補助,4,機會多,3,薪資與制度都優,allow,,allow,,,
2025-09-25,新北市,區域醫院,行天宮醫療志業醫療財團法人恩主公醫院,精神急性病房,副護理長,不清楚,急性兒童青少年,完整（心理/職能/社工/醫師）,部分電子化,1:9-10,1:13-15,1:13-15,1:18-19,1:20 以上,無此班別,兩班制,500,600,無,800,否,,,,,,,1-2 小時,45-50,合理範圍給,4,很少,,,1,11-20 次,,每週數次,,有，但常需等待,普通,0,堪用,1,3,7,11,118,50,18,,4,機會多,3,,,,,,,
2025-09-25,台中市,區域醫院,仁愛醫療財團法人大里仁愛醫院,日間照護單位,N2,不清楚,日間照護,部分（缺 1-2 種）,全面電子化,1:7-8,1:9-10,1:9-10,1:13-15,1:13-15,1:16-17,混合制,無,400,400,400,否,,不清楚,無,,3 個月以上,3-6 個月,4 小時,45-50,合理範圍給,,偶爾,鼻胃管,,3,完全沒有,3-5 次,偶爾,5,,,1,良好,1,4,4,8,84,35,13,,4,機會多,4,氣氛輕鬆,allow,,,,,
2025-09-24,高雄市,地區醫院,惠德醫院,社區精神復健,N3,精神科醫院,急性一般,完整（心理/職能/社工/醫師）,全面電子化,1:9-10,1:9-10,1:9-10,1:13-15,1:13-15,1:16-17,混合制,200,300,600,400,否,,,,,,1 年以上,4 小時,40-45,一律給,4,偶爾,鼻胃管、導尿管、氣切管,無,1,幾乎每天,1-2 次,罕見,4,有，隨叫隨到,,1,堪用,1,2,4,13,87,37,13,,3,難以升遷,2,門診作息穩定,allow,,,,,
2025-09-24,台南市,醫學中心,國立成功大學醫學院附設醫院,精神慢性病房,N2,精神科教學醫院,急性兒童青少年,部分（缺 1-2 種）,部分電子化,1:7-8,1:7-8,1:9-10,1:13-15,1:20 以上,1:20 以上,兩班制,200,無,1200,無,否,,,無,,,不排夜班,1-2 小時,45-50,主管判斷,3,,鼻胃管、導尿管、氣切管,,,6-10 次,,罕見,4,有，但常需等待,不太足夠,3 間以上,無保護室,,,5,3,108,45,16,,4,普通,4,,,,,,,
2025-09-24,台北市,醫學中心,三軍總醫院附設民眾診療服務處及其汀州院區,社區精神復健,N4,精神科醫院,精神科加護,部分（缺 1-2 種）,部分電子化,1:7-8,1:11-12,1:11-12,1:11-12,1:20 以上,無此班別,三班制,400,400,800,1000,否,,有,有,大夜（N）,1 個月內,,,50-55,合理範圍給,,很少,導尿管、氣切管,,1,幾乎每天,,罕見,5,有，隨叫隨到,普通,0,良好,,5,3,6,136,57,20,,5,機會多,4,訓練體系完整,allow,,,,,
2025-09-24,台北市,醫學中心,台灣基督長老教會馬偕醫療財團法人馬偕兒童醫院,社區精神復健,N0,綜合醫院精神科,急性一般,主要靠護理,,1:6 以下,1:7-8,1:13-15,1:13-15,1:20 以上,1:20 以上,混合制,500,無,600,1000,是,約兩週輪一次，下班後待命到隔天早上，被叫回一個月約 1-2 次，有 on call 費,不清楚,無,,,3-6 個月,,45-50,合理範圍給,1,,導尿管、氣切管,,1,6-10 次,,罕見,,有，隨叫隨到,非常完善,,堪用,5,4,7,5,97,41,15,,4,機會多,3,人力穩定但行政會議多,allow,,,,allow,
2025-09-24,桃園市,區域醫院,沙爾德聖保祿修女會醫療財團法人聖保祿醫院,精神慢性病房,N3,不清楚,精神科加護,主要靠護理,,1:11-12,1:11-12,1:13-15,1:18-19,1:20 以上,無此班別,三班制,無,250,500,800,否,,不清楚,,,,,,40-45,一律給,5,偶爾,鼻胃管、導尿管,僅能會診／轉外院,1,1-5 次,3-5 次,偶爾,,無，靠護理人員自己,普通,2,老舊／不安全,1,4,6,4,94,39,14,員工餐廳伙食補助,5,機會多,4,,,,allow,,,
2025-09-23 12:44,台北市,醫學中心,新光醫療財團法人新光吳火獅紀念醫院,兒童青少年精神,N1,不清楚,急性兒童青少年,部分（缺 1-2 種）,部分電子化,1:6 以下,1:7-8,1:13-15,1:13-15,1:20 以上,無此班別,三班制,250,600,800,400,否,,有,無,,不一定,3-6 個月,2-3 小時,40-45,一律給,,,氣切管,院內有內外科醫師,3,6-10 次,,偶爾,4,有，但常需等待,不太足夠,1,良好,4,,8,4,107,45,16,,4,普通,4,團隊互助強,allow,,,,,
2025-09-23,台北市,醫學中心,臺北市立萬芳醫院-委託臺北醫學大學辦理,兒童青少年精神,N1,不清楚,精神科加護,部分（缺 1-2 種）,全面電子化,1:11-12,1:13-15,1:11-12,1:16-17,1:13-15,1:13-15,兩班制,250,500,無,500,是,平日夜間待命，叫回要 30 分鐘內到院,,有,白班（D）、小夜（E）、大夜（N）,,到職 3 個月內,2-3 小時,45-50,一律給,5,偶爾,,僅能會診／轉外院,,6-10 次,1-2 次,偶爾,1,無，靠護理人員自己,良好,1,老舊／不安全,1,2,3,5,93,39,14,,4,機會多,4,專科很強值得待,allow,,,,allow,
2025-09-22 23:21,雲林縣,地區醫院,諸元內科醫院,精神急性病房,N4,綜合醫院精神科,慢性,主要靠護理,,1:9-10,1:11-12,1:11-12,1:16-17,1:13-15,1:13-15,三班制,200,500,無,400,否,,,,,2-3 個月,到職 3 個月內,1-2 小時,40-45,主管判斷,1,經常,,僅能會診／轉外院,2,1-5 次,3-5 次,每日多次,,,不太足夠,,良好,,5,1,13,93,39,14,生日禮金、三節禮券,5,機會多,5,主管支持度高,allow,,allow,,,
2025-09-22 15:28,台北市,區域醫院,臺北市立聯合醫院陽明院區,精神慢性病房,N1,不清楚,慢性,完整（心理/職能/社工/醫師）,部分電子化,1:7-8,1:7-8,1:18-19,1:20 以上,1:20 以上,無此班別,混合制,600,250,1000,800,否,,,有,白班（D）、小夜（E）、大夜（N）,,,,45-50,一律給,,很少,鼻胃管、導尿管、氣切管,無,4,完全沒有,1-2 次,偶爾,3,,非常完善,,無保護室,1,1,4,3,87,37,13,,4,機會多,4,團隊互助強,allow,,,,,
2025-09-22 14:56,新竹縣,地區醫院,臺北榮民總醫院新竹分院,精神急性病房,N1,精神科教學醫院,精神科加護,部分（缺 1-2 種）,部分電子化,1:9-10,1:13-15,1:20 以上,無此班別,1:13-15,1:18-19,兩班制,250,250,400,500,是,假日白天待命，被叫回才算加班費,有,無,,不一定,6-12 個月,無,50-55,合理範圍給,3,偶爾,,,,完全沒有,1-2 次,每週數次,4,,,,堪用,1,,8,4,74,31,11,,3,普通,1,夜班暴力事件多,allow,,,,allow,
2025-09-22 13:33,新北市,區域醫院,新北市立土城醫院(委託長庚醫療財團法人興建經營),兒童青少年精神,N3,精神科醫院,日間照護,部分（缺 1-2 種）,紙本為主,1:9-10,1:13-15,1:18-19,無此班別,1:20 以上,無此班別,兩班制,600,300,600,無,否,,有,有,大夜（N）,不一定,6-12 個月,1-2 小時,40-45,合理範圍給,1,幾乎沒有,導尿管、氣切管,僅能會診／轉外院,1,1-5 次,3-5 次,罕見,5,無，靠護理人員自己,良好,,無保護室,5,5,5,6,105,44,16,員工健檢自費項目補助,4,機會多,4,可學到很多技術,allow,,allow,,,
2025-09-22 11:15,台北市,醫學中心,臺北榮民總醫院,成癮戒治,N0,精神科教學醫院,精神科急診,完整（心理/職能/社工/醫師）,紙本為主,1:6 以下,1:6 以下,1:9-10,1:11-12,1:20 以上,無此班別,兩班制,250,無,500,500,否,,無,無,,,不排夜班,無,50-55,合理範圍給,,,鼻胃管、導尿管,,5,1-5 次,,每日多次,5,有，但常需等待,,,良好,,,6,12,101,42,15,,4,機會多,3,,,,,,,
2025-09-22 08:45,台北市,醫學中心,臺北榮民總醫院,老年精神,護理長,精神科教學醫院,慢性,主要靠護理,全面電子化,1:7-8,1:11-12,1:18-19,1:18-19,1:13-15,1:18-19,兩班制,200,200,500,1200,否,,,有,大夜（N）,不一定,到職 3 個月內,無,40-45,一律給,1,經常,鼻胃管、導尿管、氣切管,院內有內外科醫師,5,1-5 次,6 次以上,罕見,,,非常完善,2,堪用,,,5,13,138,58,21,,4,機會多,3,,,,,,,
2025-09-22 08:43,高雄市,地區醫院,新高鳳醫院,精神慢性病房,N2,精神科醫院,急性成癮,部分（缺 1-2 種）,,1:9-10,1:9-10,1:13-15,1:16-17,1:20 以上,1:20 以上,混合制,200,600,400,600,是,每月輪 3-4 次，被叫回頻率低，沒有 on call 費只能補休,不清楚,有,白班（D）、小夜（E）,1-2 個月,6-12 個月,1 小時內,45-50,合理範圍給,,偶爾,,院內有內外科醫師,,6-10 次,3-5 次,偶爾,5,無，靠護理人員自己,非常不足,2,無保護室,2,5,6,6,81,34,12,,4,機會多,4,訓練體系完整,allow,,,,allow,
2025-09-22,新竹市,地區醫院,南門綜合醫院,老年精神,N1,綜合醫院精神科,急性一般,主要靠護理,部分電子化,1:7-8,1:9-10,1:9-10,1:11-12,1:13-15,1:16-17,兩班制,250,200,無,500,是,假日白天待命，被叫回才算加班費,不清楚,無,,,1 年以上,4 小時,50-55,合理範圍給,5,經常,鼻胃管、導尿管,僅能會診／轉外院,,幾乎每天,,罕見,2,有，隨叫隨到,普通,,老舊／不安全,,1,1,13,77,32,12,員工旅遊補助,4,機會多,3,專科氣氛 OK,allow,,allow,,allow,
2025-09-22,高雄市,地區醫院,新高醫院,兒童青少年精神,副護理長,精神科醫院,急性一般,部分（缺 1-2 種）,,1:6 以下,1:9-10,1:20 以上,無此班別,1:20 以上,無此班別,混合制,400,無,800,無,否,,有,有,白班（D）、大夜（N）,1-2 個月,3-6 個月,,45-50,合理範圍給,1,幾乎沒有,,無,,完全沒有,6 次以上,罕見,,,非常不足,3 間以上,良好,3,4,3,5,90,38,14,,4,普通,4,訓練體系完整,allow,,,,,
2025-09-22,苗栗縣,地區醫院,協和醫院,精神慢性病房,N1,精神科教學醫院,急性一般,主要靠護理,部分電子化,1:6 以下,1:6 以下,1:18-19,無此班別,1:20 以上,無此班別,兩班制,無,200,1000,1000,是,平日夜間待命，叫回要 30 分鐘內到院,,,,不一定,到職 3 個月內,,45-50,合理範圍給,5,偶爾,鼻胃管,僅能會診／轉外院,5,完全沒有,3-5 次,罕見,1,,,3 間以上,無保護室,2,,8,13,68,29,10,,5,普通,4,兒科氣氛溫暖,allow,,,,allow,
2025-09-22,彰化縣,醫學中心,彰化基督教醫療財團法人彰化基督教醫院,精神急性病房,N3,精神科教學醫院,急性兒童青少年,完整（心理/職能/社工/醫師）,紙本為主,1:9-10,1:11-12,1:20 以上,無此班別,1:20 以上,無此班別,混合制,250,400,無,1200,是,,不清楚,,,,6-12 個月,,45-50,合理範圍給,3,,鼻胃管、導尿管、氣切管,定期駐診,5,完全沒有,3-5 次,每週數次,4,無，靠護理人員自己,,,無保護室,3,5,4,10,117,49,18,,5,機會多,4,團隊互助強,allow,,,,,
2025-09-21 21:48,新北市,地區醫院,中英醫療社團法人板英醫院,精神急性病房,N1,綜合醫院精神科,精神科加護,部分（缺 1-2 種）,部分電子化,1:9-10,1:9-10,1:11-12,1:13-15,1:20 以上,無此班別,兩班制,600,600,無,500,否,,不清楚,無,,,3-6 個月,1-2 小時,40-45,合理範圍給,4,偶爾,,,5,6-10 次,6 次以上,每週數次,1,,,3 間以上,老舊／不安全,,1,6,1,78,33,12,,4,機會多,4,可學到很多技術,allow,,,,,
2025-09-21,高雄市,醫學中心,高雄榮民總醫院,兒童青少年精神,N1,精神科醫院,急性老年,部分（缺 1-2 種）,紙本為主,1:9-10,1:11-12,1:9-10,1:9-10,1:20 以上,1:20 以上,混合制,500,600,400,1200,是,,,有,白班（D）、小夜（E）,不一定,,1-2 小時,40-45,一律給,,經常,,定期駐診,2,完全沒有,,偶爾,3,有，但常需等待,良好,1,堪用,,4,2,11,108,45,16,,4,普通,3,主管支持度高,allow,,,,,
2025-09-21,高雄市,區域醫院,高雄市立聯合醫院,日間照護單位,N3,不清楚,急性成癮,部分（缺 1-2 種）,紙本為主,1:11-12,1:16-17,1:18-19,無此班別,1:13-15,1:13-15,混合制,200,600,1200,1200,是,,有,無,,3 個月以上,,無,40-45,一律給,2,,,,5,6-10 次,1-2 次,罕見,,,非常完善,0,堪用,3,5,2,2,102,43,15,員工健檢自費項目補助,5,機會多,4,排班相對人性化,allow,,allow,,,
2025-09-21,台北市,區域醫院,臺北市立聯合醫院和平婦幼院區及其婦幼院區,社區精神復健,N2,精神科醫院,精神科急診,部分（缺 1-2 種）,紙本為主,1:7-8,1:9-10,1:18-19,1:20 以上,1:20 以上,無此班別,兩班制,無,400,400,600,否,,有,有,白班（D）、小夜（E）,,不排夜班,,45-50,主管判斷,,,,,2,11-20 次,6 次以上,罕見,2,無，靠護理人員自己,良好,3 間以上,老舊／不安全,5,2,5,3,97,41,15,員工旅遊補助,3,普通,2,訓練體系完整,allow,,allow,,,
2025-09-21,台北市,地區醫院,中國醫藥大學附設醫院臺北分院,精神急性病房,護理長,精神科教學醫院,急性一般,主要靠護理,,1:11-12,1:11-12,1:11-12,1:16-17,1:13-15,1:13-15,混合制,無,250,600,400,是,每月輪 3-4 次，被叫回頻率低，沒有 on call 費只能補休,不清楚,無,,不一定,6-12 個月,1 小時內,45-50,合理範圍給,2,,鼻胃管、導尿管、氣切管,僅能會診／轉外院,5,1-5 次,6 次以上,每日多次,5,,,,無保護室,5,,2,6,101,42,15,,5,普通,4,主管支持度高,allow,,,,allow,
2025-09-21,新竹市,地區醫院,國軍桃園總醫院新竹分院附設民眾診療服務處,老年精神,N3,精神科教學醫院,精神科急診,部分（缺 1-2 種）,紙本為主,1:9-10,1:13-15,1:9-10,1:13-15,1:20 以上,無此班別,兩班制,250,600,無,1000,是,約兩週輪一次，下班後待命到隔天早上，被叫回一個月約 1-2 次，有 on call 費,,有,白班（D）,,6-12 個月,1 小時內,45-50,主管判斷,5,,鼻胃管,定期駐診,3,幾乎每天,,罕見,,有，隨叫隨到,良好,,無保護室,1,3,3,6,85,36,13,托兒補助,4,普通,4,團隊互助強,allow,,allow,,allow,
2025-09-20 23:10,高雄市,區域醫院,高雄市立聯合醫院,成癮戒治,N1,精神科醫院,慢性,主要靠護理,部分電子化,1:11-12,1:16-17,1:9-10,1:13-15,1:20 以上,無此班別,混合制,300,200,無,無,否,,,有,白班（D）、小夜（E）、大夜（N）,,,,45-50,合理範圍給,,,導尿管、氣切管,定期駐診,5,11-20 次,1-2 次,每週數次,4,有，隨叫隨到,普通,2,無保護室,5,1,4,9,82,34,12,,3,普通,1,工時超長,allow,,,,,
2025-09-20 20:41,新北市,醫學中心,佛教慈濟醫療財團法人台北慈濟醫院,兒童青少年精神,N2,不清楚,急性成癮,部分（缺 1-2 種）,全面電子化,1:9-10,1:13-15,1:20 以上,無此班別,1:20 以上,無此班別,混合制,300,250,1200,400,是,平日夜間待命，叫回要 30 分鐘內到院,無,有,小夜（E）、大夜（N）,1-2 個月,到職 3 個月內,1-2 小時,40-45,合理範圍給,,,導尿管、氣切管,僅能會診／轉外院,4,6-10 次,,罕見,3,,非常不足,2,堪用,,1,8,7,101,42,15,,4,普通,4,專科很強值得待,allow,,,,allow,
2025-09-20,苗栗縣,區域醫院,為恭醫療財團法人為恭紀念醫院及其東興院區,精神急性病房,N1,不清楚,精神科加護,完整（心理/職能/社工/醫師）,紙本為主,1:6 以下,1:7-8,1:11-12,1:11-12,1:20 以上,無此班別,混合制,600,200,無,600,是,約兩週輪一次，下班後待命到隔天早上，被叫回一個月約 1-2 次，有 on call 費,有,無,,不一定,6-12 個月,2-3 小時,40-45,主管判斷,4,總是,導尿管、氣切管,僅能會診／轉外院,2,完全沒有,無,偶爾,1,有，隨叫隨到,良好,0,老舊／不安全,5,,7,7,89,37,13,,4,機會多,4,可學到很多技術,allow,,,,allow,
2025-09-20,台南市,區域醫院,台南市立醫院(委託秀傳醫療社團法人經營),精神慢性病房,副護理長,精神科醫院,急性一般,部分（缺 1-2 種）,紙本為主,1:6 以下,1:9-10,1:13-15,1:13-15,1:13-15,1:18-19,混合制,500,600,無,600,否,,,,,1 個月內,3-6 個月,無,50-55,合理範圍給,5,很少,鼻胃管、導尿管、氣切管,僅能會診／轉外院,1,完全沒有,6 次以上,罕見,5,有，隨叫隨到,普通,1,無保護室,,2,4,2,109,46,16,托兒補助,4,機會多,4,主管支持度高,allow,,allow,,,
2025-09-19 19:52,新竹縣,地區醫院,竹信醫院,社區精神復健,N3,精神科醫院,急性老年,完整（心理/職能/社工/醫師）,,1:9-10,1:9-10,1:11-12,1:16-17,1:20 以上,無此班別,混合制,400,250,無,1200,是,每月輪 3-4 次，被叫回頻率低，沒有 on call 費只能補休,,有,白班（D）、小夜（E）,3 個月以上,,2-3 小時,45-50,合理範圍給,2,總是,鼻胃管、氣切管,無,4,1-5 次,,罕見,5,,,1,無保護室,2,1,1,7,78,33,12,,3,難以升遷,2,被當打雜,allow,,,,allow,
2025-09-19,屏東縣,地區醫院,茂隆骨科醫院,老年精神,N3,精神科醫院,慢性,主要靠護理,,1:9-10,1:9-10,1:13-15,1:13-15,1:20 以上,1:20 以上,兩班制,300,600,無,1000,否,,無,無,,3 個月以上,6-12 個月,1 小時內,40-45,一律給,,經常,導尿管、氣切管,無,,完全沒有,6 次以上,罕見,2,無，靠護理人員自己,良好,1,良好,2,4,3,2,79,33,12,宿舍（單人房）,3,難以升遷,2,,,,allow,,,
2025-09-18 20:13,台北市,醫學中心,新光醫療財團法人新光吳火獅紀念醫院,日間照護單位,N2,精神科教學醫院,日間照護,主要靠護理,,1:7-8,1:9-10,1:18-19,無此班別,1:13-15,1:13-15,三班制,無,200,600,無,是,,無,有,白班（D）、小夜（E）、大夜（N）,,3-6 個月,,50-55,合理範圍給,5,幾乎沒有,,無,1,1-5 次,3-5 次,罕見,4,無，靠護理人員自己,,,良好,,2,7,5,100,42,15,,3,普通,2,加班頻率可接受,allow,,,,,
2025-09-18 18:02,台中市,區域醫院,衛生福利部豐原醫院,精神慢性病房,N2,精神科醫院,慢性,部分（缺 1-2 種）,全面電子化,1:9-10,1:11-12,1:9-10,1:11-12,1:20 以上,無此班別,三班制,無,400,無,1200,否,,,無,,1 個月內,6-12 個月,4 小時,50-55,一律給,1,,鼻胃管、導尿管、氣切管,院內有內外科醫師,3,11-20 次,3-5 次,罕見,2,,不太足夠,3 間以上,堪用,4,3,3,5,98,41,15,,4,機會多,4,團隊互助強,allow,,,,,
2025-09-18 13:35,高雄市,地區醫院,重仁骨科醫院,成癮戒治,N4,不清楚,急性老年,部分（缺 1-2 種）,紙本為主,1:6 以下,1:9-10,1:13-15,1:18-19,1:20 以上,無此班別,兩班制,300,300,600,無,是,每月輪 3-4 次，被叫回頻率低，沒有 on call 費只能補休,不清楚,,,3 個月以上,,2-3 小時,40-45,主管判斷,1,,鼻胃管、導尿管,僅能會診／轉外院,,11-20 次,6 次以上,每週數次,,,非常不足,3 間以上,良好,3,1,6,3,95,40,14,,4,普通,3,安寧團隊互相 support,allow,,,,allow,
2025-09-18 08:07,台中市,醫學中心,中山醫學大學附設醫院,成癮戒治,N2,精神科醫院,急性兒童青少年,部分（缺 1-2 種）,全面電子化,1:9-10,1:13-15,1:18-19,1:18-19,1:20 以上,1:20 以上,三班制,400,300,1000,800,否,,不清楚,無,,,,,45-50,合理範圍給,,,鼻胃管、導尿管、氣切管,,4,6-10 次,,每週數次,2,無，靠護理人員自己,,1,老舊／不安全,,,4,8,106,45,16,員工旅遊補助,4,機會多,3,門診作息穩定,allow,,allow,,,
2025-09-18 07:06,新竹市,區域醫院,新竹市立馬偕兒童醫院(委託台灣基督長老教會馬偕醫療財團法人興建經營),日間照護單位,N1,精神科教學醫院,日間照護,主要靠護理,紙本為主,1:9-10,1:11-12,1:20 以上,無此班別,1:13-15,1:13-15,兩班制,600,300,600,500,是,約兩週輪一次，下班後待命到隔天早上，被叫回一個月約 1-2 次，有 on call 費,,有,白班（D）、小夜（E）、大夜（N）,3 個月以上,6-12 個月,4 小時,45-50,一律給,3,很少,導尿管、氣切管,院內有內外科醫師,,完全沒有,3-5 次,罕見,4,有，隨叫隨到,普通,,堪用,2,2,4,13,91,38,14,醫療費用員工優惠,4,普通,4,兒科氣氛溫暖,allow,,allow,,allow,
2025-09-18,宜蘭縣,地區醫院,臺北榮民總醫院員山分院,成癮戒治,N1,不清楚,急性兒童青少年,部分（缺 1-2 種）,紙本為主,1:7-8,1:11-12,1:9-10,1:9-10,1:13-15,1:13-15,兩班制,600,400,500,1000,否,,,,,,不排夜班,,40-45,合理範圍給,3,總是,,僅能會診／轉外院,,11-20 次,無,每日多次,3,有，隨叫隨到,不太足夠,0,無保護室,,4,1,13,68,29,10,,4,機會多,3,專科很強值得待,allow,,,,,
2025-09-18,高雄市,地區醫院,瑞祥醫院,日間照護單位,N2,綜合醫院精神科,急性老年,部分（缺 1-2 種）,,1:7-8,1:7-8,1:13-15,1:16-17,1:13-15,1:16-17,混合制,無,500,1000,1200,否,,,,,1-2 個月,不排夜班,,40-45,合理範圍給,1,經常,鼻胃管、導尿管,,2,11-20 次,無,罕見,3,,良好,,良好,1,1,6,6,78,33,12,宿舍（單人房）,4,機會多,4,薪資與制度都優,allow,,allow,,,
2025-09-17,屏東縣,區域醫院,寶建醫療社團法人寶建醫院,精神急性病房,N2,綜合醫院精神科,急性一般,部分（缺 1-2 種）,,1:7-8,1:9-10,1:20 以上,1:20 以上,1:20 以上,無此班別,混合制,200,250,500,無,否,,,,,3 個月以上,到職 3 個月內,,45-50,主管判斷,1,經常,導尿管、氣切管,院內有內外科醫師,,11-20 次,,每日多次,5,有，但常需等待,普通,2,堪用,1,3,1,3,92,39,14,員工餐廳伙食補助,3,普通,3,專科氣氛 OK,allow,,allow,,,
2025-09-17,台北市,醫學中心,國立臺灣大學醫學院附設醫院兒童醫院,社區精神復健,N3,精神科教學醫院,急性成癮,部分（缺 1-2 種）,,1:9-10,1:11-12,1:9-10,1:13-15,1:20 以上,1:20 以上,混合制,600,300,無,無,是,平日夜間待命，叫回要 30 分鐘內到院,有,無,,2-3 個月,,1 小時內,50-55,合理範圍給,2,很少,鼻胃管、氣切管,,,完全沒有,,偶爾,,,不太足夠,2,堪用,2,,3,2,113,47,17,醫療費用員工優惠,3,機會多,3,專科很強值得待,allow,,allow,,allow,
2025-09-17,高雄市,區域醫院,國軍左營總醫院附設民眾診療服務處,兒童青少年精神,N4,精神科教學醫院,急性一般,主要靠護理,全面電子化,1:9-10,1:9-10,1:18-19,1:20 以上,1:20 以上,1:20 以上,混合制,300,500,1000,500,否,,,有,白班（D）、大夜（N）,不一定,1 年以上,,50-55,合理範圍給,2,,氣切管,,3,11-20 次,3-5 次,罕見,,,良好,2,堪用,4,4,3,13,115,48,17,,3,普通,2,加班沒給,allow,,,,,
2025-09-16 13:31,台中市,地區醫院,林新醫療社團法人烏日林新醫院,老年精神,N2,精神科醫院,急性兒童青少年,部分（缺 1-2 種）,全面電子化,1:6 以下,1:9-10,1:18-19,無此班別,1:20 以上,1:20 以上,兩班制,無,300,600,800,是,每月輪 3-4 次，被叫回頻率低，沒有 on call 費只能補休,有,有,大夜（N）,不一定,1 年以上,4 小時,50-55,主管判斷,,,導尿管、氣切管,,1,幾乎每天,6 次以上,罕見,2,有，但常需等待,不太足夠,2,良好,5,2,6,3,82,34,12,員工旅遊補助,4,機會多,4,氣氛輕鬆,allow,,allow,,allow,
2025-09-16,新竹市,醫學中心,國立臺灣大學醫學院附設醫院新竹臺大分院新竹醫院,成癮戒治,護理長,精神科醫院,精神科急診,部分（缺 1-2 種）,部分電子化,1:11-12,1:13-15,1:18-19,1:18-19,1:20 以上,1:20 以上,三班制,200,200,1200,1200,是,平日夜間待命，叫回要 30 分鐘內到院,不清楚,,,1 個月內,到職 3 個月內,無,40-45,一律給,3,,,無,5,1-5 次,無,偶爾,3,,不太足夠,0,老舊／不安全,5,,1,7,130,55,20,托兒補助,4,普通,4,氣氛輕鬆,allow,,allow,,allow,
2025-09-16,高雄市,地區醫院,正大醫院,成癮戒治,副護理長,不清楚,急性兒童青少年,部分（缺 1-2 種）,部分電子化,1:6 以下,1:7-8,1:9-10,1:9-10,1:13-15,1:18-19,三班制,600,無,500,400,否,,有,,,,,無,45-50,合理範圍給,1,偶爾,,定期駐診,2,6-10 次,無,每日多次,2,,良好,3 間以上,老舊／不安全,1,3,3,8,94,39,14,進修學分補助、國外研討會補助,4,機會多,3,專科很強值得待,allow,,allow,,,
2025-09-16,台北市,醫學中心,臺北市立萬芳醫院-委託臺北醫學大學辦理,精神慢性病房,N4,精神科教學醫院,急性老年,部分（缺 1-2 種）,部分電子化,1:7-8,1:11-12,1:20 以上,無此班別,1:20 以上,無此班別,兩班制,500,250,500,1000,是,每月輪 3-4 次，被叫回頻率低，沒有 on call 費只能補休,不清楚,無,,不一定,3-6 個月,1 小時內,45-50,一律給,,經常,,僅能會診／轉外院,,6-10 次,6 次以上,偶爾,2,,非常不足,1,堪用,1,1,7,5,135,57,20,,3,難以升遷,2,可學到很多技術,allow,,,,allow,
2025-09-16,台北市,醫學中心,臺北榮民總醫院,精神慢性病房,副護理長,不清楚,慢性,部分（缺 1-2 種）,紙本為主,1:6 以下,1:7-8,1:18-19,無此班別,1:20 以上,無此班別,三班制,600,400,500,400,是,,不清楚,,,,到職 3 個月內,,50-55,合理範圍給,,,導尿管,定期駐診,5,完全沒有,6 次以上,罕見,2,無，靠護理人員自己,非常不足,2,無保護室,,4,5,3,132,55,20,員工旅遊補助,3,機會多,3,人力穩定但行政會議多,allow,,allow,,,
2025-09-16,台中市,區域醫院,光田醫療社團法人光田綜合醫院及其大甲院區,老年精神,N1,不清楚,急性老年,完整（心理/職能/社工/醫師）,部分電子化,1:6 以下,1:6 以下,1:18-19,1:20 以上,1:20 以上,無此班別,混合制,300,200,400,1200,否,,有,,,,不排夜班,2-3 小時,40-45,主管判斷,,總是,,僅能會診／轉外院,2,幾乎每天,無,偶爾,3,無，靠護理人員自己,普通,0,老舊／不安全,3,2,2,9,83,35,12,員工旅遊補助,4,普通,3,薪資與制度都優,allow,,allow,,,
