timestamp,institutionType,institutionName,unitName,location,jobTitle,specialType,dailyCases,onCallRequired,radiationExposure,dayShiftRatio,weeklyHours,overtimePolicy,yearsCurrent,yearsTotal,annualSalary,monthlyBase,annualBonus,workAtmosphere,promotion,recommendIndex,comment,modComment,modCommentCode,modSpecialBenefits,modSpecialBenefitsCode,modOnCallPattern,modOnCallPatternCode
2025-11-15 21:15,醫學中心,台灣基督長老教會馬偕醫療財團法人馬偕兒童醫院,心導管室,台北市,N3,心導管室,8-12,有，少被 call,中等,1:2案件,45-50,一律給,7,8,107,45,16,4,普通,4,排班相對人性化,allow,,,,,
2025-11-15 08:51,醫學中心,佛教慈濟醫療財團法人台北慈濟醫院,電燒室 (EP Lab),新北市,N1,電燒室 (EP Lab),12-18,有，常被 call,高頻率,1:2案件,45-50,合理範圍給,8,1,101,42,15,3,普通,2,新人訓練紮實,allow,,,,,
2025-11-15 08:41,醫學中心,佛教慈濟醫療財團法人花蓮慈濟醫院,胃鏡室,花蓮縣,副護理長,胃鏡室,30-50,有，少被 call,無,1:2台,40-45,一律給,3,10,120,50,18,3,難以升遷,1,主管常 stand-by 不夠,allow,,,,,
2025-11-15,醫學中心,國立臺灣大學醫學院附設醫院新竹臺大分院新竹醫院,高壓氧中心,新竹市,N0,高壓氧,8-12,有，少被 call,無,1:2台,45-50,一律給,2,4,95,40,14,4,普通,4,訓練體系完整,allow,,,,,
2025-11-15,區域醫院,天成醫療社團法人天晟醫院,高壓氧中心,桃園市,副護理長,高壓氧,20-30,無,無,1:1台,45-50,一律給,7,4,110,46,17,3,難以升遷,2,工時超長,allow,,,,,
2025-11-14,區域醫院,衛生福利部豐原醫院,化療室,台中市,N1,其他,8-12,無,少量,1:2案件,50-55,一律給,6,12,81,34,12,3,難以升遷,2,工時超長,allow,,,,,
2025-11-13,醫學中心,義大醫療財團法人義大醫院,介入治療中心,高雄市,N2,介入治療中心,12-18,有，少被 call,高頻率,1:3病人,50-55,合理範圍給,8,2,99,42,15,4,機會多,4,可學到很多技術,allow,,,,,
2025-11-13,地區醫院,新高鳳醫院,化療室,高雄市,N3,其他,8-12,無,少量,1:1台,45-50,合理範圍給,8,13,79,33,12,4,機會多,3,氣氛輕鬆,allow,,,,,
2025-11-13,醫學中心,臺中榮民總醫院,高壓氧中心,台中市,N1,高壓氧,30-50,無,無,1:3病人,45-50,一律給,6,13,96,40,14,3,機會多,3,案件量大但有規矩,allow,,,,,
2025-11-12 14:36,醫學中心,臺北市立萬芳醫院-委託臺北醫學大學辦理,內視鏡室,台北市,專科護理師,內視鏡室,5-8,無,無,1:2案件,45-50,一律給,7,5,117,49,18,3,機會多,3,團隊互助強,allow,,,,,
2025-11-11,醫學中心,長庚醫療財團法人台北長庚紀念醫院,心導管室,台北市,副護理長,心導管室,20-30,有，常被 call,高頻率,1:1台,50-55,合理範圍給,8,4,133,56,20,4,機會多,3,排班相對人性化,allow,,,,,
2025-11-11,醫學中心,彰化基督教醫療財團法人彰化基督教兒童醫院,大腸鏡室,彰化縣,N3,內視鏡室,20-30,有，少被 call,無,1:1案件,40-45,合理範圍給,2,10,115,48,17,5,機會多,4,主管支持度高,allow,,,,,
2025-11-10,醫學中心,新光醫療財團法人新光吳火獅紀念醫院,內視鏡室,台北市,護理長,內視鏡室,8-12,有，少被 call,無,1:1案件,45-50,一律給,4,6,128,54,19,5,機會多,4,團隊互助強,allow,,,,,
2025-11-10,醫學中心,臺中榮民總醫院,胃鏡室,台中市,副護理長,胃鏡室,12-18,無,無,1:3病人,40-45,主管判斷,7,8,129,54,19,4,機會多,3,可學到很多技術,allow,,,,,
2025-11-10,區域醫院,澄清綜合醫院中港分院,放射治療室,台中市,N1,其他,12-18,有，少被 call,高頻率,1:3病人,50-55,主管判斷,7,8,92,39,14,3,難以升遷,2,,,,,,,
2025-11-09 16:32,區域醫院,天主教耕莘醫療財團法人耕莘醫院,介入心臟室,新北市,N4,心導管室,20-30,有，少被 call,高頻率,1:1台,50-55,合理範圍給,8,2,108,45,16,4,機會多,4,薪資與制度都優,allow,,,,,
2025-11-09 16:05,醫學中心,財團法人私立高雄醫學大學附設中和紀念醫院,高壓氧中心,高雄市,N3,高壓氧,5-8,無,無,1:2案件,50-55,主管判斷,4,6,121,51,18,4,機會多,3,訓練體系完整,allow,,,,,
2025-11-09 10:38,醫學中心,臺北榮民總醫院,介入心臟室,台北市,N2,心導管室,12-18,有，少被 call,中等,1:2案件,45-50,合理範圍給,4,11,107,45,16,3,難以升遷,1,,,,,,,
2025-11-09,醫學中心,佛教慈濟醫療財團法人花蓮慈濟醫院,高壓氧中心,花蓮縣,N2,高壓氧,30-50,有，少被 call,無,1:1案件,50-55,合理範圍給,6,7,105,44,16,5,機會多,4,,,,,,,
2025-11-09,醫學中心,義大醫療財團法人義大醫院,化療室,高雄市,N0,其他,20-30,有，少被 call,少量,1:3病人,40-45,合理範圍給,1,9,90,38,14,3,機會多,3,安寧團隊互相 support,allow,,,,,
2025-11-08 10:08,醫學中心,三軍總醫院附設民眾診療服務處及其汀州院區,內視鏡室,台北市,N2,內視鏡室,30-50,無,無,1:3病人,45-50,合理範圍給,1,10,108,45,16,4,機會多,3,資深領班受重視,allow,,,,,
2025-11-08,醫學中心,臺北市立萬芳醫院-委託臺北醫學大學辦理,高壓氧中心,台北市,N1,高壓氧,20-30,無,無,1:1台,40-45,一律給,5,9,99,42,15,4,機會多,3,,,,,,,
2025-11-07 15:11,醫學中心,財團法人私立高雄醫學大學附設中和紀念醫院,化療室,高雄市,N3,其他,20-30,有，少被 call,少量,1:2台,50-55,合理範圍給,8,8,111,47,17,4,機會多,3,資深領班受重視,allow,,,,,
2025-11-07 08:35,醫學中心,新光醫療財團法人新光吳火獅紀念醫院,化療室,台北市,N4,其他,5-8,有，少被 call,少量,1:3病人,45-50,合理範圍給,7,2,125,53,19,5,機會多,5,團隊互助強,allow,,,,,
2025-11-07,醫學中心,奇美醫療財團法人奇美醫院及其樹林院區,高壓氧中心,台南市,N1,高壓氧,30-50,無,無,1:1案件,40-45,合理範圍給,2,8,97,41,15,4,機會多,3,薪資與制度都優,allow,,,,,
2025-11-07,區域醫院,阮綜合醫療社團法人阮綜合醫院,支氣管鏡室,高雄市,N1,內視鏡室,12-18,無,無,1:2台,45-50,合理範圍給,7,3,81,34,12,4,機會多,4,排班相對人性化,allow,,,,,
2025-11-06,醫學中心,彰化基督教醫療財團法人彰化基督教醫院,大腸鏡室,彰化縣,N2,內視鏡室,8-12,無,無,1:2案件,40-45,一律給,5,13,103,43,15,5,普通,5,團隊互助強,allow,,,,,
2025-11-06,醫學中心,長庚醫療財團法人台北長庚紀念醫院,支氣管鏡室,台北市,N0,內視鏡室,12-18,有，少被 call,無,1:1台,40-45,合理範圍給,3,10,92,39,14,3,難以升遷,2,工時長但待遇可,allow,,,,,
2025-11-05 21:03,區域醫院,仁愛醫療財團法人大里仁愛醫院,內視鏡室,台中市,N3,內視鏡室,8-12,無,無,1:2案件,50-55,一律給,8,6,97,41,15,3,普通,3,主管管太細,allow,,,,,
2025-11-05,醫學中心,國立臺灣大學醫學院附設醫院兒童醫院,內視鏡室,台北市,N2,內視鏡室,8-12,無,無,1:3病人,45-50,一律給,8,6,104,44,16,3,難以升遷,2,中部醫院 case 量適中,allow,,,,,
2025-11-05,醫學中心,中國醫藥大學兒童醫院,支氣管鏡室,台中市,N1,內視鏡室,12-18,無,無,1:2台,45-50,合理範圍給,1,2,96,40,14,4,機會多,4,資深領班受重視,allow,,,,,
2025-11-05,醫學中心,國立臺灣大學醫學院附設醫院兒童醫院,胃鏡室,台北市,N4,胃鏡室,30-50,無,無,1:2案件,45-50,合理範圍給,5,8,131,55,20,4,機會多,3,案件量大但有規矩,allow,,,,,
2025-11-04,醫學中心,衛生福利部雙和醫院(委託臺北醫學大學興建經營),大腸鏡室,新北市,N2,內視鏡室,30-50,無,無,1:1案件,45-50,合理範圍給,5,11,108,45,16,4,普通,4,薪資與制度都優,allow,,,,,
2025-11-04,醫學中心,國泰醫療財團法人國泰綜合醫院,高壓氧中心,台北市,N2,高壓氧,8-12,無,無,1:1案件,50-55,一律給,3,2,101,42,15,4,機會多,4,同事關係好,allow,,,,,
2025-11-03 22:33,區域醫院,高雄市立聯合醫院,放射治療室,高雄市,N4,其他,8-12,有，常被 call,高頻率,1:1台,45-50,合理範圍給,2,3,123,52,18,5,機會多,5,訓練體系完整,allow,,,,,
2025-11-03 08:48,地區醫院,竹山秀傳醫療社團法人竹山秀傳醫院,電燒室 (EP Lab),南投縣,N1,電燒室 (EP Lab),8-12,有，常被 call,中等,1:1台,50-55,一律給,4,6,62,26,9,3,機會多,3,新人訓練紮實,allow,,,,,
2025-11-03,醫學中心,長庚醫療財團法人台北長庚紀念醫院,放射治療室,台北市,護理長,其他,20-30,有，常被 call,高頻率,1:1案件,40-45,合理範圍給,4,6,132,55,20,4,機會多,4,案件多但學得快,allow,,,,,
2025-11-02 15:38,醫學中心,高雄榮民總醫院,內視鏡室,高雄市,N1,內視鏡室,5-8,有，少被 call,無,1:3病人,40-45,主管判斷,2,13,104,44,16,3,難以升遷,2,人力過勞且無加班費,allow,,,,,
2025-11-02,醫學中心,衛生福利部雙和醫院(委託臺北醫學大學興建經營),介入治療中心,新北市,N3,介入治療中心,20-30,有，常被 call,高頻率,1:2案件,45-50,合理範圍給,5,7,108,45,16,4,機會多,3,安寧團隊互相 support,allow,,,,,
2025-11-02,醫學中心,台灣基督長老教會馬偕醫療財團法人馬偕紀念醫院,高壓氧中心,台北市,N3,高壓氧,12-18,無,無,1:1台,40-45,合理範圍給,2,10,118,50,18,4,機會多,3,同事關係好,allow,,,,,
2025-11-01 11:07,醫學中心,台灣基督長老教會馬偕醫療財團法人淡水馬偕紀念醫院,胃鏡室,新北市,N1,胃鏡室,30-50,無,無,1:3病人,50-55,合理範圍給,8,2,106,45,16,3,機會多,3,主管管太細,allow,,,,,
2025-11-01 09:11,區域醫院,衛生福利部旗山醫院,高壓氧中心,高雄市,N3,高壓氧,30-50,無,無,1:2台,40-45,主管判斷,4,3,102,43,15,4,機會多,3,,,,,,,
2025-11-01 08:10,醫學中心,彰化基督教醫療財團法人彰化基督教兒童醫院,放射治療室,彰化縣,N2,其他,12-18,有，常被 call,中等,1:2案件,45-50,合理範圍給,5,12,112,47,17,4,機會多,3,案件量大但有規矩,allow,,,,,
2025-11-01,區域醫院,國軍花蓮總醫院附設民眾診療服務處,血管攝影室,花蓮縣,N2,血管攝影室,30-50,有，少被 call,高頻率,1:3病人,50-55,合理範圍給,2,12,88,37,13,3,機會多,3,,,,,,,
2025-11-01,地區醫院,宜蘭仁愛醫療財團法人宜蘭仁愛醫院,支氣管鏡室,宜蘭縣,N1,內視鏡室,20-30,有，少被 call,無,1:1台,50-55,合理範圍給,3,13,66,28,10,4,普通,3,主管支持度高,allow,,,,,
2025-11-01,醫學中心,奇美醫療財團法人奇美醫院及其樹林院區,高壓氧中心,台南市,N2,高壓氧,20-30,無,無,1:1案件,40-45,一律給,7,13,104,44,16,4,機會多,5,主管支持度高,allow,,,,,
2025-10-31 12:39,醫學中心,長庚醫療財團法人高雄長庚紀念醫院,電燒室 (EP Lab),高雄市,副護理長,電燒室 (EP Lab),30-50,有，常被 call,高頻率,1:1案件,40-45,合理範圍給,2,12,127,53,19,3,難以升遷,2,沒人沒錢沒尊重,allow,,,,,
2025-10-31 07:34,醫學中心,衛生福利部雙和醫院(委託臺北醫學大學興建經營),放射治療室,新北市,N1,其他,12-18,有，少被 call,中等,1:3病人,45-50,一律給,8,3,92,39,14,5,機會多,4,同事關係好,allow,,,,,
2025-10-31,區域醫院,李綜合醫療社團法人大甲李綜合醫院,高壓氧中心,台中市,N0,高壓氧,12-18,有，少被 call,無,1:1案件,45-50,一律給,3,4,81,34,12,5,機會多,4,,,,,,,
2025-10-31,區域醫院,國立臺灣大學醫學院附設醫院新竹臺大分院生醫醫院,電燒室 (EP Lab),新竹縣,N2,電燒室 (EP Lab),30-50,有，常被 call,高頻率,1:1台,45-50,合理範圍給,1,5,92,39,14,4,機會多,4,團隊互助強,allow,,,,,
2025-10-30 19:06,地區醫院,長慎醫院,放射治療室,桃園市,專科護理師,其他,30-50,有，常被 call,中等,1:3病人,45-50,一律給,8,3,90,38,14,3,難以升遷,2,門診作息穩定,allow,,,,,
2025-10-30,醫學中心,長庚醫療財團法人林口長庚紀念醫院,高壓氧中心,桃園市,N0,高壓氧,12-18,無,無,1:3病人,45-50,一律給,2,1,89,37,13,3,機會多,3,加班頻率可接受,allow,,,,,
2025-10-30,醫學中心,醫療財團法人徐元智先生醫藥基金會亞東紀念醫院,內視鏡室,新北市,N1,內視鏡室,20-30,有，少被 call,無,1:1台,45-50,主管判斷,6,11,95,40,14,3,難以升遷,2,案件量大但有規矩,allow,,,,,
2025-10-29,醫學中心,彰化基督教醫療財團法人彰化基督教醫院,血管攝影室,彰化縣,N0,血管攝影室,8-12,有，少被 call,中等,1:1案件,40-45,合理範圍給,6,5,91,38,14,4,機會多,3,,,,,,,
2025-10-29,醫學中心,三軍總醫院附設民眾診療服務處及其汀州院區,血管攝影室,台北市,N1,血管攝影室,30-50,有，少被 call,高頻率,1:1台,45-50,合理範圍給,4,10,92,39,14,3,難以升遷,2,人力極端不足,allow,,,,,
2025-10-29,醫學中心,中國醫藥大學兒童醫院,介入治療中心,台中市,N0,介入治療中心,30-50,有，常被 call,高頻率,1:3病人,40-45,合理範圍給,1,1,93,39,14,4,機會多,3,,,,,,,
2025-10-29,區域醫院,高雄市立大同醫院,介入治療中心,高雄市,N3,介入治療中心,8-12,有，常被 call,高頻率,1:2案件,50-55,合理範圍給,1,2,104,44,16,4,機會多,5,專科很強值得待,allow,,,,,
2025-10-28 22:35,區域醫院,寶建醫療社團法人寶建醫院,支氣管鏡室,屏東縣,N2,內視鏡室,30-50,無,無,1:1台,45-50,一律給,6,10,90,38,14,4,機會多,3,加班頻率可接受,allow,,,,,
2025-10-28,醫學中心,長庚醫療財團法人高雄長庚紀念醫院,介入心臟室,高雄市,N2,心導管室,8-12,有，少被 call,中等,1:1台,40-45,一律給,7,5,97,41,15,3,難以升遷,2,新人訓練紮實,allow,,,,,
2025-10-28,醫學中心,長庚醫療財團法人高雄長庚紀念醫院,介入治療中心,高雄市,N2,介入治療中心,20-30,有，少被 call,高頻率,1:2案件,40-45,合理範圍給,4,12,109,46,16,5,機會多,4,團隊互助強,allow,,,,,
2025-10-28,地區醫院,全民醫院,心導管室,新北市,專科護理師,心導管室,5-8,有，常被 call,中等,1:1案件,45-50,一律給,4,10,82,34,12,4,機會多,4,資深領班受重視,allow,,,,,
2025-10-27 17:22,區域醫院,基督復臨安息日會醫療財團法人臺安醫院,電燒室 (EP Lab),台北市,N1,電燒室 (EP Lab),5-8,有，常被 call,高頻率,1:1台,50-55,合理範圍給,8,8,81,34,12,4,普通,4,可學到很多技術,allow,,,,,
2025-10-27,區域醫院,臺中榮民總醫院嘉義分院,心導管室,嘉義市,副護理長,心導管室,30-50,有，常被 call,高頻率,1:3病人,45-50,合理範圍給,7,9,110,46,17,5,機會多,5,資深領班受重視,allow,,,,,
2025-10-26 23:28,區域醫院,國立陽明交通大學附設醫院及其新民院區,血管攝影室,宜蘭縣,N2,血管攝影室,12-18,有，常被 call,高頻率,1:3病人,45-50,合理範圍給,6,3,88,37,13,3,機會多,3,中部醫院 case 量適中,allow,,,,,
2025-10-26,區域醫院,振興醫療財團法人振興醫院,胃鏡室,台北市,N2,胃鏡室,30-50,有，少被 call,無,1:2台,50-55,一律給,1,8,96,40,14,3,普通,3,,,,,,,
2025-10-26,區域醫院,基督復臨安息日會醫療財團法人臺安醫院,高壓氧中心,台北市,專科護理師,高壓氧,12-18,無,無,1:2台,40-45,合理範圍給,5,10,104,44,16,4,機會多,3,工時長但待遇可,allow,,,,,
2025-10-26,區域醫院,衛生福利部彰化醫院,心導管室,彰化縣,N1,心導管室,20-30,有，常被 call,高頻率,1:1案件,45-50,一律給,2,7,89,37,13,4,機會多,3,新人訓練紮實,allow,,,,,
2025-10-26,區域醫院,臺北市立聯合醫院陽明院區,介入心臟室,台北市,專科護理師,心導管室,5-8,有，常被 call,高頻率,1:1案件,45-50,合理範圍給,7,10,103,43,15,3,難以升遷,1,常被臨時調班,allow,,,,,
2025-10-26,醫學中心,佛教慈濟醫療財團法人花蓮慈濟醫院,介入心臟室,花蓮縣,專科護理師,心導管室,8-12,有，少被 call,高頻率,1:1案件,45-50,主管判斷,1,13,125,53,19,5,機會多,4,案件多但學得快,allow,,,,,
2025-10-26,醫學中心,佛教慈濟醫療財團法人花蓮慈濟醫院,化療室,花蓮縣,N3,其他,20-30,有，少被 call,少量,1:3病人,50-55,主管判斷,7,7,122,51,18,4,機會多,4,氣氛輕鬆,allow,,,,,
2025-10-25,地區醫院,臺北榮民總醫院蘇澳分院,血管攝影室,宜蘭縣,N2,血管攝影室,5-8,有，常被 call,中等,1:3病人,50-55,合理範圍給,4,9,71,30,11,3,難以升遷,2,,,,,,,
2025-10-25,區域醫院,秀傳醫療社團法人秀傳紀念醫院,介入治療中心,彰化縣,N3,介入治療中心,20-30,有，少被 call,中等,1:1案件,50-55,主管判斷,8,13,96,40,14,4,機會多,4,氣氛輕鬆,allow,,,,,
2025-10-24 20:42,地區醫院,東勢區農會附設農民醫院,胃鏡室,台中市,護理長,胃鏡室,5-8,無,無,1:3病人,45-50,主管判斷,4,5,109,46,16,4,機會多,3,加班頻率可接受,allow,,,,,
2025-10-24,區域醫院,長庚醫療財團法人基隆長庚紀念醫院及其情人湖院區,化療室,基隆市,N1,其他,8-12,有，少被 call,少量,1:1台,40-45,合理範圍給,6,11,91,38,14,3,難以升遷,2,人力嚴重不足,allow,,,,,
2025-10-24,醫學中心,臺北榮民總醫院,大腸鏡室,台北市,N3,內視鏡室,12-18,無,無,1:1台,45-50,一律給,1,8,114,48,17,4,機會多,3,護理長王〇〇每天在交班時點名罵人，副護理長也不敢講話。,block,揭露第三人身分,,,,
2025-10-23 21:10,醫學中心,衛生福利部雙和醫院(委託臺北醫學大學興建經營),內視鏡室,新北市,副護理長,內視鏡室,20-30,有，少被 call,無,1:3病人,45-50,合理範圍給,1,6,123,52,18,3,機會多,3,專科氣氛 OK,allow,,,,,
2025-10-23 20:56,醫學中心,國立臺灣大學醫學院附設醫院新竹臺大分院新竹醫院,支氣管鏡室,新竹市,N1,內視鏡室,8-12,有，少被 call,無,1:3病人,50-55,合理範圍給,5,1,107,45,16,4,普通,4,可學到很多技術,allow,,,,,
2025-10-23 20:36,醫學中心,臺中榮民總醫院,心導管室,台中市,N1,心導管室,30-50,有，少被 call,中等,1:3病人,45-50,合理範圍給,2,13,104,44,16,3,難以升遷,2,專科氣氛 OK,allow,,,,,
2025-10-23,區域醫院,臺北醫學大學附設醫院,化療室,台北市,N3,其他,30-50,無,少量,1:2台,40-45,合理範圍給,5,12,96,40,14,3,難以升遷,2,加班沒給,allow,,,,,
2025-10-23,醫學中心,醫療財團法人徐元智先生醫藥基金會亞東紀念醫院,血管攝影室,新北市,N0,血管攝影室,12-18,有，常被 call,高頻率,1:2台,50-55,合理範圍給,4,7,94,39,14,3,普通,2,加班頻率可接受,allow,,,,,
2025-10-23,醫學中心,台灣基督長老教會馬偕醫療財團法人馬偕兒童醫院,支氣管鏡室,台北市,N1,內視鏡室,5-8,有，少被 call,無,1:1台,45-50,主管判斷,7,6,93,39,14,4,機會多,4,薪資與制度都優,allow,,,,,
2025-10-22 11:59,醫學中心,臺中榮民總醫院,電燒室 (EP Lab),台中市,N3,電燒室 (EP Lab),20-30,有，常被 call,中等,1:1案件,50-55,一律給,3,7,116,49,17,4,普通,4,薪資與制度都優,allow,,,,,
2025-10-22 08:58,地區醫院,新高醫院,心導管室,高雄市,N1,心導管室,5-8,有，少被 call,中等,1:1案件,40-45,合理範圍給,2,8,74,31,11,4,普通,3,主管管太細,allow,,,,,
2025-10-22,區域醫院,衛生福利部彰化醫院,化療室,彰化縣,N1,其他,5-8,無,少量,1:2台,50-55,一律給,6,8,88,37,13,3,難以升遷,2,人力穩定但行政會議多,allow,,,,,
2025-10-22,區域醫院,長庚醫療財團法人基隆長庚紀念醫院及其情人湖院區,支氣管鏡室,基隆市,N0,內視鏡室,5-8,有，少被 call,無,1:2案件,45-50,一律給,2,1,85,36,13,3,機會多,3,加班頻率可接受,allow,,,,,
2025-10-22,醫學中心,長庚醫療財團法人高雄長庚紀念醫院,電燒室 (EP Lab),高雄市,N2,電燒室 (EP Lab),12-18,有，常被 call,高頻率,1:1案件,50-55,主管判斷,2,10,98,41,15,3,普通,3,訓練體系完整,allow,,,,,
2025-10-22,醫學中心,國立臺灣大學醫學院附設醫院兒童醫院,胃鏡室,台北市,N1,胃鏡室,30-50,無,無,1:2台,45-50,主管判斷,3,9,94,39,14,5,機會多,4,團隊互助強,allow,,,,,
2025-10-22,醫學中心,台灣基督長老教會馬偕醫療財團法人馬偕紀念醫院,電燒室 (EP Lab),台北市,N3,電燒室 (EP Lab),8-12,有，少被 call,高頻率,1:1案件,50-55,一律給,4,5,114,48,17,5,機會多,4,專科很強值得待,allow,,,,,
2025-10-21 17:40,醫學中心,長庚醫療財團法人高雄長庚紀念醫院,電燒室 (EP Lab),高雄市,N2,電燒室 (EP Lab),8-12,有，常被 call,高頻率,1:1台,50-55,主管判斷,5,4,113,47,17,5,機會多,5,,,,,,,
2025-10-21,區域醫院,新北市立聯合醫院及其板橋院區,電燒室 (EP Lab),新北市,副護理長,電燒室 (EP Lab),30-50,有，少被 call,中等,1:2台,40-45,主管判斷,2,12,102,43,15,4,機會多,3,團隊互助強,allow,,,,,
2025-10-21,地區醫院,新泰綜合醫院,高壓氧中心,新北市,N1,高壓氧,8-12,有，少被 call,無,1:1台,40-45,合理範圍給,7,5,78,33,12,4,機會多,4,主管支持度高,allow,,,,,
2025-10-21,醫學中心,國立臺灣大學醫學院附設醫院兒童醫院,內視鏡室,台北市,N3,內視鏡室,20-30,無,無,1:1台,45-50,合理範圍給,8,13,121,51,18,4,機會多,5,團隊互助強,allow,,,,,
2025-10-20 09:46,醫學中心,衛生福利部雙和醫院(委託臺北醫學大學興建經營),血管攝影室,新北市,專科護理師,血管攝影室,20-30,有，常被 call,高頻率,1:2案件,45-50,一律給,4,9,116,49,17,5,機會多,5,可學到很多技術,allow,,,,,
2025-10-20,醫學中心,國泰醫療財團法人國泰綜合醫院,放射治療室,台北市,N2,其他,5-8,有，常被 call,高頻率,1:2台,50-55,一律給,5,9,102,43,15,2,難以升遷,1,聽說主管會把加班時數改掉，申報的跟實際差很多。,review,不實指控,,,,
2025-10-20,醫學中心,台灣基督長老教會馬偕醫療財團法人淡水馬偕紀念醫院,大腸鏡室,新北市,N0,內視鏡室,5-8,無,無,1:2案件,45-50,合理範圍給,3,11,98,41,15,4,機會多,3,專科氣氛 OK,allow,,,,,
2025-10-20,區域醫院,振興醫療財團法人振興醫院,內視鏡室,台北市,N2,內視鏡室,30-50,無,無,1:2案件,45-50,一律給,8,10,96,40,14,2,難以升遷,1,人力嚴重不足,allow,,,,,
2025-10-19,地區醫院,瑞芳礦工醫院,介入治療中心,新北市,N3,介入治療中心,20-30,有，常被 call,高頻率,1:3病人,40-45,合理範圍給,5,4,85,36,13,3,機會多,3,案件量大但有規矩,allow,,,,,
2025-10-19,地區醫院,陳澤彥婦產科醫院,放射治療室,台南市,副護理長,其他,20-30,有，少被 call,中等,1:2台,45-50,主管判斷,5,4,97,41,15,4,普通,3,,,,,,,
2025-10-19,區域醫院,新北市立聯合醫院及其板橋院區,放射治療室,新北市,N0,其他,20-30,有，常被 call,高頻率,1:2案件,45-50,合理範圍給,7,13,77,32,12,4,機會多,3,可學到很多技術,allow,,,,,
2025-10-18,醫學中心,臺北市立萬芳醫院-委託臺北醫學大學辦理,心導管室,台北市,副護理長,心導管室,8-12,有，少被 call,高頻率,1:1台,45-50,合理範圍給,3,1,125,53,19,3,難以升遷,2,常被臨時調班,allow,,,,,
2025-10-18,醫學中心,中國醫藥大學兒童醫院,介入心臟室,台中市,N1,心導管室,8-12,有，常被 call,中等,1:2案件,40-45,一律給,8,7,103,43,15,5,機會多,4,,,,,,,
2025-10-17 23:28,區域醫院,國軍花蓮總醫院附設民眾診療服務處,介入治療中心,花蓮縣,N2,介入治療中心,12-18,有，少被 call,中等,1:2台,45-50,合理範圍給,5,8,85,36,13,3,難以升遷,2,新人訓練紮實,allow,,,,,
2025-10-17 22:47,地區醫院,大安醫院,心導管室,新竹縣,專科護理師,心導管室,8-12,有，少被 call,高頻率,1:1案件,45-50,合理範圍給,6,4,97,41,15,3,普通,3,案件量大但有規矩,allow,,,,,
2025-10-17 18:05,區域醫院,基督復臨安息日會醫療財團法人臺安醫院,化療室,台北市,護理長,其他,8-12,無,少量,1:1案件,40-45,合理範圍給,7,4,112,47,17,4,機會多,4,主管支持度高,allow,,,,,
2025-10-17 14:42,醫學中心,國泰醫療財團法人國泰綜合醫院,胃鏡室,台北市,N1,胃鏡室,5-8,有，少被 call,無,1:1案件,45-50,一律給,7,2,103,43,15,3,普通,3,團隊互助強,allow,,,,,
2025-10-17 07:42,醫學中心,醫療財團法人徐元智先生醫藥基金會亞東紀念醫院,血管攝影室,新北市,N2,血管攝影室,30-50,有，常被 call,高頻率,1:2台,40-45,合理範圍給,1,7,108,45,16,4,機會多,4,排班相對人性化,allow,,,,,
2025-10-17,區域醫院,三軍總醫院松山分院附設民眾診療服務處,放射治療室,台北市,專科護理師,其他,30-50,有，常被 call,中等,1:3病人,40-45,合理範圍給,2,7,100,42,15,4,普通,3,工時長但待遇可,allow,,,,,
2025-10-17,地區醫院,秀傳醫院,胃鏡室,台北市,N4,胃鏡室,20-30,有，少被 call,無,1:2台,50-55,一律給,2,8,99,42,15,4,普通,4,資深領班受重視,allow,,,,,
2025-10-17,地區醫院,財團法人台灣省私立桃園仁愛之家附設新竹新生醫院,支氣管鏡室,新竹市,N4,內視鏡室,30-50,無,無,1:2案件,40-45,合理範圍給,2,13,99,42,15,3,普通,2,人力極端不足,allow,,,,,
2025-10-16 23:18,醫學中心,台灣基督長老教會馬偕醫療財團法人馬偕兒童醫院,支氣管鏡室,台北市,N2,內視鏡室,8-12,無,無,1:3病人,50-55,合理範圍給,1,10,104,44,16,3,普通,2,夜班輪轉公平,allow,,,,,
2025-10-16 19:35,醫學中心,國泰醫療財團法人國泰綜合醫院,支氣管鏡室,台北市,N1,內視鏡室,20-30,無,無,1:1台,40-45,一律給,4,1,98,41,15,4,機會多,4,,,,,,,
2025-10-16,醫學中心,中國醫藥大學附設醫院,支氣管鏡室,台中市,N2,內視鏡室,20-30,無,無,1:1台,50-55,一律給,2,3,108,45,16,4,普通,4,資深領班受重視,allow,,,,,
2025-10-16,區域醫院,林新醫療社團法人林新醫院,大腸鏡室,台中市,N4,內視鏡室,12-18,無,無,1:2台,45-50,合理範圍給,7,1,110,46,17,4,機會多,3,兒科氣氛溫暖,allow,,,,,
2025-10-15 07:50,區域醫院,臺北市立聯合醫院忠孝院區,大腸鏡室,台北市,N0,內視鏡室,30-50,有，少被 call,無,1:2案件,45-50,合理範圍給,6,9,87,37,13,4,普通,4,同事關係好,allow,,,,,
2025-10-15,地區醫院,衛生福利部桃園醫院新屋分院,大腸鏡室,桃園市,護理長,內視鏡室,30-50,無,無,1:3病人,45-50,一律給,5,12,109,46,16,4,機會多,3,專科氣氛 OK,allow,,,,,
2025-10-14 22:42,醫學中心,台灣基督長老教會馬偕醫療財團法人淡水馬偕紀念醫院,高壓氧中心,新北市,N1,高壓氧,30-50,無,無,1:2台,45-50,合理範圍給,1,7,102,43,15,4,普通,4,,,,,,,
2025-10-14 19:56,醫學中心,國立台灣大學醫學院附設醫院,介入心臟室,台北市,N2,心導管室,30-50,有，常被 call,中等,1:3病人,50-55,合理範圍給,6,2,112,47,17,3,普通,3,專科很強值得待,allow,,,,,
2025-10-14 10:02,醫學中心,長庚醫療財團法人林口長庚紀念醫院,大腸鏡室,桃園市,N1,內視鏡室,30-50,無,無,1:2台,45-50,一律給,5,6,98,41,15,4,普通,3,可學到很多技術,allow,,,,,
2025-10-12 16:54,醫學中心,佛教慈濟醫療財團法人台北慈濟醫院,支氣管鏡室,新北市,N3,內視鏡室,20-30,無,無,1:2台,40-45,合理範圍給,4,3,113,47,17,4,機會多,3,aaaaaaa 測試測試 123456,block,亂填或無關,,,,
2025-10-12,醫學中心,衛生福利部雙和醫院(委託臺北醫學大學興建經營),心導管室,新北市,N4,心導管室,30-50,有，常被 call,中等,1:2案件,50-55,一律給,8,8,128,54,19,4,機會多,4,主管支持度高,allow,,,,,
2025-10-12,醫學中心,台灣基督長老教會馬偕醫療財團法人馬偕兒童醫院,高壓氧中心,台北市,N3,高壓氧,20-30,無,無,1:2台,40-45,主管判斷,6,12,123,52,18,4,機會多,3,團隊互助強,allow,,,,,
2025-10-12,醫學中心,醫療財團法人徐元智先生醫藥基金會亞東紀念醫院,心導管室,新北市,N1,心導管室,20-30,有，常被 call,中等,1:2案件,50-55,合理範圍給,3,7,105,44,16,4,機會多,4,,,,,,,
2025-10-12,醫學中心,奇美醫療財團法人奇美醫院及其樹林院區,介入治療中心,台南市,專科護理師,介入治療中心,12-18,有，少被 call,中等,1:1案件,45-50,合理範圍給,8,4,127,53,19,3,難以升遷,2,,,,,,,
2025-10-12,醫學中心,國立臺灣大學醫學院附設醫院新竹臺大分院新竹醫院,化療室,新竹市,N1,其他,8-12,無,少量,1:1案件,50-55,合理範圍給,4,3,92,39,14,4,機會多,3,兒科氣氛溫暖,allow,,,,,
2025-10-11 09:45,區域醫院,佛教慈濟醫療財團法人台中慈濟醫院,心導管室,台中市,N2,心導管室,20-30,有，常被 call,高頻率,1:2案件,45-50,合理範圍給,7,3,87,37,13,4,普通,3,專科很強值得待,allow,,,,,
2025-10-10 23:49,醫學中心,台灣基督長老教會馬偕醫療財團法人馬偕紀念醫院,電燒室 (EP Lab),台北市,N1,電燒室 (EP Lab),12-18,有，少被 call,高頻率,1:1台,40-45,一律給,1,10,105,44,16,4,普通,4,,,,,,,
2025-10-10 19:42,區域醫院,天主教耕莘醫療財團法人耕莘醫院,電燒室 (EP Lab),新北市,專科護理師,電燒室 (EP Lab),8-12,有，常被 call,高頻率,1:1台,45-50,一律給,4,2,108,45,16,5,普通,4,排班相對人性化,allow,,,,,
2025-10-10 11:12,醫學中心,義大醫療財團法人義大醫院,支氣管鏡室,高雄市,N1,內視鏡室,20-30,無,無,1:1台,40-45,主管判斷,8,7,107,45,16,4,機會多,3,,,,,,,
2025-10-10,醫學中心,中國醫藥大學兒童醫院,支氣管鏡室,台中市,N1,內視鏡室,12-18,無,無,1:3病人,40-45,合理範圍給,4,8,101,42,15,4,普通,4,薪資與制度都優,allow,,,,,
2025-10-09 22:26,地區醫院,台新醫院,內視鏡室,台中市,N1,內視鏡室,30-50,有，少被 call,無,1:2案件,40-45,一律給,5,6,77,32,12,4,機會多,3,工時長但待遇可,allow,,,,,
2025-10-09 17:04,區域醫院,屏基醫療財團法人屏東基督教醫院及其瑞光院區,內視鏡室,屏東縣,N2,內視鏡室,20-30,無,無,1:1案件,45-50,合理範圍給,3,5,94,39,14,5,機會多,4,案件多但學得快,allow,,,,,
2025-10-09 11:11,區域醫院,衛生福利部彰化醫院,大腸鏡室,彰化縣,N0,內視鏡室,20-30,有，少被 call,無,1:3病人,40-45,合理範圍給,2,1,87,37,13,3,普通,3,資深領班受重視,allow,,,,,
2025-10-08 20:41,地區醫院,建佑醫院,介入治療中心,高雄市,專科護理師,介入治療中心,20-30,有，少被 call,高頻率,1:2案件,50-55,一律給,4,7,90,38,14,4,機會多,4,同事關係好,allow,,,,,
2025-10-08,區域醫院,三軍總醫院松山分院附設民眾診療服務處,介入心臟室,台北市,N2,心導管室,30-50,有，少被 call,高頻率,1:2台,40-45,合理範圍給,5,11,96,40,14,3,普通,3,加班頻率可接受,allow,,,,,
2025-10-08,區域醫院,國泰醫療財團法人汐止國泰綜合醫院,大腸鏡室,新北市,N0,內視鏡室,12-18,無,無,1:3病人,40-45,主管判斷,3,4,72,30,11,3,普通,3,夜班輪轉公平,allow,,,,,
2025-10-07 23:18,醫學中心,醫療財團法人徐元智先生醫藥基金會亞東紀念醫院,化療室,新北市,N4,其他,5-8,無,少量,1:3病人,50-55,一律給,5,10,136,57,20,4,普通,4,安寧團隊互相 support,allow,,,,,
2025-10-07,區域醫院,亞洲大學附屬醫院,胃鏡室,台中市,N4,胃鏡室,20-30,無,無,1:2案件,45-50,一律給,5,3,117,49,18,4,機會多,3,薪資與制度都優,allow,,,,,
2025-10-07,醫學中心,國立臺灣大學醫學院附設醫院新竹臺大分院新竹醫院,電燒室 (EP Lab),新竹市,專科護理師,電燒室 (EP Lab),12-18,有，少被 call,高頻率,1:2台,45-50,合理範圍給,5,12,124,52,19,4,機會多,3,可學到很多技術,allow,,,,,
2025-10-06 12:14,醫學中心,佛教慈濟醫療財團法人花蓮慈濟醫院,心導管室,花蓮縣,N3,心導管室,12-18,有，常被 call,中等,1:1台,40-45,一律給,8,13,123,52,18,4,機會多,3,,,,,,,
2025-10-06,地區醫院,達明眼科醫院,胃鏡室,台中市,護理長,胃鏡室,8-12,無,無,1:1台,45-50,主管判斷,8,1,110,46,17,3,難以升遷,2,加班沒給,allow,,,,,
2025-10-06,區域醫院,秀傳醫療社團法人秀傳紀念醫院,內視鏡室,彰化縣,N1,內視鏡室,20-30,無,無,1:1台,45-50,主管判斷,7,1,85,36,13,4,普通,3,訓練體系完整,allow,,,,,
2025-10-05 20:55,醫學中心,佛教慈濟醫療財團法人花蓮慈濟醫院,介入治療中心,花蓮縣,N1,介入治療中心,30-50,有，常被 call,中等,1:2台,45-50,合理範圍給,4,5,99,42,15,4,普通,3,專科氣氛 OK,allow,,,,,
2025-10-05 18:35,醫學中心,臺北市立萬芳醫院-委託臺北醫學大學辦理,血管攝影室,台北市,N2,血管攝影室,12-18,有，少被 call,中等,1:1台,50-55,合理範圍給,6,9,97,41,15,4,機會多,3,同事關係好,allow,,,,,
2025-10-05,醫學中心,國泰醫療財團法人國泰綜合醫院,心導管室,台北市,N1,心導管室,30-50,有，少被 call,高頻率,1:1案件,50-55,主管判斷,3,1,107,45,16,4,普通,3,加班頻率可接受,allow,,,,,
2025-10-05,地區醫院,全生醫院,血管攝影室,雲林縣,N2,血管攝影室,8-12,有，少被 call,高頻率,1:1案件,50-55,合理範圍給,2,10,75,32,11,3,機會多,3,薪資與制度都優,allow,,,,,
2025-10-05,地區醫院,大明醫院,介入心臟室,桃園市,專科護理師,心導管室,5-8,有，少被 call,高頻率,1:1台,40-45,合理範圍給,7,2,95,40,14,3,普通,2,加班頻率可接受,allow,,,,,
2025-10-04,區域醫院,台灣基督長老教會馬偕醫療財團法人新竹馬偕紀念醫院,支氣管鏡室,新竹市,N4,內視鏡室,8-12,有，少被 call,無,1:2台,45-50,合理範圍給,5,6,114,48,17,3,機會多,3,專科氣氛 OK,allow,,,,,
2025-10-03,醫學中心,國立成功大學醫學院附設醫院,電燒室 (EP Lab),台南市,N1,電燒室 (EP Lab),20-30,有，常被 call,中等,1:1案件,50-55,合理範圍給,4,13,108,45,16,4,機會多,3,我們單位缺人快來，加 LINE 問我，介紹有獎金。,block,廣告或招攬,,,,
2025-10-02,地區醫院,法務部矯正署臺中監獄附設培德醫院,胃鏡室,台中市,N3,胃鏡室,8-12,無,無,1:1案件,45-50,合理範圍給,1,11,81,34,12,4,機會多,3,中部醫院 case 量適中,allow,,,,,
2025-10-02,區域醫院,臺北市立聯合醫院陽明院區,化療室,台北市,N1,其他,5-8,有，少被 call,少量,1:2案件,45-50,合理範圍給,5,2,83,35,12,3,機會多,3,加班頻率可接受,allow,,,,,
2025-10-01 23:53,醫學中心,長庚醫療財團法人高雄長庚紀念醫院,電燒室 (EP Lab),高雄市,專科護理師,電燒室 (EP Lab),8-12,有，常被 call,高頻率,1:2案件,50-55,一律給,5,3,116,49,17,4,機會多,3,案件量大但有規矩,allow,,,,,
2025-10-01 13:50,醫學中心,佛教慈濟醫療財團法人花蓮慈濟醫院,血管攝影室,花蓮縣,護理長,血管攝影室,5-8,有，常被 call,高頻率,1:1案件,45-50,一律給,2,13,142,60,21,4,機會多,4,專科很強值得待,allow,,,,,
2025-10-01 12:33,醫學中心,國泰醫療財團法人國泰綜合醫院,放射治療室,台北市,N3,其他,5-8,有，少被 call,中等,1:2案件,40-45,主管判斷,4,1,115,48,17,5,普通,5,,,,,,,
2025-10-01,醫學中心,臺中榮民總醫院,高壓氧中心,台中市,N2,高壓氧,5-8,無,無,1:2案件,45-50,合理範圍給,6,5,98,41,15,3,難以升遷,2,新人零保護,allow,,,,,
2025-10-01,區域醫院,亞洲大學附屬醫院,放射治療室,台中市,N1,其他,8-12,有，少被 call,中等,1:1案件,40-45,主管判斷,8,5,88,37,13,4,機會多,5,安寧團隊互相 support,allow,,,,,
2025-10-01,醫學中心,長庚醫療財團法人台北長庚紀念醫院,胃鏡室,台北市,N2,胃鏡室,12-18,無,無,1:1台,50-55,合理範圍給,6,3,97,41,15,4,機會多,4,排班相對人性化,allow,,,,,
2025-10-01,醫學中心,醫療財團法人徐元智先生醫藥基金會亞東紀念醫院,放射治療室,新北市,N3,其他,5-8,有，少被 call,高頻率,1:1案件,45-50,合理範圍給,7,12,111,47,17,3,難以升遷,2,主管偏心嚴重,allow,,,,,
2025-09-30 18:09,醫學中心,三軍總醫院附設民眾診療服務處及其汀州院區,胃鏡室,台北市,N4,胃鏡室,5-8,無,無,1:2台,45-50,一律給,5,1,136,57,20,4,機會多,4,訓練體系完整,allow,,,,,
2025-09-30 10:34,醫學中心,長庚醫療財團法人台北長庚紀念醫院,介入治療中心,台北市,N1,介入治療中心,8-12,有，常被 call,高頻率,1:2案件,50-55,一律給,8,2,99,42,15,4,普通,3,,,,,,,
2025-09-30 09:53,區域醫院,國立臺灣大學醫學院附設醫院雲林分院及其虎尾院區,胃鏡室,雲林縣,N1,胃鏡室,5-8,無,無,1:3病人,40-45,合理範圍給,5,1,93,39,14,4,機會多,3,主管支持度高,allow,,,,,
2025-09-30 09:10,區域醫院,佛教慈濟醫療財團法人大林慈濟醫院,血管攝影室,嘉義縣,專科護理師,血管攝影室,20-30,有，常被 call,高頻率,1:1案件,40-45,合理範圍給,8,5,100,42,15,3,普通,2,新人訓練紮實,allow,,,,,
2025-09-30,醫學中心,中國醫藥大學兒童醫院,心導管室,台中市,N3,心導管室,8-12,有，常被 call,高頻率,1:2案件,40-45,一律給,3,2,119,50,18,4,機會多,4,薪資與制度都優,allow,,,,,
2025-09-30,醫學中心,台灣基督長老教會馬偕醫療財團法人馬偕兒童醫院,支氣管鏡室,台北市,N1,內視鏡室,12-18,無,無,1:1案件,40-45,合理範圍給,5,7,103,43,15,4,普通,4,氣氛輕鬆,allow,,,,,
2025-09-30,區域醫院,屏東榮民總醫院,介入治療中心,屏東縣,專科護理師,介入治療中心,5-8,有，常被 call,高頻率,1:1台,45-50,合理範圍給,7,2,97,41,15,4,機會多,4,可學到很多技術,allow,,,,,
2025-09-29 09:24,醫學中心,義大醫療財團法人義大醫院,電燒室 (EP Lab),高雄市,N0,電燒室 (EP Lab),8-12,有，少被 call,高頻率,1:2案件,45-50,合理範圍給,1,4,95,40,14,5,機會多,5,安寧團隊互相 support,allow,,,,,
2025-09-28 12:32,區域醫院,義大醫療財團法人義大癌治療醫院,支氣管鏡室,高雄市,N2,內視鏡室,20-30,有，少被 call,無,1:2台,45-50,合理範圍給,3,8,88,37,13,3,難以升遷,2,leader 形同虛設,allow,,,,,
2025-09-28 12:27,醫學中心,長庚醫療財團法人高雄長庚紀念醫院,血管攝影室,高雄市,N3,血管攝影室,8-12,有，常被 call,中等,1:1案件,50-55,合理範圍給,8,6,107,45,16,4,機會多,3,中部醫院 case 量適中,allow,,,,,
2025-09-28,地區醫院,仁愛醫院,介入治療中心,新北市,N3,介入治療中心,20-30,有，常被 call,中等,1:2台,45-50,主管判斷,1,10,82,34,12,4,機會多,4,同事關係好,allow,,,,,
2025-09-28,醫學中心,高雄榮民總醫院,電燒室 (EP Lab),高雄市,N3,電燒室 (EP Lab),5-8,有，少被 call,中等,1:2案件,50-55,主管判斷,4,3,120,50,18,3,機會多,3,資深領班受重視,allow,,,,,
2025-09-28,醫學中心,臺中榮民總醫院,胃鏡室,台中市,N0,胃鏡室,12-18,無,無,1:2台,45-50,合理範圍給,5,8,93,39,14,3,機會多,3,氣氛輕鬆,allow,,,,,
2025-09-28,醫學中心,佛教慈濟醫療財團法人花蓮慈濟醫院,心導管室,花蓮縣,N0,心導管室,30-50,有，少被 call,中等,1:2台,45-50,主管判斷,5,1,96,40,14,4,機會多,4,,,,,,,
2025-09-27 22:45,醫學中心,佛教慈濟醫療財團法人花蓮慈濟醫院,胃鏡室,花蓮縣,N0,胃鏡室,5-8,無,無,1:2案件,45-50,主管判斷,3,11,100,42,15,4,機會多,4,專科很強值得待,allow,,,,,
2025-09-27 15:30,醫學中心,台灣基督長老教會馬偕醫療財團法人淡水馬偕紀念醫院,血管攝影室,新北市,N1,血管攝影室,20-30,有，少被 call,高頻率,1:1台,40-45,合理範圍給,1,12,99,42,15,4,普通,3,排班相對人性化,allow,,,,,
2025-09-27,地區醫院,祐民醫院,胃鏡室,桃園市,N3,胃鏡室,12-18,無,無,1:2台,50-55,一律給,6,6,87,37,13,3,難以升遷,2,加班頻率可接受,allow,,,,,
2025-09-26 23:57,醫學中心,長庚醫療財團法人林口長庚紀念醫院,放射治療室,桃園市,護理長,其他,20-30,有，常被 call,中等,1:2案件,40-45,合理範圍給,1,6,129,54,19,3,普通,2,主管常 stand-by 不夠,allow,,,,,
2025-09-26 19:37,醫學中心,彰化基督教醫療財團法人彰化基督教醫院,胃鏡室,彰化縣,副護理長,胃鏡室,5-8,有，少被 call,無,1:2案件,45-50,主管判斷,3,11,119,50,18,3,普通,2,加班頻率可接受,allow,,,,,
2025-09-26 16:39,醫學中心,彰化基督教醫療財團法人彰化基督教醫院,電燒室 (EP Lab),彰化縣,副護理長,電燒室 (EP Lab),12-18,有，少被 call,中等,1:3病人,50-55,一律給,1,11,118,50,18,3,普通,3,,,,,,,
2025-09-26 11:49,區域醫院,秀傳醫療社團法人秀傳紀念醫院,電燒室 (EP Lab),彰化縣,護理長,電燒室 (EP Lab),8-12,有，常被 call,高頻率,1:2台,45-50,合理範圍給,8,13,121,51,18,5,普通,5,安寧團隊互相 support,allow,,,,,
2025-09-26,區域醫院,國軍左營總醫院附設民眾診療服務處,介入心臟室,高雄市,N2,心導管室,12-18,有，少被 call,中等,1:1案件,45-50,一律給,7,4,89,37,13,3,普通,3,排班相對人性化,allow,,,,,
2025-09-26,醫學中心,臺北市立萬芳醫院-委託臺北醫學大學辦理,介入心臟室,台北市,N1,心導管室,8-12,有，少被 call,中等,1:3病人,40-45,合理範圍給,4,1,96,40,14,3,機會多,3,工時長但待遇可,allow,,,,,
2025-09-26,醫學中心,彰化基督教醫療財團法人彰化基督教兒童醫院,支氣管鏡室,彰化縣,N0,內視鏡室,8-12,無,無,1:2台,45-50,合理範圍給,2,6,96,40,14,4,機會多,3,可學到很多技術,allow,,,,,
2025-09-25 13:07,醫學中心,財團法人私立高雄醫學大學附設中和紀念醫院,支氣管鏡室,高雄市,N3,內視鏡室,12-18,無,無,1:1案件,45-50,主管判斷,6,12,109,46,16,4,機會多,3,中部醫院 case 量適中,allow,,,,,
2025-09-25 11:08,醫學中心,高雄榮民總醫院,化療室,高雄市,N2,其他,12-18,有，少被 call,少量,1:2台,45-50,主管判斷,3,6,103,43,15,4,機會多,3,薪資與制度都優,allow,,,,,
2025-09-25,醫學中心,台灣基督長老教會馬偕醫療財團法人馬偕紀念醫院,大腸鏡室,台北市,N2,內視鏡室,5-8,有，少被 call,無,1:1案件,45-50,一律給,2,13,112,47,17,3,難以升遷,2,夜班輪轉公平,allow,,,,,
2025-09-25,醫學中心,長庚醫療財團法人台北長庚紀念醫院,介入治療中心,台北市,N2,介入治療中心,20-30,有，常被 call,中等,1:2案件,45-50,合理範圍給,7,1,105,44,16,5,普通,4,,,,,,,
2025-09-25,醫學中心,財團法人私立高雄醫學大學附設中和紀念醫院,電燒室 (EP Lab),高雄市,副護理長,電燒室 (EP Lab),12-18,有，少被 call,中等,1:2案件,50-55,一律給,4,11,133,56,20,4,普通,4,排班相對人性化,allow,,,,,
2025-09-25,區域醫院,衛生福利部屏東醫院,放射治療室,屏東縣,專科護理師,其他,30-50,有，少被 call,中等,1:3病人,50-55,合理範圍給,8,1,103,43,15,4,普通,4,兒科氣氛溫暖,allow,,,,,
2025-09-24,區域醫院,衛生福利部彰化醫院,化療室,彰化縣,護理長,其他,5-8,有，少被 call,少量,1:2台,45-50,一律給,3,9,114,48,17,3,難以升遷,2,人力極端不足,allow,,,,,
2025-09-24,區域醫院,國泰醫療財團法人汐止國泰綜合醫院,介入心臟室,新北市,N1,心導管室,5-8,有，常被 call,中等,1:2案件,40-45,合理範圍給,6,5,92,39,14,4,機會多,4,安寧團隊互相 support,allow,,,,,
2025-09-23 21:44,醫學中心,奇美醫療財團法人奇美醫院及其樹林院區,高壓氧中心,台南市,副護理長,高壓氧,30-50,有，少被 call,無,1:1台,50-55,主管判斷,1,6,128,54,19,4,機會多,4,薪資與制度都優,allow,,,,,
2025-09-23 15:21,醫學中心,佛教慈濟醫療財團法人花蓮慈濟醫院,血管攝影室,花蓮縣,N1,血管攝影室,20-30,有，少被 call,高頻率,1:3病人,45-50,主管判斷,6,12,106,45,16,5,機會多,4,薪資與制度都優,allow,,,,,
2025-09-23 10:05,區域醫院,義大醫療財團法人義大癌治療醫院,化療室,高雄市,N3,其他,20-30,有，少被 call,少量,1:2案件,40-45,合理範圍給,3,5,107,45,16,4,機會多,3,可學到很多技術,allow,,,,,
2025-09-23 08:36,區域醫院,天主教靈醫會醫療財團法人羅東聖母醫院,高壓氧中心,宜蘭縣,N3,高壓氧,12-18,無,無,1:1案件,45-50,合理範圍給,3,10,100,42,15,4,機會多,4,排班相對人性化,allow,,,,,
2025-09-23,醫學中心,中山醫學大學附設醫院,化療室,台中市,專科護理師,其他,5-8,有，少被 call,少量,1:2台,40-45,一律給,3,12,112,47,17,3,機會多,3,專科氣氛 OK,allow,,,,,
2025-09-22 13:30,醫學中心,新光醫療財團法人新光吳火獅紀念醫院,電燒室 (EP Lab),台北市,N4,電燒室 (EP Lab),8-12,有，少被 call,高頻率,1:2案件,45-50,合理範圍給,5,4,126,53,19,3,普通,3,團隊互助強,allow,,,,,
2025-09-22 11:31,醫學中心,義大醫療財團法人義大醫院,血管攝影室,高雄市,N3,血管攝影室,8-12,有，常被 call,高頻率,1:1案件,45-50,主管判斷,3,12,119,50,18,3,機會多,3,可學到很多技術,allow,,,,,
2025-09-22,醫學中心,醫療財團法人徐元智先生醫藥基金會亞東紀念醫院,電燒室 (EP Lab),新北市,N1,電燒室 (EP Lab),8-12,有，常被 call,高頻率,1:2台,45-50,合理範圍給,6,5,96,40,14,4,機會多,4,排班相對人性化,allow,,,,,
2025-09-22,醫學中心,台灣基督長老教會馬偕醫療財團法人馬偕兒童醫院,支氣管鏡室,台北市,N2,內視鏡室,30-50,無,無,1:2案件,50-55,主管判斷,3,7,112,47,17,5,普通,5,我們單位缺人快來，加 LINE 問我，介紹有獎金。,block,廣告或招攬,,,,
2025-09-21 08:37,醫學中心,中國醫藥大學附設醫院,高壓氧中心,台中市,N0,高壓氧,5-8,有，少被 call,無,1:1案件,40-45,主管判斷,1,10,89,37,13,4,普通,4,,,,,,,
2025-09-21 07:33,醫學中心,長庚醫療財團法人高雄長庚紀念醫院,放射治療室,高雄市,專科護理師,其他,8-12,有，常被 call,高頻率,1:1案件,40-45,一律給,1,1,115,48,17,3,難以升遷,2,leader 形同虛設,allow,,,,,
2025-09-21,醫學中心,財團法人私立高雄醫學大學附設中和紀念醫院,化療室,高雄市,N1,其他,30-50,有，少被 call,少量,1:2案件,45-50,合理範圍給,3,9,93,39,14,3,普通,3,專科很強值得待,allow,,,,,
2025-09-20 08:33,區域醫院,沙爾德聖保祿修女會醫療財團法人聖保祿醫院,介入治療中心,桃園市,N2,介入治療中心,12-18,有，常被 call,高頻率,1:1案件,50-55,一律給,2,10,84,35,13,3,難以升遷,2,沒人沒錢沒尊重,allow,,,,,
2025-09-20,區域醫院,澄清綜合醫院中港分院,支氣管鏡室,台中市,專科護理師,內視鏡室,8-12,無,無,1:2案件,45-50,合理範圍給,6,10,112,47,17,3,機會多,3,人力穩定但行政會議多,allow,,,,,
2025-09-20,區域醫院,埔基醫療財團法人埔里基督教醫院,內視鏡室,南投縣,N1,內視鏡室,20-30,有，少被 call,無,1:2案件,45-50,主管判斷,1,12,86,36,13,3,普通,3,案件量大但有規矩,allow,,,,,
2025-09-20,區域醫院,屏東榮民總醫院,高壓氧中心,屏東縣,N2,高壓氧,20-30,無,無,1:3病人,40-45,一律給,3,9,85,36,13,4,機會多,3,新人訓練紮實,allow,,,,,
2025-09-19 18:02,區域醫院,臺北榮民總醫院桃園分院,電燒室 (EP Lab),桃園市,護理長,電燒室 (EP Lab),8-12,有，少被 call,高頻率,1:2台,45-50,合理範圍給,2,5,122,51,18,3,機會多,3,門診作息穩定,allow,,,,,
2025-09-19,地區醫院,員榮醫療社團法人員榮醫院及其員生院區,放射治療室,彰化縣,N4,其他,5-8,有，常被 call,中等,1:3病人,40-45,一律給,5,11,98,41,15,4,普通,4,專科很強值得待,allow,,,,,
2025-09-19,醫學中心,彰化基督教醫療財團法人彰化基督教兒童醫院,大腸鏡室,彰化縣,N3,內視鏡室,8-12,有，少被 call,無,1:2台,45-50,合理範圍給,1,8,111,47,17,4,普通,4,,,,,,,
2025-09-19,醫學中心,長庚醫療財團法人高雄長庚紀念醫院,支氣管鏡室,高雄市,專科護理師,內視鏡室,30-50,無,無,1:2案件,45-50,合理範圍給,3,6,112,47,17,4,普通,3,同事關係好,allow,,,,,
2025-09-18 09:34,醫學中心,長庚醫療財團法人高雄長庚紀念醫院,高壓氧中心,高雄市,N1,高壓氧,5-8,無,無,1:1台,45-50,主管判斷,1,8,106,45,16,3,難以升遷,2,新人訓練紮實,allow,,,,,
2025-09-18,區域醫院,國立臺灣大學醫學院附設醫院癌醫中心分院,放射治療室,台北市,N2,其他,12-18,有，少被 call,中等,1:3病人,45-50,一律給,7,4,97,41,15,4,機會多,4,,,,,,,
2025-09-18,區域醫院,寶建醫療社團法人寶建醫院,介入治療中心,屏東縣,N1,介入治療中心,30-50,有，少被 call,中等,1:1台,50-55,主管判斷,3,7,83,35,12,3,機會多,3,訓練體系完整,allow,,,,,
2025-09-17,區域醫院,輔仁大學學校財團法人輔仁大學附設醫院,高壓氧中心,新北市,N2,高壓氧,30-50,無,無,1:2台,50-55,一律給,8,2,87,37,13,3,普通,3,主管管太細,allow,,,,,
2025-09-17,區域醫院,聯新國際醫院,化療室,桃園市,N1,其他,8-12,無,少量,1:1案件,45-50,主管判斷,4,9,90,38,14,4,普通,3,夜班輪轉公平,allow,,,,,
2025-09-17,醫學中心,國立成功大學醫學院附設醫院,高壓氧中心,台南市,專科護理師,高壓氧,5-8,無,無,1:3病人,45-50,主管判斷,1,4,116,49,17,3,機會多,3,同事關係好,allow,,,,,
2025-09-17,區域醫院,秀傳醫療財團法人彰濱秀傳紀念醫院,介入心臟室,彰化縣,N1,心導管室,12-18,有，少被 call,高頻率,1:1案件,40-45,合理範圍給,8,13,92,39,14,4,機會多,4,案件多但學得快,allow,,,,,
2025-09-17,醫學中心,彰化基督教醫療財團法人彰化基督教兒童醫院,電燒室 (EP Lab),彰化縣,N3,電燒室 (EP Lab),8-12,有，常被 call,中等,1:1台,50-55,主管判斷,6,3,116,49,17,4,機會多,4,氣氛輕鬆,allow,,,,,
2025-09-17,醫學中心,國立臺灣大學醫學院附設醫院新竹臺大分院新竹醫院,血管攝影室,新竹市,N2,血管攝影室,5-8,有，少被 call,高頻率,1:2台,40-45,合理範圍給,4,1,113,47,17,4,機會多,4,薪資與制度都優,allow,,,,,
2025-09-16 22:14,醫學中心,國立臺灣大學醫學院附設醫院新竹臺大分院新竹醫院,介入心臟室,新竹市,N2,心導管室,12-18,有，常被 call,高頻率,1:2案件,45-50,合理範圍給,2,5,112,47,17,3,難以升遷,2,加班沒給,allow,,,,,
2025-09-16 17:04,醫學中心,國立臺灣大學醫學院附設醫院兒童醫院,介入心臟室,台北市,N2,心導管室,12-18,有，少被 call,高頻率,1:2案件,45-50,合理範圍給,6,5,109,46,16,3,普通,2,常被臨時調班,allow,,,,,
2025-09-16 10:35,醫學中心,台灣基督長老教會馬偕醫療財團法人淡水馬偕紀念醫院,放射治療室,新北市,專科護理師,其他,20-30,有，常被 call,中等,1:1台,45-50,合理範圍給,4,8,127,53,19,4,機會多,3,訓練體系完整,allow,,,,,
2025-09-16 08:35,醫學中心,新光醫療財團法人新光吳火獅紀念醫院,心導管室,台北市,N2,心導管室,5-8,有，常被 call,高頻率,1:3病人,45-50,合理範圍給,8,13,113,47,17,4,機會多,4,,,,,,,
2025-09-16,醫學中心,三軍總醫院附設民眾診療服務處及其汀州院區,內視鏡室,台北市,N1,內視鏡室,8-12,無,無,1:2台,45-50,合理範圍給,2,3,101,42,15,4,普通,4,薪資與制度都優,allow,,,,,
2025-09-16,區域醫院,衛生福利部臺南醫院,大腸鏡室,台南市,N3,內視鏡室,5-8,有，少被 call,無,1:2台,45-50,主管判斷,7,6,105,44,16,4,機會多,4,團隊互助強,allow,,,,,
